hits,misses,mode,iteration,latency_us
1,7,cpu_base,0,144
1,7,cpu_base,1,154
1,7,cpu_base,2,201
1,7,cpu_base,3,193
1,7,cpu_base,4,202
1,7,cpu_base,5,160
1,7,cpu_base,6,150
1,7,cpu_base,7,151
1,7,cpu_base,8,154
1,7,cpu_base,9,151
1,7,cpu_base,10,150
1,7,cpu_base,11,190
1,7,cpu_base,12,149
1,7,cpu_base,13,154
1,7,cpu_base,14,165
1,7,cpu_base,15,151
1,7,cpu_base,16,158
1,7,cpu_base,17,150
1,7,cpu_base,18,147
1,7,cpu_base,19,147
1,7,cpu_base,20,146
1,7,cpu_base,21,148
1,7,cpu_base,22,149
1,7,cpu_base,23,146
1,7,cpu_base,24,145
1,7,cpu_base,25,154
1,7,cpu_base,26,149
1,7,cpu_base,27,150
1,7,cpu_base,28,146
1,7,cpu_base,29,155
1,7,cpu_base,30,145
1,7,cpu_base,31,148
1,7,cpu_base,32,144
1,7,cpu_base,33,144
1,7,cpu_base,34,145
1,7,cpu_base,35,151
1,7,cpu_base,36,145
1,7,cpu_base,37,144
1,7,cpu_base,38,145
1,7,cpu_base,39,146
1,7,cpu_base,40,150
1,7,cpu_base,41,148
1,7,cpu_base,42,148
1,7,cpu_base,43,148
1,7,cpu_base,44,152
1,7,cpu_base,45,144
1,7,cpu_base,46,144
1,7,cpu_base,47,144
1,7,cpu_base,48,145
1,7,cpu_base,49,144
1,7,cpu_base,50,144
1,7,cpu_base,51,148
1,7,cpu_base,52,145
1,7,cpu_base,53,144
1,7,cpu_base,54,151
1,7,cpu_base,55,145
1,7,cpu_base,56,151
1,7,cpu_base,57,145
1,7,cpu_base,58,153
1,7,cpu_base,59,144
1,7,cpu_base,60,142
1,7,cpu_base,61,144
1,7,cpu_base,62,148
1,7,cpu_base,63,145
1,7,cpu_base,64,145
1,7,cpu_base,65,145
1,7,cpu_base,66,144
1,7,cpu_base,67,147
1,7,cpu_base,68,149
1,7,cpu_base,69,144
1,7,cpu_base,70,148
1,7,cpu_base,71,144
1,7,cpu_base,72,147
1,7,cpu_base,73,144
1,7,cpu_base,74,143
1,7,cpu_base,75,144
1,7,cpu_base,76,148
1,7,cpu_base,77,145
1,7,cpu_base,78,144
1,7,cpu_base,79,144
1,7,cpu_base,80,143
1,7,cpu_base,81,146
1,7,cpu_base,82,149
1,7,cpu_base,83,153
1,7,cpu_base,84,148
1,7,cpu_base,85,187
1,7,cpu_base,86,147
1,7,cpu_base,87,144
1,7,cpu_base,88,144
1,7,cpu_base,89,144
1,7,cpu_base,90,143
1,7,cpu_base,91,154
1,7,cpu_base,92,146
1,7,cpu_base,93,144
1,7,cpu_base,94,145
1,7,cpu_base,95,148
1,7,cpu_base,96,164
1,7,cpu_base,97,150
1,7,cpu_base,98,420
1,7,cpu_base,99,290
1,7,cpu_base,100,269
1,7,cpu_base,101,235
1,7,cpu_base,102,203
1,7,cpu_base,103,294
1,7,cpu_base,104,215
1,7,cpu_base,105,147
1,7,cpu_base,106,159
1,7,cpu_base,107,147
1,7,cpu_base,108,147
1,7,cpu_base,109,147
1,7,cpu_base,110,150
1,7,cpu_base,111,147
1,7,cpu_base,112,147
1,7,cpu_base,113,177
1,7,cpu_base,114,158
1,7,cpu_base,115,167
1,7,cpu_base,116,175
1,7,cpu_base,117,146
1,7,cpu_base,118,146
1,7,cpu_base,119,152
1,7,cpu_base,120,145
1,7,cpu_base,121,147
1,7,cpu_base,122,150
1,7,cpu_base,123,150
1,7,cpu_base,124,146
1,7,cpu_base,125,147
1,7,cpu_base,126,145
1,7,cpu_base,127,150
1,7,cpu_base,128,152
1,7,cpu_base,129,152
1,7,cpu_base,130,145
1,7,cpu_base,131,148
1,7,cpu_base,132,153
1,7,cpu_base,133,145
1,7,cpu_base,134,146
1,7,cpu_base,135,145
1,7,cpu_base,136,150
1,7,cpu_base,137,151
1,7,cpu_base,138,145
1,7,cpu_base,139,146
1,7,cpu_base,140,148
1,7,cpu_base,141,146
1,7,cpu_base,142,154
1,7,cpu_base,143,147
1,7,cpu_base,144,144
1,7,cpu_base,145,147
1,7,cpu_base,146,152
1,7,cpu_base,147,145
1,7,cpu_base,148,145
1,7,cpu_base,149,149
1,7,cpu_base,150,146
1,7,cpu_base,151,145
1,7,cpu_base,152,150
1,7,cpu_base,153,146
1,7,cpu_base,154,151
1,7,cpu_base,155,162
1,7,cpu_base,156,149
1,7,cpu_base,157,147
1,7,cpu_base,158,143
1,7,cpu_base,159,152
1,7,cpu_base,160,145
1,7,cpu_base,161,146
1,7,cpu_base,162,146
1,7,cpu_base,163,149
1,7,cpu_base,164,152
1,7,cpu_base,165,165
1,7,cpu_base,166,236
1,7,cpu_base,167,250
1,7,cpu_base,168,245
1,7,cpu_base,169,209
1,7,cpu_base,170,151
1,7,cpu_base,171,145
1,7,cpu_base,172,143
1,7,cpu_base,173,149
1,7,cpu_base,174,150
1,7,cpu_base,175,150
1,7,cpu_base,176,146
1,7,cpu_base,177,144
1,7,cpu_base,178,172
1,7,cpu_base,179,155
1,7,cpu_base,180,170
1,7,cpu_base,181,150
1,7,cpu_base,182,148
1,7,cpu_base,183,153
1,7,cpu_base,184,146
1,7,cpu_base,185,146
1,7,cpu_base,186,147
1,7,cpu_base,187,153
1,7,cpu_base,188,152
1,7,cpu_base,189,147
1,7,cpu_base,190,147
1,7,cpu_base,191,181
1,7,cpu_base,192,190
1,7,cpu_base,193,298
1,7,cpu_base,194,151
1,7,cpu_base,195,162
1,7,cpu_base,196,147
1,7,cpu_base,197,147
1,7,cpu_base,198,144
1,7,cpu_base,199,154
1,7,cpu_base,200,147
1,7,cpu_base,201,196
1,7,cpu_base,202,150
1,7,cpu_base,203,173
1,7,cpu_base,204,148
1,7,cpu_base,205,147
1,7,cpu_base,206,146
1,7,cpu_base,207,152
1,7,cpu_base,208,186
1,7,cpu_base,209,146
1,7,cpu_base,210,146
1,7,cpu_base,211,149
1,7,cpu_base,212,148
1,7,cpu_base,213,146
1,7,cpu_base,214,156
1,7,cpu_base,215,176
1,7,cpu_base,216,182
1,7,cpu_base,217,148
1,7,cpu_base,218,144
1,7,cpu_base,219,144
1,7,cpu_base,220,171
1,7,cpu_base,221,161
1,7,cpu_base,222,230
1,7,cpu_base,223,185
1,7,cpu_base,224,146
1,7,cpu_base,225,144
1,7,cpu_base,226,149
1,7,cpu_base,227,171
1,7,cpu_base,228,151
1,7,cpu_base,229,142
1,7,cpu_base,230,142
1,7,cpu_base,231,145
1,7,cpu_base,232,148
1,7,cpu_base,233,145
1,7,cpu_base,234,149
1,7,cpu_base,235,143
1,7,cpu_base,236,142
1,7,cpu_base,237,147
1,7,cpu_base,238,146
1,7,cpu_base,239,146
1,7,cpu_base,240,148
1,7,cpu_base,241,142
1,7,cpu_base,242,153
1,7,cpu_base,243,141
1,7,cpu_base,244,143
1,7,cpu_base,245,146
1,7,cpu_base,246,148
1,7,cpu_base,247,147
1,7,cpu_base,248,141
1,7,cpu_base,249,142
1,7,cpu_base,250,141
1,7,cpu_base,251,146
1,7,cpu_base,252,149
1,7,cpu_base,253,144
1,7,cpu_base,254,157
1,7,cpu_base,255,148
1,7,cpu_base,256,142
1,7,cpu_base,257,147
1,7,cpu_base,258,141
1,7,cpu_base,259,142
1,7,cpu_base,260,153
1,7,cpu_base,261,144
1,7,cpu_base,262,142
1,7,cpu_base,263,142
1,7,cpu_base,264,144
1,7,cpu_base,265,141
1,7,cpu_base,266,154
1,7,cpu_base,267,145
1,7,cpu_base,268,146
1,7,cpu_base,269,147
1,7,cpu_base,270,142
1,7,cpu_base,271,144
1,7,cpu_base,272,142
1,7,cpu_base,273,144
1,7,cpu_base,274,145
1,7,cpu_base,275,146
1,7,cpu_base,276,143
1,7,cpu_base,277,144
1,7,cpu_base,278,148
1,7,cpu_base,279,149
1,7,cpu_base,280,151
1,7,cpu_base,281,147
1,7,cpu_base,282,144
1,7,cpu_base,283,146
1,7,cpu_base,284,142
1,7,cpu_base,285,142
1,7,cpu_base,286,141
1,7,cpu_base,287,148
1,7,cpu_base,288,142
1,7,cpu_base,289,144
1,7,cpu_base,290,142
1,7,cpu_base,291,143
1,7,cpu_base,292,148
1,7,cpu_base,293,144
1,7,cpu_base,294,184
1,7,cpu_base,295,228
1,7,cpu_base,296,229
1,7,cpu_base,297,180
1,7,cpu_base,298,146
1,7,cpu_base,299,172
1,7,cpu_base,300,282
1,7,cpu_base,301,193
1,7,cpu_base,302,179
1,7,cpu_base,303,162
1,7,cpu_base,304,176
1,7,cpu_base,305,183
1,7,cpu_base,306,191
1,7,cpu_base,307,197
1,7,cpu_base,308,163
1,7,cpu_base,309,148
1,7,cpu_base,310,165
1,7,cpu_base,311,145
1,7,cpu_base,312,155
1,7,cpu_base,313,144
1,7,cpu_base,314,145
1,7,cpu_base,315,147
1,7,cpu_base,316,148
1,7,cpu_base,317,181
1,7,cpu_base,318,165
1,7,cpu_base,319,148
1,7,cpu_base,320,148
1,7,cpu_base,321,147
1,7,cpu_base,322,144
1,7,cpu_base,323,151
1,7,cpu_base,324,142
1,7,cpu_base,325,143
1,7,cpu_base,326,142
1,7,cpu_base,327,142
1,7,cpu_base,328,148
1,7,cpu_base,329,146
1,7,cpu_base,330,147
1,7,cpu_base,331,144
1,7,cpu_base,332,150
1,7,cpu_base,333,142
1,7,cpu_base,334,147
1,7,cpu_base,335,147
1,7,cpu_base,336,148
1,7,cpu_base,337,146
1,7,cpu_base,338,145
1,7,cpu_base,339,143
1,7,cpu_base,340,142
1,7,cpu_base,341,144
1,7,cpu_base,342,144
1,7,cpu_base,343,144
1,7,cpu_base,344,145
1,7,cpu_base,345,152
1,7,cpu_base,346,152
1,7,cpu_base,347,143
1,7,cpu_base,348,147
1,7,cpu_base,349,145
1,7,cpu_base,350,149
1,7,cpu_base,351,143
1,7,cpu_base,352,143
1,7,cpu_base,353,142
1,7,cpu_base,354,142
1,7,cpu_base,355,148
1,7,cpu_base,356,149
1,7,cpu_base,357,145
1,7,cpu_base,358,142
1,7,cpu_base,359,148
1,7,cpu_base,360,146
1,7,cpu_base,361,146
1,7,cpu_base,362,146
1,7,cpu_base,363,143
1,7,cpu_base,364,151
1,7,cpu_base,365,143
1,7,cpu_base,366,143
1,7,cpu_base,367,143
1,7,cpu_base,368,142
1,7,cpu_base,369,152
1,7,cpu_base,370,146
1,7,cpu_base,371,146
1,7,cpu_base,372,144
1,7,cpu_base,373,149
1,7,cpu_base,374,143
1,7,cpu_base,375,147
1,7,cpu_base,376,144
1,7,cpu_base,377,146
1,7,cpu_base,378,146
1,7,cpu_base,379,143
1,7,cpu_base,380,143
1,7,cpu_base,381,142
1,7,cpu_base,382,145
1,7,cpu_base,383,144
1,7,cpu_base,384,149
1,7,cpu_base,385,143
1,7,cpu_base,386,159
1,7,cpu_base,387,152
1,7,cpu_base,388,142
1,7,cpu_base,389,143
1,7,cpu_base,390,147
1,7,cpu_base,391,149
1,7,cpu_base,392,142
1,7,cpu_base,393,142
1,7,cpu_base,394,145
1,7,cpu_base,395,152
1,7,cpu_base,396,142
1,7,cpu_base,397,145
1,7,cpu_base,398,227
1,7,cpu_base,399,153
1,7,cpu_base,400,148
1,7,cpu_base,401,143
1,7,cpu_base,402,147
1,7,cpu_base,403,144
1,7,cpu_base,404,148
1,7,cpu_base,405,144
1,7,cpu_base,406,142
1,7,cpu_base,407,143
1,7,cpu_base,408,160
1,7,cpu_base,409,147
1,7,cpu_base,410,146
1,7,cpu_base,411,148
1,7,cpu_base,412,151
1,7,cpu_base,413,149
1,7,cpu_base,414,142
1,7,cpu_base,415,143
1,7,cpu_base,416,147
1,7,cpu_base,417,146
1,7,cpu_base,418,142
1,7,cpu_base,419,141
1,7,cpu_base,420,143
1,7,cpu_base,421,143
1,7,cpu_base,422,144
1,7,cpu_base,423,145
1,7,cpu_base,424,148
1,7,cpu_base,425,145
1,7,cpu_base,426,146
1,7,cpu_base,427,149
1,7,cpu_base,428,142
1,7,cpu_base,429,143
1,7,cpu_base,430,147
1,7,cpu_base,431,147
1,7,cpu_base,432,142
1,7,cpu_base,433,143
1,7,cpu_base,434,141
1,7,cpu_base,435,142
1,7,cpu_base,436,145
1,7,cpu_base,437,149
1,7,cpu_base,438,146
1,7,cpu_base,439,145
1,7,cpu_base,440,150
1,7,cpu_base,441,151
1,7,cpu_base,442,143
1,7,cpu_base,443,145
1,7,cpu_base,444,143
1,7,cpu_base,445,161
1,7,cpu_base,446,144
1,7,cpu_base,447,143
1,7,cpu_base,448,143
1,7,cpu_base,449,143
1,7,cpu_base,450,147
1,7,cpu_base,451,148
1,7,cpu_base,452,142
1,7,cpu_base,453,160
1,7,cpu_base,454,149
1,7,cpu_base,455,142
1,7,cpu_base,456,141
1,7,cpu_base,457,146
1,7,cpu_base,458,145
1,7,cpu_base,459,143
1,7,cpu_base,460,148
1,7,cpu_base,461,141
1,7,cpu_base,462,144
1,7,cpu_base,463,146
1,7,cpu_base,464,146
1,7,cpu_base,465,151
1,7,cpu_base,466,145
1,7,cpu_base,467,145
1,7,cpu_base,468,147
1,7,cpu_base,469,143
1,7,cpu_base,470,142
1,7,cpu_base,471,147
1,7,cpu_base,472,146
1,7,cpu_base,473,142
1,7,cpu_base,474,144
1,7,cpu_base,475,143
1,7,cpu_base,476,146
1,7,cpu_base,477,145
1,7,cpu_base,478,145
1,7,cpu_base,479,147
1,7,cpu_base,480,145
1,7,cpu_base,481,147
1,7,cpu_base,482,143
1,7,cpu_base,483,142
1,7,cpu_base,484,144
1,7,cpu_base,485,142
1,7,cpu_base,486,146
1,7,cpu_base,487,142
1,7,cpu_base,488,142
1,7,cpu_base,489,142
1,7,cpu_base,490,147
1,7,cpu_base,491,146
1,7,cpu_base,492,146
1,7,cpu_base,493,148
1,7,cpu_base,494,150
1,7,cpu_base,495,151
1,7,cpu_base,496,141
1,7,cpu_base,497,144
1,7,cpu_base,498,145
1,7,cpu_base,499,215
1,7,cpu_base,500,164
1,7,cpu_base,501,146
1,7,cpu_base,502,143
1,7,cpu_base,503,149
1,7,cpu_base,504,146
1,7,cpu_base,505,148
1,7,cpu_base,506,144
1,7,cpu_base,507,151
1,7,cpu_base,508,146
1,7,cpu_base,509,143
1,7,cpu_base,510,147
1,7,cpu_base,511,165
1,7,cpu_base,512,144
1,7,cpu_base,513,143
1,7,cpu_base,514,144
1,7,cpu_base,515,144
1,7,cpu_base,516,149
1,7,cpu_base,517,199
1,7,cpu_base,518,370
1,7,cpu_base,519,159
1,7,cpu_base,520,152
1,7,cpu_base,521,190
1,7,cpu_base,522,159
1,7,cpu_base,523,150
1,7,cpu_base,524,166
1,7,cpu_base,525,177
1,7,cpu_base,526,153
1,7,cpu_base,527,147
1,7,cpu_base,528,173
1,7,cpu_base,529,190
1,7,cpu_base,530,149
1,7,cpu_base,531,209
1,7,cpu_base,532,161
1,7,cpu_base,533,182
1,7,cpu_base,534,146
1,7,cpu_base,535,150
1,7,cpu_base,536,195
1,7,cpu_base,537,148
1,7,cpu_base,538,214
1,7,cpu_base,539,168
1,7,cpu_base,540,147
1,7,cpu_base,541,200
1,7,cpu_base,542,232
1,7,cpu_base,543,202
1,7,cpu_base,544,191
1,7,cpu_base,545,206
1,7,cpu_base,546,196
1,7,cpu_base,547,184
1,7,cpu_base,548,154
1,7,cpu_base,549,144
1,7,cpu_base,550,191
1,7,cpu_base,551,149
1,7,cpu_base,552,208
1,7,cpu_base,553,158
1,7,cpu_base,554,147
1,7,cpu_base,555,144
1,7,cpu_base,556,157
1,7,cpu_base,557,150
1,7,cpu_base,558,163
1,7,cpu_base,559,148
1,7,cpu_base,560,144
1,7,cpu_base,561,188
1,7,cpu_base,562,150
1,7,cpu_base,563,150
1,7,cpu_base,564,171
1,7,cpu_base,565,160
1,7,cpu_base,566,144
1,7,cpu_base,567,167
1,7,cpu_base,568,219
1,7,cpu_base,569,178
1,7,cpu_base,570,154
1,7,cpu_base,571,146
1,7,cpu_base,572,161
1,7,cpu_base,573,142
1,7,cpu_base,574,143
1,7,cpu_base,575,143
1,7,cpu_base,576,147
1,7,cpu_base,577,148
1,7,cpu_base,578,179
1,7,cpu_base,579,144
1,7,cpu_base,580,141
1,7,cpu_base,581,143
1,7,cpu_base,582,159
1,7,cpu_base,583,156
1,7,cpu_base,584,148
1,7,cpu_base,585,142
1,7,cpu_base,586,143
1,7,cpu_base,587,142
1,7,cpu_base,588,150
1,7,cpu_base,589,146
1,7,cpu_base,590,193
1,7,cpu_base,591,141
1,7,cpu_base,592,142
1,7,cpu_base,593,146
1,7,cpu_base,594,142
1,7,cpu_base,595,149
1,7,cpu_base,596,209
1,7,cpu_base,597,250
1,7,cpu_base,598,249
1,7,cpu_base,599,150
1,7,cpu_base,600,145
1,7,cpu_base,601,225
1,7,cpu_base,602,151
1,7,cpu_base,603,144
1,7,cpu_base,604,148
1,7,cpu_base,605,186
1,7,cpu_base,606,218
1,7,cpu_base,607,209
1,7,cpu_base,608,161
1,7,cpu_base,609,147
1,7,cpu_base,610,150
1,7,cpu_base,611,152
1,7,cpu_base,612,151
1,7,cpu_base,613,194
1,7,cpu_base,614,152
1,7,cpu_base,615,148
1,7,cpu_base,616,152
1,7,cpu_base,617,150
1,7,cpu_base,618,186
1,7,cpu_base,619,147
1,7,cpu_base,620,341
1,7,cpu_base,621,151
1,7,cpu_base,622,153
1,7,cpu_base,623,145
1,7,cpu_base,624,1287
1,7,cpu_base,625,149
1,7,cpu_base,626,140
1,7,cpu_base,627,145
1,7,cpu_base,628,144
1,7,cpu_base,629,141
1,7,cpu_base,630,143
1,7,cpu_base,631,167
1,7,cpu_base,632,143
1,7,cpu_base,633,142
1,7,cpu_base,634,168
1,7,cpu_base,635,142
1,7,cpu_base,636,146
1,7,cpu_base,637,155
1,7,cpu_base,638,148
1,7,cpu_base,639,141
1,7,cpu_base,640,142
1,7,cpu_base,641,142
1,7,cpu_base,642,149
1,7,cpu_base,643,142
1,7,cpu_base,644,144
1,7,cpu_base,645,144
1,7,cpu_base,646,147
1,7,cpu_base,647,142
1,7,cpu_base,648,149
1,7,cpu_base,649,145
1,7,cpu_base,650,141
1,7,cpu_base,651,143
1,7,cpu_base,652,148
1,7,cpu_base,653,141
1,7,cpu_base,654,144
1,7,cpu_base,655,141
1,7,cpu_base,656,147
1,7,cpu_base,657,144
1,7,cpu_base,658,145
1,7,cpu_base,659,146
1,7,cpu_base,660,141
1,7,cpu_base,661,144
1,7,cpu_base,662,144
1,7,cpu_base,663,149
1,7,cpu_base,664,141
1,7,cpu_base,665,145
1,7,cpu_base,666,147
1,7,cpu_base,667,141
1,7,cpu_base,668,141
1,7,cpu_base,669,145
1,7,cpu_base,670,141
1,7,cpu_base,671,142
1,7,cpu_base,672,150
1,7,cpu_base,673,143
1,7,cpu_base,674,142
1,7,cpu_base,675,180
1,7,cpu_base,676,143
1,7,cpu_base,677,148
1,7,cpu_base,678,144
1,7,cpu_base,679,145
1,7,cpu_base,680,143
1,7,cpu_base,681,141
1,7,cpu_base,682,147
1,7,cpu_base,683,145
1,7,cpu_base,684,140
1,7,cpu_base,685,145
1,7,cpu_base,686,146
1,7,cpu_base,687,145
1,7,cpu_base,688,268
1,7,cpu_base,689,272
1,7,cpu_base,690,153
1,7,cpu_base,691,151
1,7,cpu_base,692,144
1,7,cpu_base,693,155
1,7,cpu_base,694,155
1,7,cpu_base,695,148
1,7,cpu_base,696,148
1,7,cpu_base,697,171
1,7,cpu_base,698,193
1,7,cpu_base,699,147
1,7,cpu_base,700,176
1,7,cpu_base,701,145
1,7,cpu_base,702,150
1,7,cpu_base,703,143
1,7,cpu_base,704,153
1,7,cpu_base,705,165
1,7,cpu_base,706,149
1,7,cpu_base,707,149
1,7,cpu_base,708,163
1,7,cpu_base,709,144
1,7,cpu_base,710,149
1,7,cpu_base,711,144
1,7,cpu_base,712,144
1,7,cpu_base,713,161
1,7,cpu_base,714,144
1,7,cpu_base,715,149
1,7,cpu_base,716,144
1,7,cpu_base,717,148
1,7,cpu_base,718,157
1,7,cpu_base,719,146
1,7,cpu_base,720,146
1,7,cpu_base,721,147
1,7,cpu_base,722,148
1,7,cpu_base,723,150
1,7,cpu_base,724,142
1,7,cpu_base,725,143
1,7,cpu_base,726,152
1,7,cpu_base,727,146
1,7,cpu_base,728,144
1,7,cpu_base,729,144
1,7,cpu_base,730,146
1,7,cpu_base,731,150
1,7,cpu_base,732,144
1,7,cpu_base,733,155
1,7,cpu_base,734,149
1,7,cpu_base,735,148
1,7,cpu_base,736,143
1,7,cpu_base,737,148
1,7,cpu_base,738,145
1,7,cpu_base,739,143
1,7,cpu_base,740,157
1,7,cpu_base,741,144
1,7,cpu_base,742,148
1,7,cpu_base,743,144
1,7,cpu_base,744,150
1,7,cpu_base,745,144
1,7,cpu_base,746,145
1,7,cpu_base,747,147
1,7,cpu_base,748,146
1,7,cpu_base,749,150
1,7,cpu_base,750,151
1,7,cpu_base,751,145
1,7,cpu_base,752,144
1,7,cpu_base,753,161
1,7,cpu_base,754,147
1,7,cpu_base,755,145
1,7,cpu_base,756,157
1,7,cpu_base,757,146
1,7,cpu_base,758,145
1,7,cpu_base,759,144
1,7,cpu_base,760,145
1,7,cpu_base,761,151
1,7,cpu_base,762,146
1,7,cpu_base,763,147
1,7,cpu_base,764,236
1,7,cpu_base,765,150
1,7,cpu_base,766,147
1,7,cpu_base,767,149
1,7,cpu_base,768,144
1,7,cpu_base,769,168
1,7,cpu_base,770,149
1,7,cpu_base,771,144
1,7,cpu_base,772,144
1,7,cpu_base,773,144
1,7,cpu_base,774,149
1,7,cpu_base,775,160
1,7,cpu_base,776,154
1,7,cpu_base,777,144
1,7,cpu_base,778,147
1,7,cpu_base,779,152
1,7,cpu_base,780,149
1,7,cpu_base,781,147
1,7,cpu_base,782,162
1,7,cpu_base,783,149
1,7,cpu_base,784,153
1,7,cpu_base,785,147
1,7,cpu_base,786,152
1,7,cpu_base,787,147
1,7,cpu_base,788,145
1,7,cpu_base,789,256
1,7,cpu_base,790,186
1,7,cpu_base,791,153
1,7,cpu_base,792,183
1,7,cpu_base,793,147
1,7,cpu_base,794,143
1,7,cpu_base,795,144
1,7,cpu_base,796,140
1,7,cpu_base,797,140
1,7,cpu_base,798,159
1,7,cpu_base,799,145
1,7,cpu_base,800,143
1,7,cpu_base,801,151
1,7,cpu_base,802,140
1,7,cpu_base,803,142
1,7,cpu_base,804,143
1,7,cpu_base,805,150
1,7,cpu_base,806,141
1,7,cpu_base,807,145
1,7,cpu_base,808,142
1,7,cpu_base,809,148
1,7,cpu_base,810,145
1,7,cpu_base,811,142
1,7,cpu_base,812,144
1,7,cpu_base,813,146
1,7,cpu_base,814,141
1,7,cpu_base,815,149
1,7,cpu_base,816,143
1,7,cpu_base,817,146
1,7,cpu_base,818,150
1,7,cpu_base,819,146
1,7,cpu_base,820,145
1,7,cpu_base,821,152
1,7,cpu_base,822,145
1,7,cpu_base,823,145
1,7,cpu_base,824,144
1,7,cpu_base,825,142
1,7,cpu_base,826,144
1,7,cpu_base,827,144
1,7,cpu_base,828,144
1,7,cpu_base,829,173
1,7,cpu_base,830,146
1,7,cpu_base,831,142
1,7,cpu_base,832,148
1,7,cpu_base,833,143
1,7,cpu_base,834,145
1,7,cpu_base,835,142
1,7,cpu_base,836,145
1,7,cpu_base,837,141
1,7,cpu_base,838,149
1,7,cpu_base,839,145
1,7,cpu_base,840,145
1,7,cpu_base,841,142
1,7,cpu_base,842,150
1,7,cpu_base,843,142
1,7,cpu_base,844,145
1,7,cpu_base,845,142
1,7,cpu_base,846,148
1,7,cpu_base,847,144
1,7,cpu_base,848,145
1,7,cpu_base,849,141
1,7,cpu_base,850,147
1,7,cpu_base,851,142
1,7,cpu_base,852,148
1,7,cpu_base,853,146
1,7,cpu_base,854,146
1,7,cpu_base,855,142
1,7,cpu_base,856,154
1,7,cpu_base,857,142
1,7,cpu_base,858,146
1,7,cpu_base,859,146
1,7,cpu_base,860,145
1,7,cpu_base,861,143
1,7,cpu_base,862,147
1,7,cpu_base,863,142
1,7,cpu_base,864,142
1,7,cpu_base,865,142
1,7,cpu_base,866,142
1,7,cpu_base,867,141
1,7,cpu_base,868,147
1,7,cpu_base,869,147
1,7,cpu_base,870,145
1,7,cpu_base,871,148
1,7,cpu_base,872,142
1,7,cpu_base,873,168
1,7,cpu_base,874,143
1,7,cpu_base,875,146
1,7,cpu_base,876,147
1,7,cpu_base,877,142
1,7,cpu_base,878,141
1,7,cpu_base,879,147
1,7,cpu_base,880,145
1,7,cpu_base,881,144
1,7,cpu_base,882,141
1,7,cpu_base,883,144
1,7,cpu_base,884,145
1,7,cpu_base,885,144
1,7,cpu_base,886,142
1,7,cpu_base,887,150
1,7,cpu_base,888,141
1,7,cpu_base,889,147
1,7,cpu_base,890,146
1,7,cpu_base,891,144
1,7,cpu_base,892,142
1,7,cpu_base,893,145
1,7,cpu_base,894,233
1,7,cpu_base,895,147
1,7,cpu_base,896,149
1,7,cpu_base,897,177
1,7,cpu_base,898,150
1,7,cpu_base,899,143
1,7,cpu_base,900,148
1,7,cpu_base,901,142
1,7,cpu_base,902,147
1,7,cpu_base,903,144
1,7,cpu_base,904,144
1,7,cpu_base,905,153
1,7,cpu_base,906,148
1,7,cpu_base,907,143
1,7,cpu_base,908,143
1,7,cpu_base,909,143
1,7,cpu_base,910,152
1,7,cpu_base,911,143
1,7,cpu_base,912,145
1,7,cpu_base,913,146
1,7,cpu_base,914,143
1,7,cpu_base,915,145
1,7,cpu_base,916,143
1,7,cpu_base,917,143
1,7,cpu_base,918,144
1,7,cpu_base,919,150
1,7,cpu_base,920,155
1,7,cpu_base,921,143
1,7,cpu_base,922,143
1,7,cpu_base,923,144
1,7,cpu_base,924,149
1,7,cpu_base,925,142
1,7,cpu_base,926,141
1,7,cpu_base,927,147
1,7,cpu_base,928,142
1,7,cpu_base,929,146
1,7,cpu_base,930,142
1,7,cpu_base,931,142
1,7,cpu_base,932,144
1,7,cpu_base,933,152
1,7,cpu_base,934,145
1,7,cpu_base,935,142
1,7,cpu_base,936,143
1,7,cpu_base,937,147
1,7,cpu_base,938,146
1,7,cpu_base,939,144
1,7,cpu_base,940,143
1,7,cpu_base,941,148
1,7,cpu_base,942,143
1,7,cpu_base,943,146
1,7,cpu_base,944,143
1,7,cpu_base,945,143
1,7,cpu_base,946,144
1,7,cpu_base,947,149
1,7,cpu_base,948,142
1,7,cpu_base,949,143
1,7,cpu_base,950,142
1,7,cpu_base,951,148
1,7,cpu_base,952,143
1,7,cpu_base,953,148
1,7,cpu_base,954,143
1,7,cpu_base,955,146
1,7,cpu_base,956,147
1,7,cpu_base,957,143
1,7,cpu_base,958,151
1,7,cpu_base,959,142
1,7,cpu_base,960,151
1,7,cpu_base,961,148
1,7,cpu_base,962,146
1,7,cpu_base,963,144
1,7,cpu_base,964,149
1,7,cpu_base,965,170
1,7,cpu_base,966,146
1,7,cpu_base,967,146
1,7,cpu_base,968,150
1,7,cpu_base,969,144
1,7,cpu_base,970,146
1,7,cpu_base,971,142
1,7,cpu_base,972,142
1,7,cpu_base,973,145
1,7,cpu_base,974,147
1,7,cpu_base,975,165
1,7,cpu_base,976,142
1,7,cpu_base,977,142
1,7,cpu_base,978,150
1,7,cpu_base,979,142
1,7,cpu_base,980,150
1,7,cpu_base,981,144
1,7,cpu_base,982,142
1,7,cpu_base,983,145
1,7,cpu_base,984,142
1,7,cpu_base,985,142
1,7,cpu_base,986,142
1,7,cpu_base,987,146
1,7,cpu_base,988,152
1,7,cpu_base,989,142
1,7,cpu_base,990,142
1,7,cpu_base,991,147
1,7,cpu_base,992,150
1,7,cpu_base,993,142
1,7,cpu_base,994,150
1,7,cpu_base,995,147
1,7,cpu_base,996,142
1,7,cpu_base,997,147
1,7,cpu_base,998,141
1,7,cpu_base,999,141
1,7,serial,0,566
1,7,serial,1,526
1,7,serial,2,549
1,7,serial,3,523
1,7,serial,4,553
1,7,serial,5,531
1,7,serial,6,687
1,7,serial,7,605
1,7,serial,8,569
1,7,serial,9,557
1,7,serial,10,556
1,7,serial,11,555
1,7,serial,12,552
1,7,serial,13,551
1,7,serial,14,554
1,7,serial,15,548
1,7,serial,16,529
1,7,serial,17,563
1,7,serial,18,547
1,7,serial,19,546
1,7,serial,20,544
1,7,serial,21,566
1,7,serial,22,546
1,7,serial,23,558
1,7,serial,24,567
1,7,serial,25,549
1,7,serial,26,551
1,7,serial,27,548
1,7,serial,28,582
1,7,serial,29,559
1,7,serial,30,562
1,7,serial,31,558
1,7,serial,32,563
1,7,serial,33,645
1,7,serial,34,590
1,7,serial,35,575
1,7,serial,36,639
1,7,serial,37,624
1,7,serial,38,580
1,7,serial,39,572
1,7,serial,40,559
1,7,serial,41,566
1,7,serial,42,533
1,7,serial,43,568
1,7,serial,44,531
1,7,serial,45,533
1,7,serial,46,527
1,7,serial,47,570
1,7,serial,48,525
1,7,serial,49,577
1,7,serial,50,535
1,7,serial,51,540
1,7,serial,52,537
1,7,serial,53,556
1,7,serial,54,542
1,7,serial,55,548
1,7,serial,56,541
1,7,serial,57,536
1,7,serial,58,555
1,7,serial,59,535
1,7,serial,60,527
1,7,serial,61,532
1,7,serial,62,713
1,7,serial,63,543
1,7,serial,64,533
1,7,serial,65,602
1,7,serial,66,593
1,7,serial,67,761
1,7,serial,68,588
1,7,serial,69,562
1,7,serial,70,566
1,7,serial,71,554
1,7,serial,72,550
1,7,serial,73,553
1,7,serial,74,533
1,7,serial,75,571
1,7,serial,76,558
1,7,serial,77,561
1,7,serial,78,560
1,7,serial,79,549
1,7,serial,80,551
1,7,serial,81,552
1,7,serial,82,575
1,7,serial,83,558
1,7,serial,84,556
1,7,serial,85,542
1,7,serial,86,573
1,7,serial,87,547
1,7,serial,88,560
1,7,serial,89,550
1,7,serial,90,662
1,7,serial,91,576
1,7,serial,92,589
1,7,serial,93,713
1,7,serial,94,794
1,7,serial,95,600
1,7,serial,96,578
1,7,serial,97,586
1,7,serial,98,612
1,7,serial,99,621
1,7,serial,100,569
1,7,serial,101,552
1,7,serial,102,603
1,7,serial,103,628
1,7,serial,104,567
1,7,serial,105,590
1,7,serial,106,554
1,7,serial,107,572
1,7,serial,108,563
1,7,serial,109,574
1,7,serial,110,521
1,7,serial,111,556
1,7,serial,112,536
1,7,serial,113,539
1,7,serial,114,535
1,7,serial,115,531
1,7,serial,116,763
1,7,serial,117,627
1,7,serial,118,668
1,7,serial,119,608
1,7,serial,120,572
1,7,serial,121,553
1,7,serial,122,579
1,7,serial,123,537
1,7,serial,124,557
1,7,serial,125,561
1,7,serial,126,571
1,7,serial,127,559
1,7,serial,128,578
1,7,serial,129,555
1,7,serial,130,557
1,7,serial,131,553
1,7,serial,132,562
1,7,serial,133,574
1,7,serial,134,572
1,7,serial,135,567
1,7,serial,136,546
1,7,serial,137,553
1,7,serial,138,553
1,7,serial,139,562
1,7,serial,140,563
1,7,serial,141,566
1,7,serial,142,553
1,7,serial,143,672
1,7,serial,144,838
1,7,serial,145,608
1,7,serial,146,597
1,7,serial,147,565
1,7,serial,148,549
1,7,serial,149,565
1,7,serial,150,549
1,7,serial,151,569
1,7,serial,152,540
1,7,serial,153,609
1,7,serial,154,542
1,7,serial,155,557
1,7,serial,156,543
1,7,serial,157,550
1,7,serial,158,524
1,7,serial,159,537
1,7,serial,160,545
1,7,serial,161,540
1,7,serial,162,533
1,7,serial,163,518
1,7,serial,164,530
1,7,serial,165,530
1,7,serial,166,540
1,7,serial,167,543
1,7,serial,168,546
1,7,serial,169,549
1,7,serial,170,617
1,7,serial,171,547
1,7,serial,172,565
1,7,serial,173,539
1,7,serial,174,537
1,7,serial,175,525
1,7,serial,176,517
1,7,serial,177,554
1,7,serial,178,532
1,7,serial,179,546
1,7,serial,180,519
1,7,serial,181,541
1,7,serial,182,525
1,7,serial,183,530
1,7,serial,184,553
1,7,serial,185,552
1,7,serial,186,513
1,7,serial,187,539
1,7,serial,188,550
1,7,serial,189,546
1,7,serial,190,540
1,7,serial,191,541
1,7,serial,192,544
1,7,serial,193,542
1,7,serial,194,533
1,7,serial,195,539
1,7,serial,196,541
1,7,serial,197,532
1,7,serial,198,527
1,7,serial,199,628
1,7,serial,200,584
1,7,serial,201,524
1,7,serial,202,538
1,7,serial,203,564
1,7,serial,204,542
1,7,serial,205,541
1,7,serial,206,550
1,7,serial,207,549
1,7,serial,208,540
1,7,serial,209,528
1,7,serial,210,548
1,7,serial,211,554
1,7,serial,212,538
1,7,serial,213,545
1,7,serial,214,557
1,7,serial,215,541
1,7,serial,216,544
1,7,serial,217,550
1,7,serial,218,544
1,7,serial,219,544
1,7,serial,220,528
1,7,serial,221,554
1,7,serial,222,557
1,7,serial,223,535
1,7,serial,224,545
1,7,serial,225,554
1,7,serial,226,630
1,7,serial,227,571
1,7,serial,228,555
1,7,serial,229,552
1,7,serial,230,498
1,7,serial,231,533
1,7,serial,232,505
1,7,serial,233,535
1,7,serial,234,500
1,7,serial,235,486
1,7,serial,236,494
1,7,serial,237,510
1,7,serial,238,470
1,7,serial,239,524
1,7,serial,240,501
1,7,serial,241,534
1,7,serial,242,619
1,7,serial,243,755
1,7,serial,244,591
1,7,serial,245,591
1,7,serial,246,611
1,7,serial,247,566
1,7,serial,248,549
1,7,serial,249,560
1,7,serial,250,604
1,7,serial,251,582
1,7,serial,252,577
1,7,serial,253,656
1,7,serial,254,690
1,7,serial,255,607
1,7,serial,256,705
1,7,serial,257,597
1,7,serial,258,572
1,7,serial,259,575
1,7,serial,260,569
1,7,serial,261,557
1,7,serial,262,557
1,7,serial,263,550
1,7,serial,264,569
1,7,serial,265,557
1,7,serial,266,553
1,7,serial,267,542
1,7,serial,268,556
1,7,serial,269,545
1,7,serial,270,542
1,7,serial,271,530
1,7,serial,272,556
1,7,serial,273,559
1,7,serial,274,531
1,7,serial,275,552
1,7,serial,276,546
1,7,serial,277,545
1,7,serial,278,539
1,7,serial,279,551
1,7,serial,280,544
1,7,serial,281,608
1,7,serial,282,553
1,7,serial,283,561
1,7,serial,284,552
1,7,serial,285,566
1,7,serial,286,565
1,7,serial,287,560
1,7,serial,288,572
1,7,serial,289,561
1,7,serial,290,562
1,7,serial,291,579
1,7,serial,292,561
1,7,serial,293,554
1,7,serial,294,582
1,7,serial,295,567
1,7,serial,296,567
1,7,serial,297,569
1,7,serial,298,552
1,7,serial,299,568
1,7,serial,300,560
1,7,serial,301,565
1,7,serial,302,559
1,7,serial,303,555
1,7,serial,304,580
1,7,serial,305,558
1,7,serial,306,649
1,7,serial,307,554
1,7,serial,308,526
1,7,serial,309,680
1,7,serial,310,623
1,7,serial,311,577
1,7,serial,312,559
1,7,serial,313,587
1,7,serial,314,552
1,7,serial,315,555
1,7,serial,316,552
1,7,serial,317,552
1,7,serial,318,552
1,7,serial,319,540
1,7,serial,320,552
1,7,serial,321,547
1,7,serial,322,543
1,7,serial,323,553
1,7,serial,324,554
1,7,serial,325,544
1,7,serial,326,556
1,7,serial,327,546
1,7,serial,328,548
1,7,serial,329,556
1,7,serial,330,546
1,7,serial,331,556
1,7,serial,332,545
1,7,serial,333,551
1,7,serial,334,550
1,7,serial,335,550
1,7,serial,336,538
1,7,serial,337,544
1,7,serial,338,667
1,7,serial,339,600
1,7,serial,340,572
1,7,serial,341,567
1,7,serial,342,551
1,7,serial,343,552
1,7,serial,344,543
1,7,serial,345,545
1,7,serial,346,548
1,7,serial,347,551
1,7,serial,348,546
1,7,serial,349,538
1,7,serial,350,555
1,7,serial,351,549
1,7,serial,352,542
1,7,serial,353,546
1,7,serial,354,555
1,7,serial,355,540
1,7,serial,356,552
1,7,serial,357,549
1,7,serial,358,526
1,7,serial,359,553
1,7,serial,360,557
1,7,serial,361,553
1,7,serial,362,530
1,7,serial,363,545
1,7,serial,364,546
1,7,serial,365,551
1,7,serial,366,655
1,7,serial,367,596
1,7,serial,368,684
1,7,serial,369,589
1,7,serial,370,580
1,7,serial,371,571
1,7,serial,372,545
1,7,serial,373,579
1,7,serial,374,572
1,7,serial,375,569
1,7,serial,376,577
1,7,serial,377,568
1,7,serial,378,580
1,7,serial,379,563
1,7,serial,380,603
1,7,serial,381,561
1,7,serial,382,565
1,7,serial,383,565
1,7,serial,384,559
1,7,serial,385,567
1,7,serial,386,568
1,7,serial,387,567
1,7,serial,388,559
1,7,serial,389,571
1,7,serial,390,559
1,7,serial,391,564
1,7,serial,392,604
1,7,serial,393,606
1,7,serial,394,598
1,7,serial,395,588
1,7,serial,396,561
1,7,serial,397,574
1,7,serial,398,572
1,7,serial,399,562
1,7,serial,400,548
1,7,serial,401,541
1,7,serial,402,549
1,7,serial,403,553
1,7,serial,404,554
1,7,serial,405,555
1,7,serial,406,555
1,7,serial,407,552
1,7,serial,408,545
1,7,serial,409,552
1,7,serial,410,547
1,7,serial,411,555
1,7,serial,412,552
1,7,serial,413,548
1,7,serial,414,559
1,7,serial,415,551
1,7,serial,416,559
1,7,serial,417,543
1,7,serial,418,554
1,7,serial,419,557
1,7,serial,420,645
1,7,serial,421,583
1,7,serial,422,565
1,7,serial,423,561
1,7,serial,424,563
1,7,serial,425,556
1,7,serial,426,559
1,7,serial,427,566
1,7,serial,428,561
1,7,serial,429,560
1,7,serial,430,554
1,7,serial,431,559
1,7,serial,432,562
1,7,serial,433,569
1,7,serial,434,555
1,7,serial,435,558
1,7,serial,436,564
1,7,serial,437,563
1,7,serial,438,553
1,7,serial,439,557
1,7,serial,440,563
1,7,serial,441,557
1,7,serial,442,562
1,7,serial,443,555
1,7,serial,444,557
1,7,serial,445,559
1,7,serial,446,617
1,7,serial,447,663
1,7,serial,448,555
1,7,serial,449,564
1,7,serial,450,576
1,7,serial,451,561
1,7,serial,452,561
1,7,serial,453,574
1,7,serial,454,592
1,7,serial,455,670
1,7,serial,456,794
1,7,serial,457,588
1,7,serial,458,564
1,7,serial,459,569
1,7,serial,460,592
1,7,serial,461,562
1,7,serial,462,550
1,7,serial,463,569
1,7,serial,464,552
1,7,serial,465,584
1,7,serial,466,592
1,7,serial,467,661
1,7,serial,468,894
1,7,serial,469,849
1,7,serial,470,929
1,7,serial,471,600
1,7,serial,472,562
1,7,serial,473,641
1,7,serial,474,577
1,7,serial,475,540
1,7,serial,476,539
1,7,serial,477,537
1,7,serial,478,559
1,7,serial,479,566
1,7,serial,480,583
1,7,serial,481,585
1,7,serial,482,562
1,7,serial,483,548
1,7,serial,484,530
1,7,serial,485,572
1,7,serial,486,521
1,7,serial,487,579
1,7,serial,488,552
1,7,serial,489,541
1,7,serial,490,541
1,7,serial,491,546
1,7,serial,492,543
1,7,serial,493,551
1,7,serial,494,562
1,7,serial,495,548
1,7,serial,496,541
1,7,serial,497,541
1,7,serial,498,717
1,7,serial,499,605
1,7,serial,500,618
1,7,serial,501,582
1,7,serial,502,581
1,7,serial,503,572
1,7,serial,504,566
1,7,serial,505,566
1,7,serial,506,556
1,7,serial,507,565
1,7,serial,508,576
1,7,serial,509,579
1,7,serial,510,558
1,7,serial,511,558
1,7,serial,512,564
1,7,serial,513,552
1,7,serial,514,544
1,7,serial,515,565
1,7,serial,516,549
1,7,serial,517,540
1,7,serial,518,554
1,7,serial,519,560
1,7,serial,520,560
1,7,serial,521,562
1,7,serial,522,558
1,7,serial,523,562
1,7,serial,524,547
1,7,serial,525,572
1,7,serial,526,548
1,7,serial,527,548
1,7,serial,528,545
1,7,serial,529,554
1,7,serial,530,551
1,7,serial,531,557
1,7,serial,532,546
1,7,serial,533,549
1,7,serial,534,544
1,7,serial,535,546
1,7,serial,536,566
1,7,serial,537,553
1,7,serial,538,551
1,7,serial,539,546
1,7,serial,540,544
1,7,serial,541,543
1,7,serial,542,533
1,7,serial,543,541
1,7,serial,544,546
1,7,serial,545,553
1,7,serial,546,545
1,7,serial,547,549
1,7,serial,548,554
1,7,serial,549,551
1,7,serial,550,542
1,7,serial,551,578
1,7,serial,552,543
1,7,serial,553,538
1,7,serial,554,542
1,7,serial,555,653
1,7,serial,556,691
1,7,serial,557,664
1,7,serial,558,575
1,7,serial,559,567
1,7,serial,560,631
1,7,serial,561,592
1,7,serial,562,580
1,7,serial,563,615
1,7,serial,564,566
1,7,serial,565,576
1,7,serial,566,565
1,7,serial,567,558
1,7,serial,568,566
1,7,serial,569,545
1,7,serial,570,538
1,7,serial,571,553
1,7,serial,572,535
1,7,serial,573,549
1,7,serial,574,546
1,7,serial,575,567
1,7,serial,576,546
1,7,serial,577,584
1,7,serial,578,549
1,7,serial,579,553
1,7,serial,580,540
1,7,serial,581,546
1,7,serial,582,568
1,7,serial,583,597
1,7,serial,584,594
1,7,serial,585,577
1,7,serial,586,569
1,7,serial,587,558
1,7,serial,588,543
1,7,serial,589,562
1,7,serial,590,551
1,7,serial,591,569
1,7,serial,592,558
1,7,serial,593,567
1,7,serial,594,541
1,7,serial,595,560
1,7,serial,596,551
1,7,serial,597,550
1,7,serial,598,554
1,7,serial,599,555
1,7,serial,600,573
1,7,serial,601,569
1,7,serial,602,560
1,7,serial,603,556
1,7,serial,604,574
1,7,serial,605,572
1,7,serial,606,561
1,7,serial,607,567
1,7,serial,608,577
1,7,serial,609,770
1,7,serial,610,621
1,7,serial,611,622
1,7,serial,612,573
1,7,serial,613,569
1,7,serial,614,553
1,7,serial,615,558
1,7,serial,616,550
1,7,serial,617,534
1,7,serial,618,572
1,7,serial,619,528
1,7,serial,620,555
1,7,serial,621,568
1,7,serial,622,554
1,7,serial,623,548
1,7,serial,624,561
1,7,serial,625,551
1,7,serial,626,559
1,7,serial,627,553
1,7,serial,628,567
1,7,serial,629,574
1,7,serial,630,566
1,7,serial,631,554
1,7,serial,632,556
1,7,serial,633,562
1,7,serial,634,555
1,7,serial,635,555
1,7,serial,636,540
1,7,serial,637,573
1,7,serial,638,544
1,7,serial,639,538
1,7,serial,640,530
1,7,serial,641,567
1,7,serial,642,532
1,7,serial,643,554
1,7,serial,644,564
1,7,serial,645,587
1,7,serial,646,554
1,7,serial,647,550
1,7,serial,648,516
1,7,serial,649,514
1,7,serial,650,495
1,7,serial,651,507
1,7,serial,652,479
1,7,serial,653,509
1,7,serial,654,515
1,7,serial,655,500
1,7,serial,656,453
1,7,serial,657,519
1,7,serial,658,518
1,7,serial,659,503
1,7,serial,660,498
1,7,serial,661,491
1,7,serial,662,503
1,7,serial,663,494
1,7,serial,664,538
1,7,serial,665,546
1,7,serial,666,545
1,7,serial,667,541
1,7,serial,668,658
1,7,serial,669,586
1,7,serial,670,588
1,7,serial,671,572
1,7,serial,672,544
1,7,serial,673,558
1,7,serial,674,560
1,7,serial,675,551
1,7,serial,676,551
1,7,serial,677,565
1,7,serial,678,546
1,7,serial,679,558
1,7,serial,680,565
1,7,serial,681,563
1,7,serial,682,560
1,7,serial,683,561
1,7,serial,684,628
1,7,serial,685,571
1,7,serial,686,553
1,7,serial,687,558
1,7,serial,688,565
1,7,serial,689,553
1,7,serial,690,564
1,7,serial,691,568
1,7,serial,692,555
1,7,serial,693,549
1,7,serial,694,551
1,7,serial,695,803
1,7,serial,696,561
1,7,serial,697,556
1,7,serial,698,548
1,7,serial,699,557
1,7,serial,700,544
1,7,serial,701,546
1,7,serial,702,545
1,7,serial,703,547
1,7,serial,704,537
1,7,serial,705,545
1,7,serial,706,539
1,7,serial,707,547
1,7,serial,708,536
1,7,serial,709,533
1,7,serial,710,544
1,7,serial,711,556
1,7,serial,712,547
1,7,serial,713,545
1,7,serial,714,546
1,7,serial,715,542
1,7,serial,716,566
1,7,serial,717,523
1,7,serial,718,543
1,7,serial,719,542
1,7,serial,720,540
1,7,serial,721,551
1,7,serial,722,543
1,7,serial,723,578
1,7,serial,724,575
1,7,serial,725,564
1,7,serial,726,558
1,7,serial,727,538
1,7,serial,728,533
1,7,serial,729,557
1,7,serial,730,532
1,7,serial,731,528
1,7,serial,732,551
1,7,serial,733,539
1,7,serial,734,532
1,7,serial,735,536
1,7,serial,736,541
1,7,serial,737,541
1,7,serial,738,586
1,7,serial,739,515
1,7,serial,740,548
1,7,serial,741,538
1,7,serial,742,541
1,7,serial,743,537
1,7,serial,744,544
1,7,serial,745,531
1,7,serial,746,538
1,7,serial,747,547
1,7,serial,748,536
1,7,serial,749,538
1,7,serial,750,533
1,7,serial,751,786
1,7,serial,752,630
1,7,serial,753,618
1,7,serial,754,562
1,7,serial,755,558
1,7,serial,756,622
1,7,serial,757,562
1,7,serial,758,552
1,7,serial,759,557
1,7,serial,760,558
1,7,serial,761,563
1,7,serial,762,549
1,7,serial,763,544
1,7,serial,764,556
1,7,serial,765,559
1,7,serial,766,556
1,7,serial,767,557
1,7,serial,768,553
1,7,serial,769,552
1,7,serial,770,553
1,7,serial,771,557
1,7,serial,772,557
1,7,serial,773,556
1,7,serial,774,549
1,7,serial,775,556
1,7,serial,776,556
1,7,serial,777,833
1,7,serial,778,572
1,7,serial,779,553
1,7,serial,780,568
1,7,serial,781,558
1,7,serial,782,563
1,7,serial,783,573
1,7,serial,784,559
1,7,serial,785,546
1,7,serial,786,557
1,7,serial,787,551
1,7,serial,788,553
1,7,serial,789,560
1,7,serial,790,569
1,7,serial,791,556
1,7,serial,792,548
1,7,serial,793,586
1,7,serial,794,560
1,7,serial,795,567
1,7,serial,796,560
1,7,serial,797,563
1,7,serial,798,555
1,7,serial,799,553
1,7,serial,800,558
1,7,serial,801,557
1,7,serial,802,726
1,7,serial,803,547
1,7,serial,804,545
1,7,serial,805,549
1,7,serial,806,662
1,7,serial,807,577
1,7,serial,808,561
1,7,serial,809,533
1,7,serial,810,553
1,7,serial,811,541
1,7,serial,812,547
1,7,serial,813,545
1,7,serial,814,553
1,7,serial,815,545
1,7,serial,816,545
1,7,serial,817,551
1,7,serial,818,563
1,7,serial,819,543
1,7,serial,820,557
1,7,serial,821,552
1,7,serial,822,548
1,7,serial,823,565
1,7,serial,824,549
1,7,serial,825,548
1,7,serial,826,525
1,7,serial,827,543
1,7,serial,828,544
1,7,serial,829,537
1,7,serial,830,557
1,7,serial,831,572
1,7,serial,832,544
1,7,serial,833,730
1,7,serial,834,711
1,7,serial,835,621
1,7,serial,836,585
1,7,serial,837,584
1,7,serial,838,580
1,7,serial,839,585
1,7,serial,840,602
1,7,serial,841,596
1,7,serial,842,590
1,7,serial,843,595
1,7,serial,844,585
1,7,serial,845,583
1,7,serial,846,585
1,7,serial,847,577
1,7,serial,848,580
1,7,serial,849,598
1,7,serial,850,556
1,7,serial,851,593
1,7,serial,852,587
1,7,serial,853,581
1,7,serial,854,582
1,7,serial,855,583
1,7,serial,856,583
1,7,serial,857,612
1,7,serial,858,600
1,7,serial,859,694
1,7,serial,860,567
1,7,serial,861,559
1,7,serial,862,569
1,7,serial,863,564
1,7,serial,864,559
1,7,serial,865,573
1,7,serial,866,555
1,7,serial,867,540
1,7,serial,868,585
1,7,serial,869,555
1,7,serial,870,549
1,7,serial,871,537
1,7,serial,872,560
1,7,serial,873,547
1,7,serial,874,565
1,7,serial,875,546
1,7,serial,876,546
1,7,serial,877,551
1,7,serial,878,558
1,7,serial,879,551
1,7,serial,880,515
1,7,serial,881,519
1,7,serial,882,560
1,7,serial,883,586
1,7,serial,884,833
1,7,serial,885,557
1,7,serial,886,661
1,7,serial,887,576
1,7,serial,888,557
1,7,serial,889,545
1,7,serial,890,539
1,7,serial,891,544
1,7,serial,892,544
1,7,serial,893,535
1,7,serial,894,535
1,7,serial,895,526
1,7,serial,896,543
1,7,serial,897,535
1,7,serial,898,534
1,7,serial,899,538
1,7,serial,900,547
1,7,serial,901,552
1,7,serial,902,539
1,7,serial,903,537
1,7,serial,904,527
1,7,serial,905,531
1,7,serial,906,535
1,7,serial,907,537
1,7,serial,908,536
1,7,serial,909,536
1,7,serial,910,541
1,7,serial,911,535
1,7,serial,912,539
1,7,serial,913,539
1,7,serial,914,523
1,7,serial,915,639
1,7,serial,916,572
1,7,serial,917,539
1,7,serial,918,635
1,7,serial,919,564
1,7,serial,920,545
1,7,serial,921,570
1,7,serial,922,583
1,7,serial,923,536
1,7,serial,924,565
1,7,serial,925,567
1,7,serial,926,540
1,7,serial,927,546
1,7,serial,928,544
1,7,serial,929,542
1,7,serial,930,533
1,7,serial,931,534
1,7,serial,932,531
1,7,serial,933,536
1,7,serial,934,535
1,7,serial,935,542
1,7,serial,936,544
1,7,serial,937,542
1,7,serial,938,546
1,7,serial,939,544
1,7,serial,940,542
1,7,serial,941,540
1,7,serial,942,547
1,7,serial,943,538
1,7,serial,944,677
1,7,serial,945,668
1,7,serial,946,579
1,7,serial,947,551
1,7,serial,948,545
1,7,serial,949,570
1,7,serial,950,544
1,7,serial,951,542
1,7,serial,952,534
1,7,serial,953,551
1,7,serial,954,546
1,7,serial,955,541
1,7,serial,956,545
1,7,serial,957,556
1,7,serial,958,546
1,7,serial,959,549
1,7,serial,960,556
1,7,serial,961,542
1,7,serial,962,542
1,7,serial,963,544
1,7,serial,964,539
1,7,serial,965,566
1,7,serial,966,548
1,7,serial,967,567
1,7,serial,968,821
1,7,serial,969,617
1,7,serial,970,866
1,7,serial,971,565
1,7,serial,972,753
1,7,serial,973,792
1,7,serial,974,804
1,7,serial,975,759
1,7,serial,976,763
1,7,serial,977,771
1,7,serial,978,772
1,7,serial,979,772
1,7,serial,980,763
1,7,serial,981,766
1,7,serial,982,758
1,7,serial,983,769
1,7,serial,984,771
1,7,serial,985,760
1,7,serial,986,747
1,7,serial,987,771
1,7,serial,988,772
1,7,serial,989,760
1,7,serial,990,918
1,7,serial,991,572
1,7,serial,992,561
1,7,serial,993,637
1,7,serial,994,586
1,7,serial,995,554
1,7,serial,996,538
1,7,serial,997,571
1,7,serial,998,555
1,7,serial,999,572
1,7,concurrent,0,582
1,7,concurrent,1,573
1,7,concurrent,2,552
1,7,concurrent,3,547
1,7,concurrent,4,624
1,7,concurrent,5,845
1,7,concurrent,6,575
1,7,concurrent,7,512
1,7,concurrent,8,515
1,7,concurrent,9,516
1,7,concurrent,10,507
1,7,concurrent,11,525
1,7,concurrent,12,530
1,7,concurrent,13,538
1,7,concurrent,14,541
1,7,concurrent,15,542
1,7,concurrent,16,524
1,7,concurrent,17,515
1,7,concurrent,18,552
1,7,concurrent,19,535
1,7,concurrent,20,572
1,7,concurrent,21,537
1,7,concurrent,22,556
1,7,concurrent,23,635
1,7,concurrent,24,563
1,7,concurrent,25,560
1,7,concurrent,26,539
1,7,concurrent,27,526
1,7,concurrent,28,520
1,7,concurrent,29,521
1,7,concurrent,30,504
1,7,concurrent,31,525
1,7,concurrent,32,548
1,7,concurrent,33,548
1,7,concurrent,34,512
1,7,concurrent,35,552
1,7,concurrent,36,538
1,7,concurrent,37,537
1,7,concurrent,38,546
1,7,concurrent,39,560
1,7,concurrent,40,539
1,7,concurrent,41,503
1,7,concurrent,42,506
1,7,concurrent,43,505
1,7,concurrent,44,507
1,7,concurrent,45,546
1,7,concurrent,46,1016
1,7,concurrent,47,979
1,7,concurrent,48,1076
1,7,concurrent,49,1045
1,7,concurrent,50,681
1,7,concurrent,51,745
1,7,concurrent,52,1002
1,7,concurrent,53,655
1,7,concurrent,54,686
1,7,concurrent,55,1003
1,7,concurrent,56,913
1,7,concurrent,57,908
1,7,concurrent,58,868
1,7,concurrent,59,698
1,7,concurrent,60,816
1,7,concurrent,61,1153
1,7,concurrent,62,1201
1,7,concurrent,63,1075
1,7,concurrent,64,615
1,7,concurrent,65,1049
1,7,concurrent,66,1637
1,7,concurrent,67,1073
1,7,concurrent,68,817
1,7,concurrent,69,711
1,7,concurrent,70,639
1,7,concurrent,71,639
1,7,concurrent,72,675
1,7,concurrent,73,679
1,7,concurrent,74,631
1,7,concurrent,75,768
1,7,concurrent,76,1018
1,7,concurrent,77,876
1,7,concurrent,78,814
1,7,concurrent,79,910
1,7,concurrent,80,820
1,7,concurrent,81,853
1,7,concurrent,82,826
1,7,concurrent,83,881
1,7,concurrent,84,609
1,7,concurrent,85,592
1,7,concurrent,86,597
1,7,concurrent,87,589
1,7,concurrent,88,556
1,7,concurrent,89,576
1,7,concurrent,90,541
1,7,concurrent,91,574
1,7,concurrent,92,534
1,7,concurrent,93,553
1,7,concurrent,94,588
1,7,concurrent,95,543
1,7,concurrent,96,587
1,7,concurrent,97,628
1,7,concurrent,98,682
1,7,concurrent,99,681
1,7,concurrent,100,651
1,7,concurrent,101,638
1,7,concurrent,102,1150
1,7,concurrent,103,1124
1,7,concurrent,104,1410
1,7,concurrent,105,826
1,7,concurrent,106,1972
1,7,concurrent,107,1123
1,7,concurrent,108,883
1,7,concurrent,109,1091
1,7,concurrent,110,805
1,7,concurrent,111,761
1,7,concurrent,112,753
1,7,concurrent,113,705
1,7,concurrent,114,752
1,7,concurrent,115,1365
1,7,concurrent,116,1077
1,7,concurrent,117,1049
1,7,concurrent,118,1205
1,7,concurrent,119,917
1,7,concurrent,120,738
1,7,concurrent,121,906
1,7,concurrent,122,836
1,7,concurrent,123,899
1,7,concurrent,124,808
1,7,concurrent,125,755
1,7,concurrent,126,809
1,7,concurrent,127,684
1,7,concurrent,128,722
1,7,concurrent,129,570
1,7,concurrent,130,611
1,7,concurrent,131,590
1,7,concurrent,132,611
1,7,concurrent,133,626
1,7,concurrent,134,546
1,7,concurrent,135,635
1,7,concurrent,136,626
1,7,concurrent,137,604
1,7,concurrent,138,606
1,7,concurrent,139,581
1,7,concurrent,140,543
1,7,concurrent,141,595
1,7,concurrent,142,576
1,7,concurrent,143,552
1,7,concurrent,144,643
1,7,concurrent,145,553
1,7,concurrent,146,517
1,7,concurrent,147,503
1,7,concurrent,148,605
1,7,concurrent,149,586
1,7,concurrent,150,560
1,7,concurrent,151,574
1,7,concurrent,152,503
1,7,concurrent,153,660
1,7,concurrent,154,495
1,7,concurrent,155,510
1,7,concurrent,156,538
1,7,concurrent,157,503
1,7,concurrent,158,532
1,7,concurrent,159,544
1,7,concurrent,160,538
1,7,concurrent,161,556
1,7,concurrent,162,553
1,7,concurrent,163,538
1,7,concurrent,164,567
1,7,concurrent,165,539
1,7,concurrent,166,585
1,7,concurrent,167,581
1,7,concurrent,168,596
1,7,concurrent,169,544
1,7,concurrent,170,554
1,7,concurrent,171,565
1,7,concurrent,172,659
1,7,concurrent,173,557
1,7,concurrent,174,531
1,7,concurrent,175,518
1,7,concurrent,176,520
1,7,concurrent,177,557
1,7,concurrent,178,553
1,7,concurrent,179,530
1,7,concurrent,180,536
1,7,concurrent,181,555
1,7,concurrent,182,524
1,7,concurrent,183,569
1,7,concurrent,184,543
1,7,concurrent,185,531
1,7,concurrent,186,542
1,7,concurrent,187,540
1,7,concurrent,188,546
1,7,concurrent,189,539
1,7,concurrent,190,517
1,7,concurrent,191,529
1,7,concurrent,192,532
1,7,concurrent,193,535
1,7,concurrent,194,549
1,7,concurrent,195,537
1,7,concurrent,196,536
1,7,concurrent,197,496
1,7,concurrent,198,534
1,7,concurrent,199,536
1,7,concurrent,200,533
1,7,concurrent,201,743
1,7,concurrent,202,745
1,7,concurrent,203,759
1,7,concurrent,204,683
1,7,concurrent,205,541
1,7,concurrent,206,557
1,7,concurrent,207,537
1,7,concurrent,208,566
1,7,concurrent,209,572
1,7,concurrent,210,581
1,7,concurrent,211,543
1,7,concurrent,212,574
1,7,concurrent,213,584
1,7,concurrent,214,640
1,7,concurrent,215,603
1,7,concurrent,216,526
1,7,concurrent,217,528
1,7,concurrent,218,612
1,7,concurrent,219,528
1,7,concurrent,220,592
1,7,concurrent,221,598
1,7,concurrent,222,546
1,7,concurrent,223,529
1,7,concurrent,224,540
1,7,concurrent,225,568
1,7,concurrent,226,570
1,7,concurrent,227,571
1,7,concurrent,228,701
1,7,concurrent,229,555
1,7,concurrent,230,539
1,7,concurrent,231,574
1,7,concurrent,232,547
1,7,concurrent,233,571
1,7,concurrent,234,814
1,7,concurrent,235,836
1,7,concurrent,236,741
1,7,concurrent,237,581
1,7,concurrent,238,578
1,7,concurrent,239,578
1,7,concurrent,240,616
1,7,concurrent,241,584
1,7,concurrent,242,574
1,7,concurrent,243,565
1,7,concurrent,244,558
1,7,concurrent,245,546
1,7,concurrent,246,529
1,7,concurrent,247,543
1,7,concurrent,248,521
1,7,concurrent,249,478
1,7,concurrent,250,699
1,7,concurrent,251,861
1,7,concurrent,252,869
1,7,concurrent,253,690
1,7,concurrent,254,706
1,7,concurrent,255,662
1,7,concurrent,256,721
1,7,concurrent,257,705
1,7,concurrent,258,699
1,7,concurrent,259,575
1,7,concurrent,260,573
1,7,concurrent,261,580
1,7,concurrent,262,561
1,7,concurrent,263,589
1,7,concurrent,264,600
1,7,concurrent,265,533
1,7,concurrent,266,622
1,7,concurrent,267,584
1,7,concurrent,268,636
1,7,concurrent,269,632
1,7,concurrent,270,628
1,7,concurrent,271,636
1,7,concurrent,272,652
1,7,concurrent,273,584
1,7,concurrent,274,526
1,7,concurrent,275,547
1,7,concurrent,276,577
1,7,concurrent,277,544
1,7,concurrent,278,776
1,7,concurrent,279,554
1,7,concurrent,280,493
1,7,concurrent,281,499
1,7,concurrent,282,525
1,7,concurrent,283,552
1,7,concurrent,284,531
1,7,concurrent,285,550
1,7,concurrent,286,547
1,7,concurrent,287,558
1,7,concurrent,288,559
1,7,concurrent,289,533
1,7,concurrent,290,583
1,7,concurrent,291,520
1,7,concurrent,292,574
1,7,concurrent,293,532
1,7,concurrent,294,550
1,7,concurrent,295,571
1,7,concurrent,296,516
1,7,concurrent,297,503
1,7,concurrent,298,501
1,7,concurrent,299,491
1,7,concurrent,300,516
1,7,concurrent,301,540
1,7,concurrent,302,533
1,7,concurrent,303,519
1,7,concurrent,304,537
1,7,concurrent,305,546
1,7,concurrent,306,535
1,7,concurrent,307,703
1,7,concurrent,308,543
1,7,concurrent,309,545
1,7,concurrent,310,542
1,7,concurrent,311,543
1,7,concurrent,312,528
1,7,concurrent,313,552
1,7,concurrent,314,546
1,7,concurrent,315,551
1,7,concurrent,316,546
1,7,concurrent,317,537
1,7,concurrent,318,505
1,7,concurrent,319,518
1,7,concurrent,320,525
1,7,concurrent,321,505
1,7,concurrent,322,546
1,7,concurrent,323,516
1,7,concurrent,324,481
1,7,concurrent,325,512
1,7,concurrent,326,549
1,7,concurrent,327,563
1,7,concurrent,328,544
1,7,concurrent,329,545
1,7,concurrent,330,556
1,7,concurrent,331,549
1,7,concurrent,332,537
1,7,concurrent,333,538
1,7,concurrent,334,509
1,7,concurrent,335,487
1,7,concurrent,336,492
1,7,concurrent,337,590
1,7,concurrent,338,507
1,7,concurrent,339,602
1,7,concurrent,340,575
1,7,concurrent,341,539
1,7,concurrent,342,533
1,7,concurrent,343,549
1,7,concurrent,344,537
1,7,concurrent,345,538
1,7,concurrent,346,475
1,7,concurrent,347,549
1,7,concurrent,348,536
1,7,concurrent,349,508
1,7,concurrent,350,525
1,7,concurrent,351,498
1,7,concurrent,352,512
1,7,concurrent,353,531
1,7,concurrent,354,481
1,7,concurrent,355,555
1,7,concurrent,356,500
1,7,concurrent,357,533
1,7,concurrent,358,519
1,7,concurrent,359,524
1,7,concurrent,360,525
1,7,concurrent,361,542
1,7,concurrent,362,549
1,7,concurrent,363,549
1,7,concurrent,364,545
1,7,concurrent,365,915
1,7,concurrent,366,644
1,7,concurrent,367,743
1,7,concurrent,368,704
1,7,concurrent,369,626
1,7,concurrent,370,671
1,7,concurrent,371,750
1,7,concurrent,372,590
1,7,concurrent,373,592
1,7,concurrent,374,668
1,7,concurrent,375,567
1,7,concurrent,376,611
1,7,concurrent,377,592
1,7,concurrent,378,613
1,7,concurrent,379,543
1,7,concurrent,380,579
1,7,concurrent,381,538
1,7,concurrent,382,537
1,7,concurrent,383,500
1,7,concurrent,384,556
1,7,concurrent,385,549
1,7,concurrent,386,512
1,7,concurrent,387,575
1,7,concurrent,388,598
1,7,concurrent,389,619
1,7,concurrent,390,735
1,7,concurrent,391,542
1,7,concurrent,392,566
1,7,concurrent,393,683
1,7,concurrent,394,586
1,7,concurrent,395,554
1,7,concurrent,396,580
1,7,concurrent,397,572
1,7,concurrent,398,529
1,7,concurrent,399,499
1,7,concurrent,400,534
1,7,concurrent,401,522
1,7,concurrent,402,529
1,7,concurrent,403,491
1,7,concurrent,404,518
1,7,concurrent,405,538
1,7,concurrent,406,533
1,7,concurrent,407,535
1,7,concurrent,408,505
1,7,concurrent,409,513
1,7,concurrent,410,471
1,7,concurrent,411,511
1,7,concurrent,412,510
1,7,concurrent,413,538
1,7,concurrent,414,514
1,7,concurrent,415,533
1,7,concurrent,416,566
1,7,concurrent,417,544
1,7,concurrent,418,512
1,7,concurrent,419,932
1,7,concurrent,420,527
1,7,concurrent,421,493
1,7,concurrent,422,551
1,7,concurrent,423,497
1,7,concurrent,424,491
1,7,concurrent,425,496
1,7,concurrent,426,513
1,7,concurrent,427,497
1,7,concurrent,428,559
1,7,concurrent,429,518
1,7,concurrent,430,534
1,7,concurrent,431,509
1,7,concurrent,432,527
1,7,concurrent,433,531
1,7,concurrent,434,532
1,7,concurrent,435,520
1,7,concurrent,436,520
1,7,concurrent,437,537
1,7,concurrent,438,486
1,7,concurrent,439,482
1,7,concurrent,440,580
1,7,concurrent,441,566
1,7,concurrent,442,490
1,7,concurrent,443,501
1,7,concurrent,444,497
1,7,concurrent,445,492
1,7,concurrent,446,512
1,7,concurrent,447,561
1,7,concurrent,448,505
1,7,concurrent,449,611
1,7,concurrent,450,653
1,7,concurrent,451,902
1,7,concurrent,452,1111
1,7,concurrent,453,1074
1,7,concurrent,454,1092
1,7,concurrent,455,893
1,7,concurrent,456,970
1,7,concurrent,457,833
1,7,concurrent,458,815
1,7,concurrent,459,859
1,7,concurrent,460,761
1,7,concurrent,461,582
1,7,concurrent,462,549
1,7,concurrent,463,530
1,7,concurrent,464,607
1,7,concurrent,465,550
1,7,concurrent,466,590
1,7,concurrent,467,616
1,7,concurrent,468,572
1,7,concurrent,469,556
1,7,concurrent,470,723
1,7,concurrent,471,642
1,7,concurrent,472,549
1,7,concurrent,473,666
1,7,concurrent,474,540
1,7,concurrent,475,657
1,7,concurrent,476,607
1,7,concurrent,477,590
1,7,concurrent,478,580
1,7,concurrent,479,542
1,7,concurrent,480,582
1,7,concurrent,481,561
1,7,concurrent,482,561
1,7,concurrent,483,559
1,7,concurrent,484,560
1,7,concurrent,485,574
1,7,concurrent,486,576
1,7,concurrent,487,591
1,7,concurrent,488,585
1,7,concurrent,489,589
1,7,concurrent,490,560
1,7,concurrent,491,542
1,7,concurrent,492,559
1,7,concurrent,493,585
1,7,concurrent,494,578
1,7,concurrent,495,529
1,7,concurrent,496,688
1,7,concurrent,497,585
1,7,concurrent,498,616
1,7,concurrent,499,559
1,7,concurrent,500,569
1,7,concurrent,501,591
1,7,concurrent,502,564
1,7,concurrent,503,589
1,7,concurrent,504,569
1,7,concurrent,505,566
1,7,concurrent,506,548
1,7,concurrent,507,576
1,7,concurrent,508,574
1,7,concurrent,509,573
1,7,concurrent,510,536
1,7,concurrent,511,634
1,7,concurrent,512,870
1,7,concurrent,513,660
1,7,concurrent,514,701
1,7,concurrent,515,707
1,7,concurrent,516,653
1,7,concurrent,517,565
1,7,concurrent,518,532
1,7,concurrent,519,540
1,7,concurrent,520,537
1,7,concurrent,521,851
1,7,concurrent,522,723
1,7,concurrent,523,676
1,7,concurrent,524,549
1,7,concurrent,525,498
1,7,concurrent,526,503
1,7,concurrent,527,568
1,7,concurrent,528,544
1,7,concurrent,529,539
1,7,concurrent,530,583
1,7,concurrent,531,546
1,7,concurrent,532,557
1,7,concurrent,533,528
1,7,concurrent,534,580
1,7,concurrent,535,555
1,7,concurrent,536,523
1,7,concurrent,537,541
1,7,concurrent,538,554
1,7,concurrent,539,538
1,7,concurrent,540,561
1,7,concurrent,541,559
1,7,concurrent,542,599
1,7,concurrent,543,544
1,7,concurrent,544,523
1,7,concurrent,545,554
1,7,concurrent,546,482
1,7,concurrent,547,644
1,7,concurrent,548,587
1,7,concurrent,549,607
1,7,concurrent,550,597
1,7,concurrent,551,598
1,7,concurrent,552,589
1,7,concurrent,553,587
1,7,concurrent,554,514
1,7,concurrent,555,597
1,7,concurrent,556,619
1,7,concurrent,557,579
1,7,concurrent,558,600
1,7,concurrent,559,610
1,7,concurrent,560,658
1,7,concurrent,561,626
1,7,concurrent,562,597
1,7,concurrent,563,577
1,7,concurrent,564,536
1,7,concurrent,565,562
1,7,concurrent,566,586
1,7,concurrent,567,562
1,7,concurrent,568,581
1,7,concurrent,569,548
1,7,concurrent,570,585
1,7,concurrent,571,549
1,7,concurrent,572,763
1,7,concurrent,573,604
1,7,concurrent,574,651
1,7,concurrent,575,588
1,7,concurrent,576,621
1,7,concurrent,577,649
1,7,concurrent,578,593
1,7,concurrent,579,614
1,7,concurrent,580,613
1,7,concurrent,581,553
1,7,concurrent,582,555
1,7,concurrent,583,549
1,7,concurrent,584,539
1,7,concurrent,585,545
1,7,concurrent,586,536
1,7,concurrent,587,539
1,7,concurrent,588,576
1,7,concurrent,589,540
1,7,concurrent,590,542
1,7,concurrent,591,562
1,7,concurrent,592,528
1,7,concurrent,593,494
1,7,concurrent,594,543
1,7,concurrent,595,528
1,7,concurrent,596,495
1,7,concurrent,597,508
1,7,concurrent,598,502
1,7,concurrent,599,510
1,7,concurrent,600,500
1,7,concurrent,601,719
1,7,concurrent,602,594
1,7,concurrent,603,540
1,7,concurrent,604,522
1,7,concurrent,605,531
1,7,concurrent,606,562
1,7,concurrent,607,542
1,7,concurrent,608,530
1,7,concurrent,609,529
1,7,concurrent,610,517
1,7,concurrent,611,554
1,7,concurrent,612,542
1,7,concurrent,613,534
1,7,concurrent,614,526
1,7,concurrent,615,550
1,7,concurrent,616,534
1,7,concurrent,617,550
1,7,concurrent,618,532
1,7,concurrent,619,517
1,7,concurrent,620,533
1,7,concurrent,621,506
1,7,concurrent,622,513
1,7,concurrent,623,503
1,7,concurrent,624,531
1,7,concurrent,625,521
1,7,concurrent,626,544
1,7,concurrent,627,526
1,7,concurrent,628,572
1,7,concurrent,629,505
1,7,concurrent,630,654
1,7,concurrent,631,607
1,7,concurrent,632,560
1,7,concurrent,633,569
1,7,concurrent,634,585
1,7,concurrent,635,601
1,7,concurrent,636,552
1,7,concurrent,637,624
1,7,concurrent,638,590
1,7,concurrent,639,565
1,7,concurrent,640,557
1,7,concurrent,641,582
1,7,concurrent,642,586
1,7,concurrent,643,586
1,7,concurrent,644,568
1,7,concurrent,645,562
1,7,concurrent,646,567
1,7,concurrent,647,588
1,7,concurrent,648,579
1,7,concurrent,649,595
1,7,concurrent,650,577
1,7,concurrent,651,594
1,7,concurrent,652,573
1,7,concurrent,653,560
1,7,concurrent,654,569
1,7,concurrent,655,607
1,7,concurrent,656,890
1,7,concurrent,657,739
1,7,concurrent,658,530
1,7,concurrent,659,548
1,7,concurrent,660,661
1,7,concurrent,661,532
1,7,concurrent,662,565
1,7,concurrent,663,551
1,7,concurrent,664,502
1,7,concurrent,665,494
1,7,concurrent,666,551
1,7,concurrent,667,546
1,7,concurrent,668,536
1,7,concurrent,669,567
1,7,concurrent,670,542
1,7,concurrent,671,575
1,7,concurrent,672,550
1,7,concurrent,673,487
1,7,concurrent,674,557
1,7,concurrent,675,534
1,7,concurrent,676,532
1,7,concurrent,677,511
1,7,concurrent,678,508
1,7,concurrent,679,540
1,7,concurrent,680,498
1,7,concurrent,681,549
1,7,concurrent,682,527
1,7,concurrent,683,526
1,7,concurrent,684,807
1,7,concurrent,685,680
1,7,concurrent,686,781
1,7,concurrent,687,669
1,7,concurrent,688,584
1,7,concurrent,689,570
1,7,concurrent,690,555
1,7,concurrent,691,569
1,7,concurrent,692,508
1,7,concurrent,693,574
1,7,concurrent,694,554
1,7,concurrent,695,544
1,7,concurrent,696,537
1,7,concurrent,697,557
1,7,concurrent,698,513
1,7,concurrent,699,575
1,7,concurrent,700,542
1,7,concurrent,701,531
1,7,concurrent,702,545
1,7,concurrent,703,548
1,7,concurrent,704,540
1,7,concurrent,705,517
1,7,concurrent,706,498
1,7,concurrent,707,567
1,7,concurrent,708,531
1,7,concurrent,709,539
1,7,concurrent,710,610
1,7,concurrent,711,543
1,7,concurrent,712,857
1,7,concurrent,713,1003
1,7,concurrent,714,835
1,7,concurrent,715,698
1,7,concurrent,716,664
1,7,concurrent,717,796
1,7,concurrent,718,719
1,7,concurrent,719,639
1,7,concurrent,720,702
1,7,concurrent,721,684
1,7,concurrent,722,615
1,7,concurrent,723,924
1,7,concurrent,724,973
1,7,concurrent,725,840
1,7,concurrent,726,838
1,7,concurrent,727,830
1,7,concurrent,728,819
1,7,concurrent,729,860
1,7,concurrent,730,819
1,7,concurrent,731,1039
1,7,concurrent,732,1017
1,7,concurrent,733,1108
1,7,concurrent,734,1065
1,7,concurrent,735,703
1,7,concurrent,736,710
1,7,concurrent,737,681
1,7,concurrent,738,635
1,7,concurrent,739,786
1,7,concurrent,740,714
1,7,concurrent,741,734
1,7,concurrent,742,779
1,7,concurrent,743,1163
1,7,concurrent,744,1526
1,7,concurrent,745,1089
1,7,concurrent,746,1072
1,7,concurrent,747,1155
1,7,concurrent,748,1073
1,7,concurrent,749,702
1,7,concurrent,750,835
1,7,concurrent,751,705
1,7,concurrent,752,620
1,7,concurrent,753,621
1,7,concurrent,754,681
1,7,concurrent,755,732
1,7,concurrent,756,900
1,7,concurrent,757,815
1,7,concurrent,758,602
1,7,concurrent,759,604
1,7,concurrent,760,601
1,7,concurrent,761,622
1,7,concurrent,762,627
1,7,concurrent,763,622
1,7,concurrent,764,923
1,7,concurrent,765,906
1,7,concurrent,766,661
1,7,concurrent,767,677
1,7,concurrent,768,629
1,7,concurrent,769,638
1,7,concurrent,770,733
1,7,concurrent,771,744
1,7,concurrent,772,730
1,7,concurrent,773,655
1,7,concurrent,774,699
1,7,concurrent,775,688
1,7,concurrent,776,599
1,7,concurrent,777,566
1,7,concurrent,778,564
1,7,concurrent,779,514
1,7,concurrent,780,516
1,7,concurrent,781,549
1,7,concurrent,782,560
1,7,concurrent,783,556
1,7,concurrent,784,543
1,7,concurrent,785,549
1,7,concurrent,786,557
1,7,concurrent,787,580
1,7,concurrent,788,567
1,7,concurrent,789,547
1,7,concurrent,790,552
1,7,concurrent,791,549
1,7,concurrent,792,550
1,7,concurrent,793,562
1,7,concurrent,794,532
1,7,concurrent,795,537
1,7,concurrent,796,609
1,7,concurrent,797,536
1,7,concurrent,798,640
1,7,concurrent,799,581
1,7,concurrent,800,575
1,7,concurrent,801,589
1,7,concurrent,802,560
1,7,concurrent,803,555
1,7,concurrent,804,585
1,7,concurrent,805,604
1,7,concurrent,806,553
1,7,concurrent,807,540
1,7,concurrent,808,502
1,7,concurrent,809,513
1,7,concurrent,810,527
1,7,concurrent,811,540
1,7,concurrent,812,559
1,7,concurrent,813,530
1,7,concurrent,814,520
1,7,concurrent,815,560
1,7,concurrent,816,530
1,7,concurrent,817,514
1,7,concurrent,818,514
1,7,concurrent,819,515
1,7,concurrent,820,584
1,7,concurrent,821,556
1,7,concurrent,822,542
1,7,concurrent,823,549
1,7,concurrent,824,548
1,7,concurrent,825,568
1,7,concurrent,826,566
1,7,concurrent,827,719
1,7,concurrent,828,551
1,7,concurrent,829,548
1,7,concurrent,830,587
1,7,concurrent,831,598
1,7,concurrent,832,521
1,7,concurrent,833,551
1,7,concurrent,834,513
1,7,concurrent,835,572
1,7,concurrent,836,540
1,7,concurrent,837,562
1,7,concurrent,838,549
1,7,concurrent,839,547
1,7,concurrent,840,562
1,7,concurrent,841,518
1,7,concurrent,842,537
1,7,concurrent,843,638
1,7,concurrent,844,526
1,7,concurrent,845,550
1,7,concurrent,846,564
1,7,concurrent,847,567
1,7,concurrent,848,591
1,7,concurrent,849,576
1,7,concurrent,850,543
1,7,concurrent,851,568
1,7,concurrent,852,550
1,7,concurrent,853,544
1,7,concurrent,854,546
1,7,concurrent,855,560
1,7,concurrent,856,903
1,7,concurrent,857,674
1,7,concurrent,858,722
1,7,concurrent,859,630
1,7,concurrent,860,647
1,7,concurrent,861,598
1,7,concurrent,862,599
1,7,concurrent,863,655
1,7,concurrent,864,547
1,7,concurrent,865,567
1,7,concurrent,866,575
1,7,concurrent,867,560
1,7,concurrent,868,523
1,7,concurrent,869,566
1,7,concurrent,870,550
1,7,concurrent,871,551
1,7,concurrent,872,525
1,7,concurrent,873,560
1,7,concurrent,874,520
1,7,concurrent,875,513
1,7,concurrent,876,524
1,7,concurrent,877,500
1,7,concurrent,878,542
1,7,concurrent,879,527
1,7,concurrent,880,508
1,7,concurrent,881,552
1,7,concurrent,882,813
1,7,concurrent,883,667
1,7,concurrent,884,648
1,7,concurrent,885,639
1,7,concurrent,886,588
1,7,concurrent,887,576
1,7,concurrent,888,584
1,7,concurrent,889,546
1,7,concurrent,890,606
1,7,concurrent,891,519
1,7,concurrent,892,571
1,7,concurrent,893,543
1,7,concurrent,894,531
1,7,concurrent,895,640
1,7,concurrent,896,563
1,7,concurrent,897,551
1,7,concurrent,898,557
1,7,concurrent,899,578
1,7,concurrent,900,585
1,7,concurrent,901,542
1,7,concurrent,902,582
1,7,concurrent,903,588
1,7,concurrent,904,582
1,7,concurrent,905,572
1,7,concurrent,906,613
1,7,concurrent,907,764
1,7,concurrent,908,987
1,7,concurrent,909,568
1,7,concurrent,910,492
1,7,concurrent,911,477
1,7,concurrent,912,502
1,7,concurrent,913,528
1,7,concurrent,914,476
1,7,concurrent,915,516
1,7,concurrent,916,492
1,7,concurrent,917,533
1,7,concurrent,918,538
1,7,concurrent,919,532
1,7,concurrent,920,516
1,7,concurrent,921,552
1,7,concurrent,922,537
1,7,concurrent,923,543
1,7,concurrent,924,538
1,7,concurrent,925,566
1,7,concurrent,926,529
1,7,concurrent,927,528
1,7,concurrent,928,532
1,7,concurrent,929,536
1,7,concurrent,930,561
1,7,concurrent,931,540
1,7,concurrent,932,632
1,7,concurrent,933,601
1,7,concurrent,934,547
1,7,concurrent,935,815
1,7,concurrent,936,760
1,7,concurrent,937,757
1,7,concurrent,938,775
1,7,concurrent,939,793
1,7,concurrent,940,738
1,7,concurrent,941,688
1,7,concurrent,942,546
1,7,concurrent,943,728
1,7,concurrent,944,974
1,7,concurrent,945,920
1,7,concurrent,946,887
1,7,concurrent,947,932
1,7,concurrent,948,931
1,7,concurrent,949,965
1,7,concurrent,950,1018
1,7,concurrent,951,947
1,7,concurrent,952,922
1,7,concurrent,953,816
1,7,concurrent,954,908
1,7,concurrent,955,570
1,7,concurrent,956,544
1,7,concurrent,957,501
1,7,concurrent,958,524
1,7,concurrent,959,528
1,7,concurrent,960,485
1,7,concurrent,961,486
1,7,concurrent,962,507
1,7,concurrent,963,519
1,7,concurrent,964,544
1,7,concurrent,965,484
1,7,concurrent,966,514
1,7,concurrent,967,541
1,7,concurrent,968,504
1,7,concurrent,969,501
1,7,concurrent,970,464
1,7,concurrent,971,511
1,7,concurrent,972,529
1,7,concurrent,973,516
1,7,concurrent,974,478
1,7,concurrent,975,531
1,7,concurrent,976,473
1,7,concurrent,977,517
1,7,concurrent,978,568
1,7,concurrent,979,517
1,7,concurrent,980,568
1,7,concurrent,981,500
1,7,concurrent,982,510
1,7,concurrent,983,694
1,7,concurrent,984,561
1,7,concurrent,985,523
1,7,concurrent,986,567
1,7,concurrent,987,565
1,7,concurrent,988,546
1,7,concurrent,989,518
1,7,concurrent,990,559
1,7,concurrent,991,664
1,7,concurrent,992,512
1,7,concurrent,993,524
1,7,concurrent,994,581
1,7,concurrent,995,596
1,7,concurrent,996,573
1,7,concurrent,997,600
1,7,concurrent,998,563
1,7,concurrent,999,512
2,6,cpu_base,0,165
2,6,cpu_base,1,159
2,6,cpu_base,2,171
2,6,cpu_base,3,169
2,6,cpu_base,4,168
2,6,cpu_base,5,155
2,6,cpu_base,6,163
2,6,cpu_base,7,215
2,6,cpu_base,8,179
2,6,cpu_base,9,176
2,6,cpu_base,10,177
2,6,cpu_base,11,165
2,6,cpu_base,12,165
2,6,cpu_base,13,166
2,6,cpu_base,14,152
2,6,cpu_base,15,226
2,6,cpu_base,16,176
2,6,cpu_base,17,156
2,6,cpu_base,18,164
2,6,cpu_base,19,176
2,6,cpu_base,20,169
2,6,cpu_base,21,177
2,6,cpu_base,22,176
2,6,cpu_base,23,155
2,6,cpu_base,24,171
2,6,cpu_base,25,167
2,6,cpu_base,26,181
2,6,cpu_base,27,156
2,6,cpu_base,28,228
2,6,cpu_base,29,272
2,6,cpu_base,30,229
2,6,cpu_base,31,251
2,6,cpu_base,32,270
2,6,cpu_base,33,270
2,6,cpu_base,34,253
2,6,cpu_base,35,194
2,6,cpu_base,36,178
2,6,cpu_base,37,186
2,6,cpu_base,38,176
2,6,cpu_base,39,170
2,6,cpu_base,40,169
2,6,cpu_base,41,176
2,6,cpu_base,42,166
2,6,cpu_base,43,160
2,6,cpu_base,44,162
2,6,cpu_base,45,180
2,6,cpu_base,46,152
2,6,cpu_base,47,155
2,6,cpu_base,48,160
2,6,cpu_base,49,157
2,6,cpu_base,50,175
2,6,cpu_base,51,176
2,6,cpu_base,52,163
2,6,cpu_base,53,167
2,6,cpu_base,54,183
2,6,cpu_base,55,164
2,6,cpu_base,56,182
2,6,cpu_base,57,171
2,6,cpu_base,58,159
2,6,cpu_base,59,168
2,6,cpu_base,60,159
2,6,cpu_base,61,204
2,6,cpu_base,62,184
2,6,cpu_base,63,167
2,6,cpu_base,64,165
2,6,cpu_base,65,165
2,6,cpu_base,66,170
2,6,cpu_base,67,163
2,6,cpu_base,68,157
2,6,cpu_base,69,162
2,6,cpu_base,70,160
2,6,cpu_base,71,160
2,6,cpu_base,72,169
2,6,cpu_base,73,181
2,6,cpu_base,74,180
2,6,cpu_base,75,185
2,6,cpu_base,76,192
2,6,cpu_base,77,202
2,6,cpu_base,78,166
2,6,cpu_base,79,192
2,6,cpu_base,80,274
2,6,cpu_base,81,196
2,6,cpu_base,82,152
2,6,cpu_base,83,147
2,6,cpu_base,84,391
2,6,cpu_base,85,276
2,6,cpu_base,86,209
2,6,cpu_base,87,177
2,6,cpu_base,88,150
2,6,cpu_base,89,157
2,6,cpu_base,90,149
2,6,cpu_base,91,148
2,6,cpu_base,92,154
2,6,cpu_base,93,146
2,6,cpu_base,94,196
2,6,cpu_base,95,150
2,6,cpu_base,96,148
2,6,cpu_base,97,150
2,6,cpu_base,98,144
2,6,cpu_base,99,165
2,6,cpu_base,100,164
2,6,cpu_base,101,163
2,6,cpu_base,102,163
2,6,cpu_base,103,158
2,6,cpu_base,104,150
2,6,cpu_base,105,147
2,6,cpu_base,106,151
2,6,cpu_base,107,160
2,6,cpu_base,108,151
2,6,cpu_base,109,153
2,6,cpu_base,110,162
2,6,cpu_base,111,147
2,6,cpu_base,112,159
2,6,cpu_base,113,145
2,6,cpu_base,114,161
2,6,cpu_base,115,170
2,6,cpu_base,116,146
2,6,cpu_base,117,161
2,6,cpu_base,118,144
2,6,cpu_base,119,192
2,6,cpu_base,120,166
2,6,cpu_base,121,160
2,6,cpu_base,122,163
2,6,cpu_base,123,147
2,6,cpu_base,124,170
2,6,cpu_base,125,161
2,6,cpu_base,126,162
2,6,cpu_base,127,151
2,6,cpu_base,128,153
2,6,cpu_base,129,150
2,6,cpu_base,130,145
2,6,cpu_base,131,145
2,6,cpu_base,132,170
2,6,cpu_base,133,146
2,6,cpu_base,134,159
2,6,cpu_base,135,152
2,6,cpu_base,136,167
2,6,cpu_base,137,163
2,6,cpu_base,138,148
2,6,cpu_base,139,155
2,6,cpu_base,140,159
2,6,cpu_base,141,163
2,6,cpu_base,142,159
2,6,cpu_base,143,147
2,6,cpu_base,144,155
2,6,cpu_base,145,143
2,6,cpu_base,146,147
2,6,cpu_base,147,154
2,6,cpu_base,148,153
2,6,cpu_base,149,154
2,6,cpu_base,150,146
2,6,cpu_base,151,147
2,6,cpu_base,152,155
2,6,cpu_base,153,148
2,6,cpu_base,154,160
2,6,cpu_base,155,160
2,6,cpu_base,156,150
2,6,cpu_base,157,164
2,6,cpu_base,158,150
2,6,cpu_base,159,146
2,6,cpu_base,160,171
2,6,cpu_base,161,162
2,6,cpu_base,162,173
2,6,cpu_base,163,158
2,6,cpu_base,164,153
2,6,cpu_base,165,162
2,6,cpu_base,166,147
2,6,cpu_base,167,155
2,6,cpu_base,168,158
2,6,cpu_base,169,153
2,6,cpu_base,170,159
2,6,cpu_base,171,148
2,6,cpu_base,172,155
2,6,cpu_base,173,152
2,6,cpu_base,174,159
2,6,cpu_base,175,161
2,6,cpu_base,176,144
2,6,cpu_base,177,158
2,6,cpu_base,178,152
2,6,cpu_base,179,147
2,6,cpu_base,180,170
2,6,cpu_base,181,164
2,6,cpu_base,182,187
2,6,cpu_base,183,254
2,6,cpu_base,184,162
2,6,cpu_base,185,160
2,6,cpu_base,186,145
2,6,cpu_base,187,151
2,6,cpu_base,188,189
2,6,cpu_base,189,155
2,6,cpu_base,190,145
2,6,cpu_base,191,145
2,6,cpu_base,192,152
2,6,cpu_base,193,147
2,6,cpu_base,194,158
2,6,cpu_base,195,151
2,6,cpu_base,196,177
2,6,cpu_base,197,144
2,6,cpu_base,198,152
2,6,cpu_base,199,157
2,6,cpu_base,200,166
2,6,cpu_base,201,154
2,6,cpu_base,202,151
2,6,cpu_base,203,143
2,6,cpu_base,204,148
2,6,cpu_base,205,145
2,6,cpu_base,206,159
2,6,cpu_base,207,146
2,6,cpu_base,208,187
2,6,cpu_base,209,161
2,6,cpu_base,210,157
2,6,cpu_base,211,161
2,6,cpu_base,212,151
2,6,cpu_base,213,145
2,6,cpu_base,214,155
2,6,cpu_base,215,154
2,6,cpu_base,216,144
2,6,cpu_base,217,148
2,6,cpu_base,218,145
2,6,cpu_base,219,179
2,6,cpu_base,220,164
2,6,cpu_base,221,144
2,6,cpu_base,222,153
2,6,cpu_base,223,164
2,6,cpu_base,224,181
2,6,cpu_base,225,146
2,6,cpu_base,226,162
2,6,cpu_base,227,164
2,6,cpu_base,228,143
2,6,cpu_base,229,144
2,6,cpu_base,230,165
2,6,cpu_base,231,160
2,6,cpu_base,232,148
2,6,cpu_base,233,164
2,6,cpu_base,234,144
2,6,cpu_base,235,144
2,6,cpu_base,236,165
2,6,cpu_base,237,152
2,6,cpu_base,238,153
2,6,cpu_base,239,148
2,6,cpu_base,240,160
2,6,cpu_base,241,145
2,6,cpu_base,242,157
2,6,cpu_base,243,166
2,6,cpu_base,244,162
2,6,cpu_base,245,164
2,6,cpu_base,246,168
2,6,cpu_base,247,148
2,6,cpu_base,248,154
2,6,cpu_base,249,159
2,6,cpu_base,250,154
2,6,cpu_base,251,150
2,6,cpu_base,252,173
2,6,cpu_base,253,167
2,6,cpu_base,254,147
2,6,cpu_base,255,167
2,6,cpu_base,256,148
2,6,cpu_base,257,160
2,6,cpu_base,258,156
2,6,cpu_base,259,158
2,6,cpu_base,260,155
2,6,cpu_base,261,169
2,6,cpu_base,262,158
2,6,cpu_base,263,146
2,6,cpu_base,264,155
2,6,cpu_base,265,170
2,6,cpu_base,266,149
2,6,cpu_base,267,159
2,6,cpu_base,268,152
2,6,cpu_base,269,144
2,6,cpu_base,270,144
2,6,cpu_base,271,154
2,6,cpu_base,272,159
2,6,cpu_base,273,165
2,6,cpu_base,274,153
2,6,cpu_base,275,149
2,6,cpu_base,276,144
2,6,cpu_base,277,162
2,6,cpu_base,278,162
2,6,cpu_base,279,148
2,6,cpu_base,280,170
2,6,cpu_base,281,162
2,6,cpu_base,282,146
2,6,cpu_base,283,144
2,6,cpu_base,284,350
2,6,cpu_base,285,286
2,6,cpu_base,286,241
2,6,cpu_base,287,305
2,6,cpu_base,288,235
2,6,cpu_base,289,243
2,6,cpu_base,290,258
2,6,cpu_base,291,209
2,6,cpu_base,292,170
2,6,cpu_base,293,178
2,6,cpu_base,294,158
2,6,cpu_base,295,176
2,6,cpu_base,296,180
2,6,cpu_base,297,170
2,6,cpu_base,298,160
2,6,cpu_base,299,172
2,6,cpu_base,300,168
2,6,cpu_base,301,185
2,6,cpu_base,302,278
2,6,cpu_base,303,167
2,6,cpu_base,304,169
2,6,cpu_base,305,170
2,6,cpu_base,306,170
2,6,cpu_base,307,165
2,6,cpu_base,308,170
2,6,cpu_base,309,173
2,6,cpu_base,310,167
2,6,cpu_base,311,178
2,6,cpu_base,312,159
2,6,cpu_base,313,152
2,6,cpu_base,314,180
2,6,cpu_base,315,171
2,6,cpu_base,316,169
2,6,cpu_base,317,185
2,6,cpu_base,318,172
2,6,cpu_base,319,186
2,6,cpu_base,320,154
2,6,cpu_base,321,156
2,6,cpu_base,322,168
2,6,cpu_base,323,168
2,6,cpu_base,324,158
2,6,cpu_base,325,220
2,6,cpu_base,326,170
2,6,cpu_base,327,162
2,6,cpu_base,328,173
2,6,cpu_base,329,170
2,6,cpu_base,330,183
2,6,cpu_base,331,152
2,6,cpu_base,332,174
2,6,cpu_base,333,163
2,6,cpu_base,334,162
2,6,cpu_base,335,161
2,6,cpu_base,336,165
2,6,cpu_base,337,152
2,6,cpu_base,338,152
2,6,cpu_base,339,144
2,6,cpu_base,340,160
2,6,cpu_base,341,163
2,6,cpu_base,342,145
2,6,cpu_base,343,159
2,6,cpu_base,344,150
2,6,cpu_base,345,145
2,6,cpu_base,346,162
2,6,cpu_base,347,143
2,6,cpu_base,348,151
2,6,cpu_base,349,145
2,6,cpu_base,350,164
2,6,cpu_base,351,158
2,6,cpu_base,352,150
2,6,cpu_base,353,165
2,6,cpu_base,354,154
2,6,cpu_base,355,163
2,6,cpu_base,356,148
2,6,cpu_base,357,148
2,6,cpu_base,358,143
2,6,cpu_base,359,157
2,6,cpu_base,360,144
2,6,cpu_base,361,171
2,6,cpu_base,362,176
2,6,cpu_base,363,161
2,6,cpu_base,364,157
2,6,cpu_base,365,144
2,6,cpu_base,366,179
2,6,cpu_base,367,154
2,6,cpu_base,368,153
2,6,cpu_base,369,269
2,6,cpu_base,370,218
2,6,cpu_base,371,266
2,6,cpu_base,372,172
2,6,cpu_base,373,159
2,6,cpu_base,374,159
2,6,cpu_base,375,162
2,6,cpu_base,376,178
2,6,cpu_base,377,232
2,6,cpu_base,378,209
2,6,cpu_base,379,218
2,6,cpu_base,380,157
2,6,cpu_base,381,165
2,6,cpu_base,382,165
2,6,cpu_base,383,157
2,6,cpu_base,384,157
2,6,cpu_base,385,159
2,6,cpu_base,386,164
2,6,cpu_base,387,170
2,6,cpu_base,388,159
2,6,cpu_base,389,184
2,6,cpu_base,390,158
2,6,cpu_base,391,169
2,6,cpu_base,392,155
2,6,cpu_base,393,188
2,6,cpu_base,394,156
2,6,cpu_base,395,167
2,6,cpu_base,396,168
2,6,cpu_base,397,153
2,6,cpu_base,398,153
2,6,cpu_base,399,157
2,6,cpu_base,400,167
2,6,cpu_base,401,143
2,6,cpu_base,402,153
2,6,cpu_base,403,148
2,6,cpu_base,404,151
2,6,cpu_base,405,141
2,6,cpu_base,406,150
2,6,cpu_base,407,142
2,6,cpu_base,408,151
2,6,cpu_base,409,144
2,6,cpu_base,410,149
2,6,cpu_base,411,143
2,6,cpu_base,412,147
2,6,cpu_base,413,148
2,6,cpu_base,414,152
2,6,cpu_base,415,148
2,6,cpu_base,416,144
2,6,cpu_base,417,159
2,6,cpu_base,418,252
2,6,cpu_base,419,178
2,6,cpu_base,420,151
2,6,cpu_base,421,162
2,6,cpu_base,422,168
2,6,cpu_base,423,143
2,6,cpu_base,424,145
2,6,cpu_base,425,146
2,6,cpu_base,426,164
2,6,cpu_base,427,144
2,6,cpu_base,428,149
2,6,cpu_base,429,142
2,6,cpu_base,430,148
2,6,cpu_base,431,142
2,6,cpu_base,432,147
2,6,cpu_base,433,142
2,6,cpu_base,434,147
2,6,cpu_base,435,145
2,6,cpu_base,436,141
2,6,cpu_base,437,142
2,6,cpu_base,438,146
2,6,cpu_base,439,146
2,6,cpu_base,440,155
2,6,cpu_base,441,221
2,6,cpu_base,442,224
2,6,cpu_base,443,156
2,6,cpu_base,444,146
2,6,cpu_base,445,147
2,6,cpu_base,446,226
2,6,cpu_base,447,230
2,6,cpu_base,448,149
2,6,cpu_base,449,169
2,6,cpu_base,450,152
2,6,cpu_base,451,157
2,6,cpu_base,452,195
2,6,cpu_base,453,144
2,6,cpu_base,454,150
2,6,cpu_base,455,145
2,6,cpu_base,456,152
2,6,cpu_base,457,153
2,6,cpu_base,458,165
2,6,cpu_base,459,186
2,6,cpu_base,460,142
2,6,cpu_base,461,147
2,6,cpu_base,462,153
2,6,cpu_base,463,146
2,6,cpu_base,464,146
2,6,cpu_base,465,142
2,6,cpu_base,466,309
2,6,cpu_base,467,295
2,6,cpu_base,468,255
2,6,cpu_base,469,251
2,6,cpu_base,470,256
2,6,cpu_base,471,249
2,6,cpu_base,472,252
2,6,cpu_base,473,253
2,6,cpu_base,474,253
2,6,cpu_base,475,353
2,6,cpu_base,476,755
2,6,cpu_base,477,254
2,6,cpu_base,478,788
2,6,cpu_base,479,308
2,6,cpu_base,480,279
2,6,cpu_base,481,279
2,6,cpu_base,482,292
2,6,cpu_base,483,276
2,6,cpu_base,484,333
2,6,cpu_base,485,271
2,6,cpu_base,486,260
2,6,cpu_base,487,274
2,6,cpu_base,488,261
2,6,cpu_base,489,266
2,6,cpu_base,490,284
2,6,cpu_base,491,361
2,6,cpu_base,492,277
2,6,cpu_base,493,365
2,6,cpu_base,494,297
2,6,cpu_base,495,241
2,6,cpu_base,496,147
2,6,cpu_base,497,154
2,6,cpu_base,498,154
2,6,cpu_base,499,229
2,6,cpu_base,500,187
2,6,cpu_base,501,145
2,6,cpu_base,502,148
2,6,cpu_base,503,193
2,6,cpu_base,504,145
2,6,cpu_base,505,152
2,6,cpu_base,506,148
2,6,cpu_base,507,208
2,6,cpu_base,508,254
2,6,cpu_base,509,186
2,6,cpu_base,510,158
2,6,cpu_base,511,201
2,6,cpu_base,512,146
2,6,cpu_base,513,144
2,6,cpu_base,514,149
2,6,cpu_base,515,152
2,6,cpu_base,516,212
2,6,cpu_base,517,153
2,6,cpu_base,518,229
2,6,cpu_base,519,261
2,6,cpu_base,520,156
2,6,cpu_base,521,213
2,6,cpu_base,522,149
2,6,cpu_base,523,161
2,6,cpu_base,524,196
2,6,cpu_base,525,156
2,6,cpu_base,526,146
2,6,cpu_base,527,169
2,6,cpu_base,528,146
2,6,cpu_base,529,145
2,6,cpu_base,530,169
2,6,cpu_base,531,170
2,6,cpu_base,532,162
2,6,cpu_base,533,225
2,6,cpu_base,534,280
2,6,cpu_base,535,266
2,6,cpu_base,536,254
2,6,cpu_base,537,218
2,6,cpu_base,538,223
2,6,cpu_base,539,228
2,6,cpu_base,540,156
2,6,cpu_base,541,150
2,6,cpu_base,542,146
2,6,cpu_base,543,153
2,6,cpu_base,544,146
2,6,cpu_base,545,148
2,6,cpu_base,546,143
2,6,cpu_base,547,150
2,6,cpu_base,548,147
2,6,cpu_base,549,167
2,6,cpu_base,550,146
2,6,cpu_base,551,148
2,6,cpu_base,552,143
2,6,cpu_base,553,166
2,6,cpu_base,554,146
2,6,cpu_base,555,145
2,6,cpu_base,556,150
2,6,cpu_base,557,154
2,6,cpu_base,558,237
2,6,cpu_base,559,242
2,6,cpu_base,560,231
2,6,cpu_base,561,145
2,6,cpu_base,562,151
2,6,cpu_base,563,181
2,6,cpu_base,564,224
2,6,cpu_base,565,148
2,6,cpu_base,566,155
2,6,cpu_base,567,192
2,6,cpu_base,568,184
2,6,cpu_base,569,147
2,6,cpu_base,570,170
2,6,cpu_base,571,198
2,6,cpu_base,572,156
2,6,cpu_base,573,165
2,6,cpu_base,574,151
2,6,cpu_base,575,144
2,6,cpu_base,576,163
2,6,cpu_base,577,156
2,6,cpu_base,578,156
2,6,cpu_base,579,146
2,6,cpu_base,580,174
2,6,cpu_base,581,154
2,6,cpu_base,582,144
2,6,cpu_base,583,167
2,6,cpu_base,584,147
2,6,cpu_base,585,143
2,6,cpu_base,586,155
2,6,cpu_base,587,150
2,6,cpu_base,588,143
2,6,cpu_base,589,144
2,6,cpu_base,590,162
2,6,cpu_base,591,143
2,6,cpu_base,592,145
2,6,cpu_base,593,161
2,6,cpu_base,594,148
2,6,cpu_base,595,144
2,6,cpu_base,596,146
2,6,cpu_base,597,159
2,6,cpu_base,598,150
2,6,cpu_base,599,147
2,6,cpu_base,600,155
2,6,cpu_base,601,163
2,6,cpu_base,602,161
2,6,cpu_base,603,143
2,6,cpu_base,604,149
2,6,cpu_base,605,149
2,6,cpu_base,606,153
2,6,cpu_base,607,156
2,6,cpu_base,608,147
2,6,cpu_base,609,145
2,6,cpu_base,610,143
2,6,cpu_base,611,202
2,6,cpu_base,612,146
2,6,cpu_base,613,146
2,6,cpu_base,614,156
2,6,cpu_base,615,144
2,6,cpu_base,616,143
2,6,cpu_base,617,158
2,6,cpu_base,618,148
2,6,cpu_base,619,148
2,6,cpu_base,620,151
2,6,cpu_base,621,158
2,6,cpu_base,622,159
2,6,cpu_base,623,145
2,6,cpu_base,624,243
2,6,cpu_base,625,318
2,6,cpu_base,626,237
2,6,cpu_base,627,145
2,6,cpu_base,628,150
2,6,cpu_base,629,145
2,6,cpu_base,630,150
2,6,cpu_base,631,149
2,6,cpu_base,632,156
2,6,cpu_base,633,208
2,6,cpu_base,634,171
2,6,cpu_base,635,166
2,6,cpu_base,636,143
2,6,cpu_base,637,147
2,6,cpu_base,638,142
2,6,cpu_base,639,143
2,6,cpu_base,640,156
2,6,cpu_base,641,156
2,6,cpu_base,642,244
2,6,cpu_base,643,238
2,6,cpu_base,644,251
2,6,cpu_base,645,194
2,6,cpu_base,646,149
2,6,cpu_base,647,187
2,6,cpu_base,648,145
2,6,cpu_base,649,145
2,6,cpu_base,650,162
2,6,cpu_base,651,149
2,6,cpu_base,652,189
2,6,cpu_base,653,189
2,6,cpu_base,654,150
2,6,cpu_base,655,180
2,6,cpu_base,656,149
2,6,cpu_base,657,168
2,6,cpu_base,658,152
2,6,cpu_base,659,157
2,6,cpu_base,660,146
2,6,cpu_base,661,150
2,6,cpu_base,662,147
2,6,cpu_base,663,145
2,6,cpu_base,664,149
2,6,cpu_base,665,153
2,6,cpu_base,666,147
2,6,cpu_base,667,159
2,6,cpu_base,668,143
2,6,cpu_base,669,145
2,6,cpu_base,670,155
2,6,cpu_base,671,142
2,6,cpu_base,672,140
2,6,cpu_base,673,141
2,6,cpu_base,674,158
2,6,cpu_base,675,142
2,6,cpu_base,676,147
2,6,cpu_base,677,156
2,6,cpu_base,678,148
2,6,cpu_base,679,145
2,6,cpu_base,680,142
2,6,cpu_base,681,158
2,6,cpu_base,682,141
2,6,cpu_base,683,145
2,6,cpu_base,684,158
2,6,cpu_base,685,149
2,6,cpu_base,686,144
2,6,cpu_base,687,147
2,6,cpu_base,688,162
2,6,cpu_base,689,148
2,6,cpu_base,690,148
2,6,cpu_base,691,152
2,6,cpu_base,692,146
2,6,cpu_base,693,148
2,6,cpu_base,694,147
2,6,cpu_base,695,158
2,6,cpu_base,696,147
2,6,cpu_base,697,161
2,6,cpu_base,698,156
2,6,cpu_base,699,143
2,6,cpu_base,700,141
2,6,cpu_base,701,146
2,6,cpu_base,702,155
2,6,cpu_base,703,145
2,6,cpu_base,704,145
2,6,cpu_base,705,182
2,6,cpu_base,706,145
2,6,cpu_base,707,155
2,6,cpu_base,708,143
2,6,cpu_base,709,155
2,6,cpu_base,710,156
2,6,cpu_base,711,146
2,6,cpu_base,712,152
2,6,cpu_base,713,143
2,6,cpu_base,714,146
2,6,cpu_base,715,145
2,6,cpu_base,716,159
2,6,cpu_base,717,143
2,6,cpu_base,718,146
2,6,cpu_base,719,215
2,6,cpu_base,720,180
2,6,cpu_base,721,159
2,6,cpu_base,722,166
2,6,cpu_base,723,144
2,6,cpu_base,724,144
2,6,cpu_base,725,155
2,6,cpu_base,726,147
2,6,cpu_base,727,143
2,6,cpu_base,728,153
2,6,cpu_base,729,155
2,6,cpu_base,730,152
2,6,cpu_base,731,151
2,6,cpu_base,732,155
2,6,cpu_base,733,146
2,6,cpu_base,734,144
2,6,cpu_base,735,148
2,6,cpu_base,736,151
2,6,cpu_base,737,148
2,6,cpu_base,738,143
2,6,cpu_base,739,142
2,6,cpu_base,740,146
2,6,cpu_base,741,145
2,6,cpu_base,742,147
2,6,cpu_base,743,149
2,6,cpu_base,744,148
2,6,cpu_base,745,149
2,6,cpu_base,746,143
2,6,cpu_base,747,147
2,6,cpu_base,748,150
2,6,cpu_base,749,146
2,6,cpu_base,750,144
2,6,cpu_base,751,142
2,6,cpu_base,752,155
2,6,cpu_base,753,141
2,6,cpu_base,754,141
2,6,cpu_base,755,155
2,6,cpu_base,756,142
2,6,cpu_base,757,148
2,6,cpu_base,758,147
2,6,cpu_base,759,151
2,6,cpu_base,760,145
2,6,cpu_base,761,142
2,6,cpu_base,762,166
2,6,cpu_base,763,158
2,6,cpu_base,764,150
2,6,cpu_base,765,142
2,6,cpu_base,766,157
2,6,cpu_base,767,143
2,6,cpu_base,768,143
2,6,cpu_base,769,153
2,6,cpu_base,770,146
2,6,cpu_base,771,147
2,6,cpu_base,772,149
2,6,cpu_base,773,154
2,6,cpu_base,774,149
2,6,cpu_base,775,144
2,6,cpu_base,776,150
2,6,cpu_base,777,143
2,6,cpu_base,778,142
2,6,cpu_base,779,142
2,6,cpu_base,780,155
2,6,cpu_base,781,142
2,6,cpu_base,782,150
2,6,cpu_base,783,151
2,6,cpu_base,784,147
2,6,cpu_base,785,149
2,6,cpu_base,786,142
2,6,cpu_base,787,166
2,6,cpu_base,788,144
2,6,cpu_base,789,146
2,6,cpu_base,790,154
2,6,cpu_base,791,148
2,6,cpu_base,792,143
2,6,cpu_base,793,147
2,6,cpu_base,794,157
2,6,cpu_base,795,148
2,6,cpu_base,796,144
2,6,cpu_base,797,155
2,6,cpu_base,798,154
2,6,cpu_base,799,143
2,6,cpu_base,800,146
2,6,cpu_base,801,156
2,6,cpu_base,802,146
2,6,cpu_base,803,144
2,6,cpu_base,804,178
2,6,cpu_base,805,143
2,6,cpu_base,806,143
2,6,cpu_base,807,148
2,6,cpu_base,808,155
2,6,cpu_base,809,147
2,6,cpu_base,810,148
2,6,cpu_base,811,160
2,6,cpu_base,812,143
2,6,cpu_base,813,143
2,6,cpu_base,814,147
2,6,cpu_base,815,156
2,6,cpu_base,816,144
2,6,cpu_base,817,145
2,6,cpu_base,818,295
2,6,cpu_base,819,189
2,6,cpu_base,820,145
2,6,cpu_base,821,155
2,6,cpu_base,822,147
2,6,cpu_base,823,149
2,6,cpu_base,824,151
2,6,cpu_base,825,144
2,6,cpu_base,826,163
2,6,cpu_base,827,142
2,6,cpu_base,828,157
2,6,cpu_base,829,161
2,6,cpu_base,830,143
2,6,cpu_base,831,153
2,6,cpu_base,832,145
2,6,cpu_base,833,144
2,6,cpu_base,834,144
2,6,cpu_base,835,155
2,6,cpu_base,836,147
2,6,cpu_base,837,153
2,6,cpu_base,838,156
2,6,cpu_base,839,145
2,6,cpu_base,840,143
2,6,cpu_base,841,155
2,6,cpu_base,842,146
2,6,cpu_base,843,147
2,6,cpu_base,844,141
2,6,cpu_base,845,149
2,6,cpu_base,846,143
2,6,cpu_base,847,142
2,6,cpu_base,848,145
2,6,cpu_base,849,159
2,6,cpu_base,850,144
2,6,cpu_base,851,147
2,6,cpu_base,852,152
2,6,cpu_base,853,141
2,6,cpu_base,854,149
2,6,cpu_base,855,143
2,6,cpu_base,856,154
2,6,cpu_base,857,141
2,6,cpu_base,858,141
2,6,cpu_base,859,157
2,6,cpu_base,860,142
2,6,cpu_base,861,143
2,6,cpu_base,862,141
2,6,cpu_base,863,153
2,6,cpu_base,864,149
2,6,cpu_base,865,143
2,6,cpu_base,866,158
2,6,cpu_base,867,146
2,6,cpu_base,868,148
2,6,cpu_base,869,145
2,6,cpu_base,870,162
2,6,cpu_base,871,142
2,6,cpu_base,872,146
2,6,cpu_base,873,154
2,6,cpu_base,874,146
2,6,cpu_base,875,147
2,6,cpu_base,876,150
2,6,cpu_base,877,172
2,6,cpu_base,878,161
2,6,cpu_base,879,156
2,6,cpu_base,880,164
2,6,cpu_base,881,152
2,6,cpu_base,882,180
2,6,cpu_base,883,147
2,6,cpu_base,884,155
2,6,cpu_base,885,175
2,6,cpu_base,886,245
2,6,cpu_base,887,206
2,6,cpu_base,888,154
2,6,cpu_base,889,149
2,6,cpu_base,890,212
2,6,cpu_base,891,233
2,6,cpu_base,892,205
2,6,cpu_base,893,201
2,6,cpu_base,894,285
2,6,cpu_base,895,335
2,6,cpu_base,896,276
2,6,cpu_base,897,195
2,6,cpu_base,898,160
2,6,cpu_base,899,175
2,6,cpu_base,900,152
2,6,cpu_base,901,171
2,6,cpu_base,902,185
2,6,cpu_base,903,155
2,6,cpu_base,904,219
2,6,cpu_base,905,154
2,6,cpu_base,906,144
2,6,cpu_base,907,144
2,6,cpu_base,908,202
2,6,cpu_base,909,162
2,6,cpu_base,910,163
2,6,cpu_base,911,433
2,6,cpu_base,912,330
2,6,cpu_base,913,227
2,6,cpu_base,914,234
2,6,cpu_base,915,227
2,6,cpu_base,916,244
2,6,cpu_base,917,231
2,6,cpu_base,918,231
2,6,cpu_base,919,261
2,6,cpu_base,920,255
2,6,cpu_base,921,252
2,6,cpu_base,922,256
2,6,cpu_base,923,254
2,6,cpu_base,924,242
2,6,cpu_base,925,210
2,6,cpu_base,926,146
2,6,cpu_base,927,155
2,6,cpu_base,928,151
2,6,cpu_base,929,148
2,6,cpu_base,930,144
2,6,cpu_base,931,144
2,6,cpu_base,932,143
2,6,cpu_base,933,148
2,6,cpu_base,934,145
2,6,cpu_base,935,161
2,6,cpu_base,936,189
2,6,cpu_base,937,147
2,6,cpu_base,938,143
2,6,cpu_base,939,152
2,6,cpu_base,940,159
2,6,cpu_base,941,145
2,6,cpu_base,942,145
2,6,cpu_base,943,167
2,6,cpu_base,944,142
2,6,cpu_base,945,143
2,6,cpu_base,946,154
2,6,cpu_base,947,145
2,6,cpu_base,948,152
2,6,cpu_base,949,145
2,6,cpu_base,950,149
2,6,cpu_base,951,145
2,6,cpu_base,952,142
2,6,cpu_base,953,146
2,6,cpu_base,954,147
2,6,cpu_base,955,147
2,6,cpu_base,956,142
2,6,cpu_base,957,146
2,6,cpu_base,958,143
2,6,cpu_base,959,145
2,6,cpu_base,960,142
2,6,cpu_base,961,151
2,6,cpu_base,962,146
2,6,cpu_base,963,145
2,6,cpu_base,964,146
2,6,cpu_base,965,146
2,6,cpu_base,966,142
2,6,cpu_base,967,147
2,6,cpu_base,968,144
2,6,cpu_base,969,146
2,6,cpu_base,970,144
2,6,cpu_base,971,143
2,6,cpu_base,972,143
2,6,cpu_base,973,148
2,6,cpu_base,974,142
2,6,cpu_base,975,150
2,6,cpu_base,976,143
2,6,cpu_base,977,146
2,6,cpu_base,978,145
2,6,cpu_base,979,146
2,6,cpu_base,980,142
2,6,cpu_base,981,147
2,6,cpu_base,982,147
2,6,cpu_base,983,146
2,6,cpu_base,984,141
2,6,cpu_base,985,143
2,6,cpu_base,986,141
2,6,cpu_base,987,148
2,6,cpu_base,988,197
2,6,cpu_base,989,146
2,6,cpu_base,990,149
2,6,cpu_base,991,142
2,6,cpu_base,992,147
2,6,cpu_base,993,144
2,6,cpu_base,994,151
2,6,cpu_base,995,148
2,6,cpu_base,996,148
2,6,cpu_base,997,143
2,6,cpu_base,998,141
2,6,cpu_base,999,142
2,6,serial,0,485
2,6,serial,1,543
2,6,serial,2,538
2,6,serial,3,583
2,6,serial,4,510
2,6,serial,5,514
2,6,serial,6,571
2,6,serial,7,693
2,6,serial,8,672
2,6,serial,9,610
2,6,serial,10,603
2,6,serial,11,615
2,6,serial,12,601
2,6,serial,13,597
2,6,serial,14,594
2,6,serial,15,596
2,6,serial,16,585
2,6,serial,17,582
2,6,serial,18,572
2,6,serial,19,583
2,6,serial,20,578
2,6,serial,21,655
2,6,serial,22,598
2,6,serial,23,566
2,6,serial,24,571
2,6,serial,25,628
2,6,serial,26,709
2,6,serial,27,639
2,6,serial,28,1029
2,6,serial,29,644
2,6,serial,30,537
2,6,serial,31,556
2,6,serial,32,707
2,6,serial,33,785
2,6,serial,34,652
2,6,serial,35,544
2,6,serial,36,518
2,6,serial,37,510
2,6,serial,38,505
2,6,serial,39,530
2,6,serial,40,536
2,6,serial,41,519
2,6,serial,42,520
2,6,serial,43,584
2,6,serial,44,537
2,6,serial,45,530
2,6,serial,46,502
2,6,serial,47,536
2,6,serial,48,513
2,6,serial,49,527
2,6,serial,50,525
2,6,serial,51,552
2,6,serial,52,547
2,6,serial,53,537
2,6,serial,54,531
2,6,serial,55,527
2,6,serial,56,519
2,6,serial,57,523
2,6,serial,58,541
2,6,serial,59,522
2,6,serial,60,521
2,6,serial,61,707
2,6,serial,62,599
2,6,serial,63,558
2,6,serial,64,527
2,6,serial,65,563
2,6,serial,66,546
2,6,serial,67,533
2,6,serial,68,521
2,6,serial,69,528
2,6,serial,70,544
2,6,serial,71,529
2,6,serial,72,531
2,6,serial,73,551
2,6,serial,74,529
2,6,serial,75,548
2,6,serial,76,530
2,6,serial,77,529
2,6,serial,78,565
2,6,serial,79,537
2,6,serial,80,556
2,6,serial,81,598
2,6,serial,82,656
2,6,serial,83,561
2,6,serial,84,549
2,6,serial,85,546
2,6,serial,86,543
2,6,serial,87,549
2,6,serial,88,665
2,6,serial,89,611
2,6,serial,90,604
2,6,serial,91,554
2,6,serial,92,1076
2,6,serial,93,3516
2,6,serial,94,1007
2,6,serial,95,692
2,6,serial,96,508
2,6,serial,97,534
2,6,serial,98,532
2,6,serial,99,526
2,6,serial,100,610
2,6,serial,101,525
2,6,serial,102,502
2,6,serial,103,521
2,6,serial,104,523
2,6,serial,105,513
2,6,serial,106,515
2,6,serial,107,617
2,6,serial,108,776
2,6,serial,109,694
2,6,serial,110,556
2,6,serial,111,573
2,6,serial,112,535
2,6,serial,113,562
2,6,serial,114,515
2,6,serial,115,527
2,6,serial,116,499
2,6,serial,117,502
2,6,serial,118,564
2,6,serial,119,548
2,6,serial,120,550
2,6,serial,121,519
2,6,serial,122,505
2,6,serial,123,521
2,6,serial,124,533
2,6,serial,125,522
2,6,serial,126,544
2,6,serial,127,501
2,6,serial,128,506
2,6,serial,129,543
2,6,serial,130,551
2,6,serial,131,559
2,6,serial,132,524
2,6,serial,133,523
2,6,serial,134,510
2,6,serial,135,522
2,6,serial,136,620
2,6,serial,137,784
2,6,serial,138,770
2,6,serial,139,749
2,6,serial,140,760
2,6,serial,141,748
2,6,serial,142,744
2,6,serial,143,739
2,6,serial,144,753
2,6,serial,145,767
2,6,serial,146,747
2,6,serial,147,748
2,6,serial,148,753
2,6,serial,149,758
2,6,serial,150,759
2,6,serial,151,760
2,6,serial,152,748
2,6,serial,153,738
2,6,serial,154,747
2,6,serial,155,759
2,6,serial,156,825
2,6,serial,157,645
2,6,serial,158,552
2,6,serial,159,617
2,6,serial,160,568
2,6,serial,161,560
2,6,serial,162,529
2,6,serial,163,558
2,6,serial,164,538
2,6,serial,165,542
2,6,serial,166,542
2,6,serial,167,525
2,6,serial,168,567
2,6,serial,169,580
2,6,serial,170,583
2,6,serial,171,604
2,6,serial,172,576
2,6,serial,173,620
2,6,serial,174,578
2,6,serial,175,589
2,6,serial,176,620
2,6,serial,177,604
2,6,serial,178,583
2,6,serial,179,595
2,6,serial,180,586
2,6,serial,181,573
2,6,serial,182,550
2,6,serial,183,664
2,6,serial,184,528
2,6,serial,185,508
2,6,serial,186,534
2,6,serial,187,534
2,6,serial,188,523
2,6,serial,189,485
2,6,serial,190,497
2,6,serial,191,526
2,6,serial,192,512
2,6,serial,193,528
2,6,serial,194,511
2,6,serial,195,526
2,6,serial,196,506
2,6,serial,197,499
2,6,serial,198,524
2,6,serial,199,515
2,6,serial,200,527
2,6,serial,201,517
2,6,serial,202,536
2,6,serial,203,504
2,6,serial,204,562
2,6,serial,205,526
2,6,serial,206,535
2,6,serial,207,531
2,6,serial,208,761
2,6,serial,209,565
2,6,serial,210,527
2,6,serial,211,533
2,6,serial,212,525
2,6,serial,213,884
2,6,serial,214,816
2,6,serial,215,644
2,6,serial,216,614
2,6,serial,217,621
2,6,serial,218,555
2,6,serial,219,571
2,6,serial,220,596
2,6,serial,221,538
2,6,serial,222,523
2,6,serial,223,513
2,6,serial,224,519
2,6,serial,225,520
2,6,serial,226,537
2,6,serial,227,496
2,6,serial,228,523
2,6,serial,229,522
2,6,serial,230,543
2,6,serial,231,540
2,6,serial,232,506
2,6,serial,233,494
2,6,serial,234,513
2,6,serial,235,514
2,6,serial,236,538
2,6,serial,237,510
2,6,serial,238,496
2,6,serial,239,523
2,6,serial,240,523
2,6,serial,241,503
2,6,serial,242,795
2,6,serial,243,741
2,6,serial,244,726
2,6,serial,245,767
2,6,serial,246,749
2,6,serial,247,782
2,6,serial,248,763
2,6,serial,249,758
2,6,serial,250,754
2,6,serial,251,761
2,6,serial,252,772
2,6,serial,253,761
2,6,serial,254,747
2,6,serial,255,730
2,6,serial,256,769
2,6,serial,257,735
2,6,serial,258,747
2,6,serial,259,759
2,6,serial,260,751
2,6,serial,261,757
2,6,serial,262,746
2,6,serial,263,666
2,6,serial,264,545
2,6,serial,265,589
2,6,serial,266,591
2,6,serial,267,496
2,6,serial,268,593
2,6,serial,269,553
2,6,serial,270,514
2,6,serial,271,527
2,6,serial,272,530
2,6,serial,273,525
2,6,serial,274,537
2,6,serial,275,546
2,6,serial,276,580
2,6,serial,277,545
2,6,serial,278,540
2,6,serial,279,538
2,6,serial,280,572
2,6,serial,281,534
2,6,serial,282,518
2,6,serial,283,615
2,6,serial,284,705
2,6,serial,285,598
2,6,serial,286,653
2,6,serial,287,655
2,6,serial,288,685
2,6,serial,289,730
2,6,serial,290,736
2,6,serial,291,712
2,6,serial,292,759
2,6,serial,293,751
2,6,serial,294,1797
2,6,serial,295,3933
2,6,serial,296,4037
2,6,serial,297,8460
2,6,serial,298,645
2,6,serial,299,544
2,6,serial,300,538
2,6,serial,301,547
2,6,serial,302,547
2,6,serial,303,528
2,6,serial,304,535
2,6,serial,305,584
2,6,serial,306,511
2,6,serial,307,534
2,6,serial,308,528
2,6,serial,309,524
2,6,serial,310,545
2,6,serial,311,527
2,6,serial,312,552
2,6,serial,313,525
2,6,serial,314,543
2,6,serial,315,652
2,6,serial,316,547
2,6,serial,317,553
2,6,serial,318,528
2,6,serial,319,555
2,6,serial,320,524
2,6,serial,321,521
2,6,serial,322,503
2,6,serial,323,584
2,6,serial,324,548
2,6,serial,325,534
2,6,serial,326,609
2,6,serial,327,536
2,6,serial,328,591
2,6,serial,329,577
2,6,serial,330,552
2,6,serial,331,532
2,6,serial,332,537
2,6,serial,333,534
2,6,serial,334,532
2,6,serial,335,553
2,6,serial,336,551
2,6,serial,337,531
2,6,serial,338,526
2,6,serial,339,519
2,6,serial,340,518
2,6,serial,341,528
2,6,serial,342,540
2,6,serial,343,518
2,6,serial,344,557
2,6,serial,345,550
2,6,serial,346,546
2,6,serial,347,538
2,6,serial,348,539
2,6,serial,349,532
2,6,serial,350,523
2,6,serial,351,530
2,6,serial,352,555
2,6,serial,353,544
2,6,serial,354,524
2,6,serial,355,526
2,6,serial,356,555
2,6,serial,357,524
2,6,serial,358,529
2,6,serial,359,548
2,6,serial,360,589
2,6,serial,361,545
2,6,serial,362,512
2,6,serial,363,519
2,6,serial,364,531
2,6,serial,365,520
2,6,serial,366,527
2,6,serial,367,515
2,6,serial,368,539
2,6,serial,369,559
2,6,serial,370,567
2,6,serial,371,530
2,6,serial,372,572
2,6,serial,373,547
2,6,serial,374,623
2,6,serial,375,533
2,6,serial,376,508
2,6,serial,377,502
2,6,serial,378,526
2,6,serial,379,515
2,6,serial,380,516
2,6,serial,381,518
2,6,serial,382,518
2,6,serial,383,518
2,6,serial,384,515
2,6,serial,385,507
2,6,serial,386,518
2,6,serial,387,509
2,6,serial,388,517
2,6,serial,389,542
2,6,serial,390,510
2,6,serial,391,539
2,6,serial,392,519
2,6,serial,393,527
2,6,serial,394,508
2,6,serial,395,512
2,6,serial,396,518
2,6,serial,397,518
2,6,serial,398,528
2,6,serial,399,549
2,6,serial,400,525
2,6,serial,401,539
2,6,serial,402,602
2,6,serial,403,584
2,6,serial,404,513
2,6,serial,405,534
2,6,serial,406,512
2,6,serial,407,529
2,6,serial,408,533
2,6,serial,409,517
2,6,serial,410,554
2,6,serial,411,543
2,6,serial,412,551
2,6,serial,413,515
2,6,serial,414,522
2,6,serial,415,531
2,6,serial,416,502
2,6,serial,417,550
2,6,serial,418,519
2,6,serial,419,524
2,6,serial,420,516
2,6,serial,421,522
2,6,serial,422,523
2,6,serial,423,518
2,6,serial,424,510
2,6,serial,425,517
2,6,serial,426,528
2,6,serial,427,514
2,6,serial,428,529
2,6,serial,429,553
2,6,serial,430,550
2,6,serial,431,517
2,6,serial,432,634
2,6,serial,433,609
2,6,serial,434,581
2,6,serial,435,520
2,6,serial,436,535
2,6,serial,437,549
2,6,serial,438,531
2,6,serial,439,520
2,6,serial,440,549
2,6,serial,441,528
2,6,serial,442,522
2,6,serial,443,515
2,6,serial,444,535
2,6,serial,445,536
2,6,serial,446,516
2,6,serial,447,549
2,6,serial,448,542
2,6,serial,449,531
2,6,serial,450,520
2,6,serial,451,507
2,6,serial,452,533
2,6,serial,453,542
2,6,serial,454,529
2,6,serial,455,547
2,6,serial,456,520
2,6,serial,457,536
2,6,serial,458,534
2,6,serial,459,525
2,6,serial,460,585
2,6,serial,461,543
2,6,serial,462,519
2,6,serial,463,521
2,6,serial,464,495
2,6,serial,465,512
2,6,serial,466,512
2,6,serial,467,521
2,6,serial,468,498
2,6,serial,469,518
2,6,serial,470,545
2,6,serial,471,536
2,6,serial,472,525
2,6,serial,473,519
2,6,serial,474,506
2,6,serial,475,517
2,6,serial,476,531
2,6,serial,477,512
2,6,serial,478,512
2,6,serial,479,528
2,6,serial,480,544
2,6,serial,481,538
2,6,serial,482,521
2,6,serial,483,521
2,6,serial,484,520
2,6,serial,485,535
2,6,serial,486,559
2,6,serial,487,551
2,6,serial,488,523
2,6,serial,489,544
2,6,serial,490,749
2,6,serial,491,587
2,6,serial,492,530
2,6,serial,493,597
2,6,serial,494,557
2,6,serial,495,528
2,6,serial,496,528
2,6,serial,497,536
2,6,serial,498,523
2,6,serial,499,527
2,6,serial,500,548
2,6,serial,501,523
2,6,serial,502,527
2,6,serial,503,522
2,6,serial,504,526
2,6,serial,505,535
2,6,serial,506,524
2,6,serial,507,527
2,6,serial,508,523
2,6,serial,509,510
2,6,serial,510,520
2,6,serial,511,546
2,6,serial,512,536
2,6,serial,513,544
2,6,serial,514,551
2,6,serial,515,527
2,6,serial,516,526
2,6,serial,517,525
2,6,serial,518,528
2,6,serial,519,619
2,6,serial,520,557
2,6,serial,521,533
2,6,serial,522,548
2,6,serial,523,550
2,6,serial,524,554
2,6,serial,525,559
2,6,serial,526,565
2,6,serial,527,543
2,6,serial,528,548
2,6,serial,529,555
2,6,serial,530,531
2,6,serial,531,523
2,6,serial,532,546
2,6,serial,533,545
2,6,serial,534,541
2,6,serial,535,541
2,6,serial,536,534
2,6,serial,537,543
2,6,serial,538,540
2,6,serial,539,546
2,6,serial,540,547
2,6,serial,541,543
2,6,serial,542,563
2,6,serial,543,556
2,6,serial,544,646
2,6,serial,545,529
2,6,serial,546,566
2,6,serial,547,538
2,6,serial,548,526
2,6,serial,549,544
2,6,serial,550,538
2,6,serial,551,550
2,6,serial,552,538
2,6,serial,553,530
2,6,serial,554,529
2,6,serial,555,567
2,6,serial,556,534
2,6,serial,557,532
2,6,serial,558,551
2,6,serial,559,533
2,6,serial,560,541
2,6,serial,561,535
2,6,serial,562,540
2,6,serial,563,528
2,6,serial,564,532
2,6,serial,565,528
2,6,serial,566,547
2,6,serial,567,534
2,6,serial,568,530
2,6,serial,569,538
2,6,serial,570,535
2,6,serial,571,530
2,6,serial,572,512
2,6,serial,573,531
2,6,serial,574,513
2,6,serial,575,636
2,6,serial,576,538
2,6,serial,577,538
2,6,serial,578,532
2,6,serial,579,535
2,6,serial,580,517
2,6,serial,581,517
2,6,serial,582,516
2,6,serial,583,515
2,6,serial,584,513
2,6,serial,585,534
2,6,serial,586,520
2,6,serial,587,515
2,6,serial,588,531
2,6,serial,589,506
2,6,serial,590,522
2,6,serial,591,518
2,6,serial,592,543
2,6,serial,593,512
2,6,serial,594,519
2,6,serial,595,511
2,6,serial,596,558
2,6,serial,597,559
2,6,serial,598,517
2,6,serial,599,507
2,6,serial,600,539
2,6,serial,601,525
2,6,serial,602,519
2,6,serial,603,521
2,6,serial,604,520
2,6,serial,605,541
2,6,serial,606,543
2,6,serial,607,504
2,6,serial,608,503
2,6,serial,609,536
2,6,serial,610,499
2,6,serial,611,496
2,6,serial,612,535
2,6,serial,613,523
2,6,serial,614,520
2,6,serial,615,534
2,6,serial,616,523
2,6,serial,617,498
2,6,serial,618,515
2,6,serial,619,520
2,6,serial,620,502
2,6,serial,621,517
2,6,serial,622,639
2,6,serial,623,659
2,6,serial,624,570
2,6,serial,625,564
2,6,serial,626,581
2,6,serial,627,587
2,6,serial,628,592
2,6,serial,629,623
2,6,serial,630,563
2,6,serial,631,601
2,6,serial,632,539
2,6,serial,633,571
2,6,serial,634,568
2,6,serial,635,561
2,6,serial,636,601
2,6,serial,637,538
2,6,serial,638,544
2,6,serial,639,532
2,6,serial,640,536
2,6,serial,641,503
2,6,serial,642,513
2,6,serial,643,498
2,6,serial,644,512
2,6,serial,645,495
2,6,serial,646,513
2,6,serial,647,539
2,6,serial,648,514
2,6,serial,649,512
2,6,serial,650,505
2,6,serial,651,534
2,6,serial,652,539
2,6,serial,653,514
2,6,serial,654,541
2,6,serial,655,540
2,6,serial,656,522
2,6,serial,657,522
2,6,serial,658,528
2,6,serial,659,579
2,6,serial,660,546
2,6,serial,661,546
2,6,serial,662,509
2,6,serial,663,517
2,6,serial,664,781
2,6,serial,665,646
2,6,serial,666,657
2,6,serial,667,585
2,6,serial,668,562
2,6,serial,669,570
2,6,serial,670,531
2,6,serial,671,584
2,6,serial,672,515
2,6,serial,673,611
2,6,serial,674,542
2,6,serial,675,544
2,6,serial,676,525
2,6,serial,677,539
2,6,serial,678,522
2,6,serial,679,509
2,6,serial,680,520
2,6,serial,681,503
2,6,serial,682,522
2,6,serial,683,505
2,6,serial,684,504
2,6,serial,685,544
2,6,serial,686,532
2,6,serial,687,501
2,6,serial,688,514
2,6,serial,689,515
2,6,serial,690,542
2,6,serial,691,550
2,6,serial,692,509
2,6,serial,693,570
2,6,serial,694,578
2,6,serial,695,649
2,6,serial,696,636
2,6,serial,697,643
2,6,serial,698,631
2,6,serial,699,648
2,6,serial,700,640
2,6,serial,701,630
2,6,serial,702,634
2,6,serial,703,629
2,6,serial,704,660
2,6,serial,705,647
2,6,serial,706,618
2,6,serial,707,550
2,6,serial,708,803
2,6,serial,709,584
2,6,serial,710,539
2,6,serial,711,516
2,6,serial,712,499
2,6,serial,713,520
2,6,serial,714,511
2,6,serial,715,534
2,6,serial,716,504
2,6,serial,717,521
2,6,serial,718,651
2,6,serial,719,563
2,6,serial,720,542
2,6,serial,721,549
2,6,serial,722,545
2,6,serial,723,553
2,6,serial,724,511
2,6,serial,725,531
2,6,serial,726,539
2,6,serial,727,511
2,6,serial,728,518
2,6,serial,729,528
2,6,serial,730,540
2,6,serial,731,555
2,6,serial,732,523
2,6,serial,733,532
2,6,serial,734,533
2,6,serial,735,527
2,6,serial,736,527
2,6,serial,737,550
2,6,serial,738,530
2,6,serial,739,523
2,6,serial,740,534
2,6,serial,741,525
2,6,serial,742,564
2,6,serial,743,545
2,6,serial,744,520
2,6,serial,745,522
2,6,serial,746,509
2,6,serial,747,596
2,6,serial,748,650
2,6,serial,749,785
2,6,serial,750,667
2,6,serial,751,609
2,6,serial,752,682
2,6,serial,753,720
2,6,serial,754,618
2,6,serial,755,653
2,6,serial,756,665
2,6,serial,757,632
2,6,serial,758,696
2,6,serial,759,687
2,6,serial,760,610
2,6,serial,761,641
2,6,serial,762,618
2,6,serial,763,670
2,6,serial,764,633
2,6,serial,765,593
2,6,serial,766,610
2,6,serial,767,652
2,6,serial,768,681
2,6,serial,769,715
2,6,serial,770,1261
2,6,serial,771,1059
2,6,serial,772,772
2,6,serial,773,665
2,6,serial,774,739
2,6,serial,775,715
2,6,serial,776,637
2,6,serial,777,735
2,6,serial,778,719
2,6,serial,779,759
2,6,serial,780,1078
2,6,serial,781,685
2,6,serial,782,721
2,6,serial,783,678
2,6,serial,784,776
2,6,serial,785,709
2,6,serial,786,756
2,6,serial,787,726
2,6,serial,788,810
2,6,serial,789,812
2,6,serial,790,805
2,6,serial,791,781
2,6,serial,792,728
2,6,serial,793,727
2,6,serial,794,793
2,6,serial,795,759
2,6,serial,796,780
2,6,serial,797,797
2,6,serial,798,804
2,6,serial,799,710
2,6,serial,800,709
2,6,serial,801,835
2,6,serial,802,788
2,6,serial,803,641
2,6,serial,804,650
2,6,serial,805,696
2,6,serial,806,712
2,6,serial,807,798
2,6,serial,808,714
2,6,serial,809,703
2,6,serial,810,683
2,6,serial,811,793
2,6,serial,812,746
2,6,serial,813,659
2,6,serial,814,753
2,6,serial,815,647
2,6,serial,816,621
2,6,serial,817,631
2,6,serial,818,674
2,6,serial,819,681
2,6,serial,820,654
2,6,serial,821,626
2,6,serial,822,686
2,6,serial,823,623
2,6,serial,824,728
2,6,serial,825,655
2,6,serial,826,621
2,6,serial,827,598
2,6,serial,828,660
2,6,serial,829,649
2,6,serial,830,571
2,6,serial,831,588
2,6,serial,832,606
2,6,serial,833,596
2,6,serial,834,585
2,6,serial,835,1031
2,6,serial,836,782
2,6,serial,837,859
2,6,serial,838,685
2,6,serial,839,804
2,6,serial,840,910
2,6,serial,841,919
2,6,serial,842,719
2,6,serial,843,836
2,6,serial,844,816
2,6,serial,845,762
2,6,serial,846,900
2,6,serial,847,712
2,6,serial,848,693
2,6,serial,849,650
2,6,serial,850,636
2,6,serial,851,832
2,6,serial,852,627
2,6,serial,853,682
2,6,serial,854,657
2,6,serial,855,933
2,6,serial,856,854
2,6,serial,857,763
2,6,serial,858,723
2,6,serial,859,775
2,6,serial,860,728
2,6,serial,861,679
2,6,serial,862,661
2,6,serial,863,1160
2,6,serial,864,1040
2,6,serial,865,603
2,6,serial,866,723
2,6,serial,867,816
2,6,serial,868,967
2,6,serial,869,912
2,6,serial,870,628
2,6,serial,871,641
2,6,serial,872,611
2,6,serial,873,617
2,6,serial,874,618
2,6,serial,875,722
2,6,serial,876,700
2,6,serial,877,713
2,6,serial,878,574
2,6,serial,879,574
2,6,serial,880,592
2,6,serial,881,570
2,6,serial,882,594
2,6,serial,883,545
2,6,serial,884,556
2,6,serial,885,605
2,6,serial,886,645
2,6,serial,887,575
2,6,serial,888,809
2,6,serial,889,587
2,6,serial,890,610
2,6,serial,891,595
2,6,serial,892,634
2,6,serial,893,979
2,6,serial,894,635
2,6,serial,895,630
2,6,serial,896,602
2,6,serial,897,568
2,6,serial,898,647
2,6,serial,899,631
2,6,serial,900,725
2,6,serial,901,598
2,6,serial,902,634
2,6,serial,903,650
2,6,serial,904,643
2,6,serial,905,608
2,6,serial,906,649
2,6,serial,907,948
2,6,serial,908,624
2,6,serial,909,634
2,6,serial,910,558
2,6,serial,911,576
2,6,serial,912,566
2,6,serial,913,553
2,6,serial,914,571
2,6,serial,915,608
2,6,serial,916,629
2,6,serial,917,672
2,6,serial,918,641
2,6,serial,919,694
2,6,serial,920,599
2,6,serial,921,647
2,6,serial,922,598
2,6,serial,923,626
2,6,serial,924,720
2,6,serial,925,686
2,6,serial,926,722
2,6,serial,927,658
2,6,serial,928,706
2,6,serial,929,649
2,6,serial,930,649
2,6,serial,931,716
2,6,serial,932,633
2,6,serial,933,628
2,6,serial,934,656
2,6,serial,935,583
2,6,serial,936,580
2,6,serial,937,609
2,6,serial,938,687
2,6,serial,939,1017
2,6,serial,940,1093
2,6,serial,941,973
2,6,serial,942,680
2,6,serial,943,922
2,6,serial,944,992
2,6,serial,945,666
2,6,serial,946,804
2,6,serial,947,684
2,6,serial,948,656
2,6,serial,949,659
2,6,serial,950,717
2,6,serial,951,1057
2,6,serial,952,727
2,6,serial,953,766
2,6,serial,954,651
2,6,serial,955,672
2,6,serial,956,679
2,6,serial,957,758
2,6,serial,958,1101
2,6,serial,959,679
2,6,serial,960,689
2,6,serial,961,668
2,6,serial,962,732
2,6,serial,963,678
2,6,serial,964,702
2,6,serial,965,713
2,6,serial,966,1135
2,6,serial,967,819
2,6,serial,968,748
2,6,serial,969,797
2,6,serial,970,763
2,6,serial,971,685
2,6,serial,972,675
2,6,serial,973,566
2,6,serial,974,554
2,6,serial,975,548
2,6,serial,976,554
2,6,serial,977,555
2,6,serial,978,544
2,6,serial,979,529
2,6,serial,980,558
2,6,serial,981,511
2,6,serial,982,529
2,6,serial,983,541
2,6,serial,984,524
2,6,serial,985,532
2,6,serial,986,523
2,6,serial,987,574
2,6,serial,988,573
2,6,serial,989,595
2,6,serial,990,535
2,6,serial,991,622
2,6,serial,992,569
2,6,serial,993,639
2,6,serial,994,566
2,6,serial,995,583
2,6,serial,996,560
2,6,serial,997,537
2,6,serial,998,535
2,6,serial,999,515
2,6,concurrent,0,485
2,6,concurrent,1,497
2,6,concurrent,2,512
2,6,concurrent,3,510
2,6,concurrent,4,482
2,6,concurrent,5,488
2,6,concurrent,6,481
2,6,concurrent,7,484
2,6,concurrent,8,490
2,6,concurrent,9,625
2,6,concurrent,10,510
2,6,concurrent,11,508
2,6,concurrent,12,486
2,6,concurrent,13,494
2,6,concurrent,14,521
2,6,concurrent,15,494
2,6,concurrent,16,523
2,6,concurrent,17,490
2,6,concurrent,18,486
2,6,concurrent,19,505
2,6,concurrent,20,488
2,6,concurrent,21,491
2,6,concurrent,22,494
2,6,concurrent,23,490
2,6,concurrent,24,490
2,6,concurrent,25,481
2,6,concurrent,26,484
2,6,concurrent,27,488
2,6,concurrent,28,478
2,6,concurrent,29,486
2,6,concurrent,30,489
2,6,concurrent,31,487
2,6,concurrent,32,487
2,6,concurrent,33,498
2,6,concurrent,34,486
2,6,concurrent,35,488
2,6,concurrent,36,488
2,6,concurrent,37,498
2,6,concurrent,38,477
2,6,concurrent,39,485
2,6,concurrent,40,610
2,6,concurrent,41,944
2,6,concurrent,42,650
2,6,concurrent,43,658
2,6,concurrent,44,566
2,6,concurrent,45,560
2,6,concurrent,46,614
2,6,concurrent,47,606
2,6,concurrent,48,566
2,6,concurrent,49,614
2,6,concurrent,50,592
2,6,concurrent,51,691
2,6,concurrent,52,662
2,6,concurrent,53,705
2,6,concurrent,54,630
2,6,concurrent,55,708
2,6,concurrent,56,669
2,6,concurrent,57,731
2,6,concurrent,58,521
2,6,concurrent,59,586
2,6,concurrent,60,570
2,6,concurrent,61,516
2,6,concurrent,62,622
2,6,concurrent,63,600
2,6,concurrent,64,700
2,6,concurrent,65,596
2,6,concurrent,66,678
2,6,concurrent,67,728
2,6,concurrent,68,729
2,6,concurrent,69,652
2,6,concurrent,70,684
2,6,concurrent,71,616
2,6,concurrent,72,576
2,6,concurrent,73,600
2,6,concurrent,74,591
2,6,concurrent,75,663
2,6,concurrent,76,732
2,6,concurrent,77,704
2,6,concurrent,78,620
2,6,concurrent,79,753
2,6,concurrent,80,733
2,6,concurrent,81,657
2,6,concurrent,82,751
2,6,concurrent,83,647
2,6,concurrent,84,737
2,6,concurrent,85,719
2,6,concurrent,86,708
2,6,concurrent,87,712
2,6,concurrent,88,972
2,6,concurrent,89,576
2,6,concurrent,90,619
2,6,concurrent,91,593
2,6,concurrent,92,647
2,6,concurrent,93,892
2,6,concurrent,94,917
2,6,concurrent,95,703
2,6,concurrent,96,692
2,6,concurrent,97,925
2,6,concurrent,98,1188
2,6,concurrent,99,866
2,6,concurrent,100,771
2,6,concurrent,101,703
2,6,concurrent,102,653
2,6,concurrent,103,634
2,6,concurrent,104,711
2,6,concurrent,105,643
2,6,concurrent,106,712
2,6,concurrent,107,765
2,6,concurrent,108,658
2,6,concurrent,109,659
2,6,concurrent,110,632
2,6,concurrent,111,615
2,6,concurrent,112,870
2,6,concurrent,113,1256
2,6,concurrent,114,892
2,6,concurrent,115,585
2,6,concurrent,116,592
2,6,concurrent,117,619
2,6,concurrent,118,690
2,6,concurrent,119,580
2,6,concurrent,120,623
2,6,concurrent,121,621
2,6,concurrent,122,649
2,6,concurrent,123,869
2,6,concurrent,124,945
2,6,concurrent,125,692
2,6,concurrent,126,646
2,6,concurrent,127,881
2,6,concurrent,128,833
2,6,concurrent,129,747
2,6,concurrent,130,806
2,6,concurrent,131,759
2,6,concurrent,132,705
2,6,concurrent,133,735
2,6,concurrent,134,727
2,6,concurrent,135,688
2,6,concurrent,136,807
2,6,concurrent,137,686
2,6,concurrent,138,783
2,6,concurrent,139,730
2,6,concurrent,140,733
2,6,concurrent,141,750
2,6,concurrent,142,777
2,6,concurrent,143,740
2,6,concurrent,144,702
2,6,concurrent,145,655
2,6,concurrent,146,727
2,6,concurrent,147,726
2,6,concurrent,148,705
2,6,concurrent,149,768
2,6,concurrent,150,776
2,6,concurrent,151,626
2,6,concurrent,152,646
2,6,concurrent,153,737
2,6,concurrent,154,1021
2,6,concurrent,155,1172
2,6,concurrent,156,1322
2,6,concurrent,157,878
2,6,concurrent,158,647
2,6,concurrent,159,1029
2,6,concurrent,160,1202
2,6,concurrent,161,851
2,6,concurrent,162,709
2,6,concurrent,163,680
2,6,concurrent,164,747
2,6,concurrent,165,864
2,6,concurrent,166,1118
2,6,concurrent,167,1191
2,6,concurrent,168,939
2,6,concurrent,169,637
2,6,concurrent,170,846
2,6,concurrent,171,1059
2,6,concurrent,172,891
2,6,concurrent,173,669
2,6,concurrent,174,620
2,6,concurrent,175,624
2,6,concurrent,176,665
2,6,concurrent,177,688
2,6,concurrent,178,915
2,6,concurrent,179,827
2,6,concurrent,180,654
2,6,concurrent,181,646
2,6,concurrent,182,648
2,6,concurrent,183,641
2,6,concurrent,184,627
2,6,concurrent,185,577
2,6,concurrent,186,961
2,6,concurrent,187,1139
2,6,concurrent,188,1004
2,6,concurrent,189,687
2,6,concurrent,190,637
2,6,concurrent,191,704
2,6,concurrent,192,652
2,6,concurrent,193,581
2,6,concurrent,194,648
2,6,concurrent,195,680
2,6,concurrent,196,672
2,6,concurrent,197,669
2,6,concurrent,198,592
2,6,concurrent,199,676
2,6,concurrent,200,603
2,6,concurrent,201,625
2,6,concurrent,202,633
2,6,concurrent,203,739
2,6,concurrent,204,868
2,6,concurrent,205,885
2,6,concurrent,206,670
2,6,concurrent,207,603
2,6,concurrent,208,792
2,6,concurrent,209,528
2,6,concurrent,210,534
2,6,concurrent,211,575
2,6,concurrent,212,594
2,6,concurrent,213,585
2,6,concurrent,214,584
2,6,concurrent,215,531
2,6,concurrent,216,544
2,6,concurrent,217,565
2,6,concurrent,218,612
2,6,concurrent,219,545
2,6,concurrent,220,587
2,6,concurrent,221,598
2,6,concurrent,222,570
2,6,concurrent,223,571
2,6,concurrent,224,518
2,6,concurrent,225,552
2,6,concurrent,226,580
2,6,concurrent,227,564
2,6,concurrent,228,689
2,6,concurrent,229,727
2,6,concurrent,230,648
2,6,concurrent,231,652
2,6,concurrent,232,601
2,6,concurrent,233,626
2,6,concurrent,234,624
2,6,concurrent,235,614
2,6,concurrent,236,635
2,6,concurrent,237,1013
2,6,concurrent,238,1082
2,6,concurrent,239,737
2,6,concurrent,240,802
2,6,concurrent,241,647
2,6,concurrent,242,1056
2,6,concurrent,243,1020
2,6,concurrent,244,829
2,6,concurrent,245,680
2,6,concurrent,246,610
2,6,concurrent,247,910
2,6,concurrent,248,858
2,6,concurrent,249,632
2,6,concurrent,250,655
2,6,concurrent,251,627
2,6,concurrent,252,794
2,6,concurrent,253,918
2,6,concurrent,254,658
2,6,concurrent,255,623
2,6,concurrent,256,623
2,6,concurrent,257,604
2,6,concurrent,258,635
2,6,concurrent,259,914
2,6,concurrent,260,899
2,6,concurrent,261,668
2,6,concurrent,262,692
2,6,concurrent,263,663
2,6,concurrent,264,552
2,6,concurrent,265,478
2,6,concurrent,266,454
2,6,concurrent,267,483
2,6,concurrent,268,456
2,6,concurrent,269,490
2,6,concurrent,270,514
2,6,concurrent,271,472
2,6,concurrent,272,889
2,6,concurrent,273,830
2,6,concurrent,274,910
2,6,concurrent,275,838
2,6,concurrent,276,848
2,6,concurrent,277,831
2,6,concurrent,278,831
2,6,concurrent,279,827
2,6,concurrent,280,826
2,6,concurrent,281,869
2,6,concurrent,282,594
2,6,concurrent,283,499
2,6,concurrent,284,494
2,6,concurrent,285,482
2,6,concurrent,286,530
2,6,concurrent,287,488
2,6,concurrent,288,507
2,6,concurrent,289,490
2,6,concurrent,290,496
2,6,concurrent,291,496
2,6,concurrent,292,511
2,6,concurrent,293,494
2,6,concurrent,294,516
2,6,concurrent,295,584
2,6,concurrent,296,509
2,6,concurrent,297,545
2,6,concurrent,298,790
2,6,concurrent,299,874
2,6,concurrent,300,584
2,6,concurrent,301,497
2,6,concurrent,302,525
2,6,concurrent,303,493
2,6,concurrent,304,536
2,6,concurrent,305,484
2,6,concurrent,306,488
2,6,concurrent,307,510
2,6,concurrent,308,530
2,6,concurrent,309,567
2,6,concurrent,310,640
2,6,concurrent,311,512
2,6,concurrent,312,580
2,6,concurrent,313,538
2,6,concurrent,314,504
2,6,concurrent,315,486
2,6,concurrent,316,492
2,6,concurrent,317,498
2,6,concurrent,318,492
2,6,concurrent,319,494
2,6,concurrent,320,493
2,6,concurrent,321,499
2,6,concurrent,322,493
2,6,concurrent,323,487
2,6,concurrent,324,486
2,6,concurrent,325,494
2,6,concurrent,326,486
2,6,concurrent,327,493
2,6,concurrent,328,466
2,6,concurrent,329,473
2,6,concurrent,330,472
2,6,concurrent,331,468
2,6,concurrent,332,484
2,6,concurrent,333,463
2,6,concurrent,334,477
2,6,concurrent,335,468
2,6,concurrent,336,465
2,6,concurrent,337,468
2,6,concurrent,338,472
2,6,concurrent,339,467
2,6,concurrent,340,468
2,6,concurrent,341,927
2,6,concurrent,342,784
2,6,concurrent,343,499
2,6,concurrent,344,519
2,6,concurrent,345,467
2,6,concurrent,346,541
2,6,concurrent,347,541
2,6,concurrent,348,490
2,6,concurrent,349,488
2,6,concurrent,350,488
2,6,concurrent,351,502
2,6,concurrent,352,478
2,6,concurrent,353,478
2,6,concurrent,354,498
2,6,concurrent,355,508
2,6,concurrent,356,479
2,6,concurrent,357,467
2,6,concurrent,358,491
2,6,concurrent,359,474
2,6,concurrent,360,470
2,6,concurrent,361,477
2,6,concurrent,362,482
2,6,concurrent,363,480
2,6,concurrent,364,490
2,6,concurrent,365,489
2,6,concurrent,366,540
2,6,concurrent,367,742
2,6,concurrent,368,472
2,6,concurrent,369,547
2,6,concurrent,370,646
2,6,concurrent,371,588
2,6,concurrent,372,737
2,6,concurrent,373,888
2,6,concurrent,374,856
2,6,concurrent,375,833
2,6,concurrent,376,836
2,6,concurrent,377,835
2,6,concurrent,378,830
2,6,concurrent,379,845
2,6,concurrent,380,837
2,6,concurrent,381,756
2,6,concurrent,382,477
2,6,concurrent,383,487
2,6,concurrent,384,509
2,6,concurrent,385,539
2,6,concurrent,386,548
2,6,concurrent,387,527
2,6,concurrent,388,497
2,6,concurrent,389,500
2,6,concurrent,390,518
2,6,concurrent,391,532
2,6,concurrent,392,525
2,6,concurrent,393,708
2,6,concurrent,394,528
2,6,concurrent,395,578
2,6,concurrent,396,557
2,6,concurrent,397,497
2,6,concurrent,398,499
2,6,concurrent,399,488
2,6,concurrent,400,513
2,6,concurrent,401,451
2,6,concurrent,402,468
2,6,concurrent,403,452
2,6,concurrent,404,447
2,6,concurrent,405,462
2,6,concurrent,406,438
2,6,concurrent,407,452
2,6,concurrent,408,489
2,6,concurrent,409,461
2,6,concurrent,410,441
2,6,concurrent,411,441
2,6,concurrent,412,447
2,6,concurrent,413,452
2,6,concurrent,414,457
2,6,concurrent,415,457
2,6,concurrent,416,483
2,6,concurrent,417,469
2,6,concurrent,418,467
2,6,concurrent,419,483
2,6,concurrent,420,480
2,6,concurrent,421,457
2,6,concurrent,422,451
2,6,concurrent,423,438
2,6,concurrent,424,442
2,6,concurrent,425,441
2,6,concurrent,426,558
2,6,concurrent,427,546
2,6,concurrent,428,538
2,6,concurrent,429,493
2,6,concurrent,430,528
2,6,concurrent,431,528
2,6,concurrent,432,544
2,6,concurrent,433,571
2,6,concurrent,434,534
2,6,concurrent,435,550
2,6,concurrent,436,561
2,6,concurrent,437,504
2,6,concurrent,438,490
2,6,concurrent,439,480
2,6,concurrent,440,484
2,6,concurrent,441,477
2,6,concurrent,442,486
2,6,concurrent,443,485
2,6,concurrent,444,480
2,6,concurrent,445,461
2,6,concurrent,446,469
2,6,concurrent,447,472
2,6,concurrent,448,485
2,6,concurrent,449,466
2,6,concurrent,450,470
2,6,concurrent,451,465
2,6,concurrent,452,462
2,6,concurrent,453,492
2,6,concurrent,454,479
2,6,concurrent,455,450
2,6,concurrent,456,451
2,6,concurrent,457,739
2,6,concurrent,458,841
2,6,concurrent,459,827
2,6,concurrent,460,818
2,6,concurrent,461,641
2,6,concurrent,462,485
2,6,concurrent,463,474
2,6,concurrent,464,486
2,6,concurrent,465,488
2,6,concurrent,466,486
2,6,concurrent,467,487
2,6,concurrent,468,480
2,6,concurrent,469,486
2,6,concurrent,470,485
2,6,concurrent,471,490
2,6,concurrent,472,480
2,6,concurrent,473,484
2,6,concurrent,474,483
2,6,concurrent,475,463
2,6,concurrent,476,466
2,6,concurrent,477,463
2,6,concurrent,478,483
2,6,concurrent,479,465
2,6,concurrent,480,470
2,6,concurrent,481,491
2,6,concurrent,482,491
2,6,concurrent,483,485
2,6,concurrent,484,509
2,6,concurrent,485,560
2,6,concurrent,486,800
2,6,concurrent,487,656
2,6,concurrent,488,499
2,6,concurrent,489,490
2,6,concurrent,490,490
2,6,concurrent,491,491
2,6,concurrent,492,489
2,6,concurrent,493,490
2,6,concurrent,494,486
2,6,concurrent,495,489
2,6,concurrent,496,489
2,6,concurrent,497,505
2,6,concurrent,498,490
2,6,concurrent,499,538
2,6,concurrent,500,483
2,6,concurrent,501,493
2,6,concurrent,502,492
2,6,concurrent,503,492
2,6,concurrent,504,479
2,6,concurrent,505,491
2,6,concurrent,506,486
2,6,concurrent,507,496
2,6,concurrent,508,485
2,6,concurrent,509,489
2,6,concurrent,510,486
2,6,concurrent,511,489
2,6,concurrent,512,489
2,6,concurrent,513,494
2,6,concurrent,514,468
2,6,concurrent,515,511
2,6,concurrent,516,512
2,6,concurrent,517,539
2,6,concurrent,518,494
2,6,concurrent,519,538
2,6,concurrent,520,494
2,6,concurrent,521,499
2,6,concurrent,522,564
2,6,concurrent,523,513
2,6,concurrent,524,486
2,6,concurrent,525,496
2,6,concurrent,526,515
2,6,concurrent,527,493
2,6,concurrent,528,508
2,6,concurrent,529,504
2,6,concurrent,530,507
2,6,concurrent,531,482
2,6,concurrent,532,501
2,6,concurrent,533,512
2,6,concurrent,534,517
2,6,concurrent,535,564
2,6,concurrent,536,562
2,6,concurrent,537,534
2,6,concurrent,538,526
2,6,concurrent,539,483
2,6,concurrent,540,488
2,6,concurrent,541,514
2,6,concurrent,542,592
2,6,concurrent,543,658
2,6,concurrent,544,684
2,6,concurrent,545,462
2,6,concurrent,546,462
2,6,concurrent,547,465
2,6,concurrent,548,474
2,6,concurrent,549,457
2,6,concurrent,550,460
2,6,concurrent,551,451
2,6,concurrent,552,456
2,6,concurrent,553,480
2,6,concurrent,554,478
2,6,concurrent,555,473
2,6,concurrent,556,495
2,6,concurrent,557,483
2,6,concurrent,558,478
2,6,concurrent,559,487
2,6,concurrent,560,498
2,6,concurrent,561,451
2,6,concurrent,562,491
2,6,concurrent,563,467
2,6,concurrent,564,469
2,6,concurrent,565,470
2,6,concurrent,566,482
2,6,concurrent,567,464
2,6,concurrent,568,468
2,6,concurrent,569,470
2,6,concurrent,570,486
2,6,concurrent,571,467
2,6,concurrent,572,486
2,6,concurrent,573,515
2,6,concurrent,574,495
2,6,concurrent,575,491
2,6,concurrent,576,487
2,6,concurrent,577,722
2,6,concurrent,578,503
2,6,concurrent,579,471
2,6,concurrent,580,471
2,6,concurrent,581,492
2,6,concurrent,582,469
2,6,concurrent,583,464
2,6,concurrent,584,471
2,6,concurrent,585,473
2,6,concurrent,586,470
2,6,concurrent,587,482
2,6,concurrent,588,494
2,6,concurrent,589,501
2,6,concurrent,590,495
2,6,concurrent,591,491
2,6,concurrent,592,490
2,6,concurrent,593,489
2,6,concurrent,594,487
2,6,concurrent,595,495
2,6,concurrent,596,488
2,6,concurrent,597,482
2,6,concurrent,598,489
2,6,concurrent,599,482
2,6,concurrent,600,485
2,6,concurrent,601,486
2,6,concurrent,602,471
2,6,concurrent,603,471
2,6,concurrent,604,468
2,6,concurrent,605,476
2,6,concurrent,606,472
2,6,concurrent,607,534
2,6,concurrent,608,599
2,6,concurrent,609,566
2,6,concurrent,610,592
2,6,concurrent,611,547
2,6,concurrent,612,575
2,6,concurrent,613,573
2,6,concurrent,614,656
2,6,concurrent,615,517
2,6,concurrent,616,508
2,6,concurrent,617,518
2,6,concurrent,618,535
2,6,concurrent,619,488
2,6,concurrent,620,545
2,6,concurrent,621,550
2,6,concurrent,622,545
2,6,concurrent,623,560
2,6,concurrent,624,552
2,6,concurrent,625,563
2,6,concurrent,626,544
2,6,concurrent,627,501
2,6,concurrent,628,540
2,6,concurrent,629,547
2,6,concurrent,630,515
2,6,concurrent,631,634
2,6,concurrent,632,538
2,6,concurrent,633,544
2,6,concurrent,634,544
2,6,concurrent,635,552
2,6,concurrent,636,639
2,6,concurrent,637,547
2,6,concurrent,638,585
2,6,concurrent,639,545
2,6,concurrent,640,544
2,6,concurrent,641,561
2,6,concurrent,642,573
2,6,concurrent,643,819
2,6,concurrent,644,846
2,6,concurrent,645,863
2,6,concurrent,646,831
2,6,concurrent,647,827
2,6,concurrent,648,838
2,6,concurrent,649,847
2,6,concurrent,650,836
2,6,concurrent,651,831
2,6,concurrent,652,835
2,6,concurrent,653,879
2,6,concurrent,654,828
2,6,concurrent,655,823
2,6,concurrent,656,924
2,6,concurrent,657,1018
2,6,concurrent,658,866
2,6,concurrent,659,900
2,6,concurrent,660,831
2,6,concurrent,661,825
2,6,concurrent,662,829
2,6,concurrent,663,828
2,6,concurrent,664,852
2,6,concurrent,665,854
2,6,concurrent,666,837
2,6,concurrent,667,821
2,6,concurrent,668,827
2,6,concurrent,669,808
2,6,concurrent,670,868
2,6,concurrent,671,837
2,6,concurrent,672,832
2,6,concurrent,673,834
2,6,concurrent,674,833
2,6,concurrent,675,839
2,6,concurrent,676,795
2,6,concurrent,677,499
2,6,concurrent,678,478
2,6,concurrent,679,502
2,6,concurrent,680,472
2,6,concurrent,681,495
2,6,concurrent,682,494
2,6,concurrent,683,478
2,6,concurrent,684,507
2,6,concurrent,685,484
2,6,concurrent,686,493
2,6,concurrent,687,485
2,6,concurrent,688,491
2,6,concurrent,689,484
2,6,concurrent,690,513
2,6,concurrent,691,502
2,6,concurrent,692,506
2,6,concurrent,693,517
2,6,concurrent,694,513
2,6,concurrent,695,502
2,6,concurrent,696,482
2,6,concurrent,697,527
2,6,concurrent,698,488
2,6,concurrent,699,502
2,6,concurrent,700,502
2,6,concurrent,701,490
2,6,concurrent,702,641
2,6,concurrent,703,521
2,6,concurrent,704,473
2,6,concurrent,705,470
2,6,concurrent,706,470
2,6,concurrent,707,663
2,6,concurrent,708,520
2,6,concurrent,709,514
2,6,concurrent,710,540
2,6,concurrent,711,541
2,6,concurrent,712,490
2,6,concurrent,713,493
2,6,concurrent,714,477
2,6,concurrent,715,483
2,6,concurrent,716,519
2,6,concurrent,717,482
2,6,concurrent,718,488
2,6,concurrent,719,484
2,6,concurrent,720,468
2,6,concurrent,721,521
2,6,concurrent,722,481
2,6,concurrent,723,491
2,6,concurrent,724,466
2,6,concurrent,725,470
2,6,concurrent,726,488
2,6,concurrent,727,485
2,6,concurrent,728,469
2,6,concurrent,729,475
2,6,concurrent,730,468
2,6,concurrent,731,477
2,6,concurrent,732,468
2,6,concurrent,733,468
2,6,concurrent,734,472
2,6,concurrent,735,468
2,6,concurrent,736,471
2,6,concurrent,737,466
2,6,concurrent,738,521
2,6,concurrent,739,619
2,6,concurrent,740,631
2,6,concurrent,741,607
2,6,concurrent,742,628
2,6,concurrent,743,586
2,6,concurrent,744,612
2,6,concurrent,745,581
2,6,concurrent,746,908
2,6,concurrent,747,858
2,6,concurrent,748,633
2,6,concurrent,749,613
2,6,concurrent,750,612
2,6,concurrent,751,615
2,6,concurrent,752,638
2,6,concurrent,753,657
2,6,concurrent,754,668
2,6,concurrent,755,632
2,6,concurrent,756,669
2,6,concurrent,757,825
2,6,concurrent,758,874
2,6,concurrent,759,591
2,6,concurrent,760,897
2,6,concurrent,761,623
2,6,concurrent,762,597
2,6,concurrent,763,584
2,6,concurrent,764,682
2,6,concurrent,765,927
2,6,concurrent,766,847
2,6,concurrent,767,627
2,6,concurrent,768,636
2,6,concurrent,769,653
2,6,concurrent,770,637
2,6,concurrent,771,717
2,6,concurrent,772,622
2,6,concurrent,773,639
2,6,concurrent,774,653
2,6,concurrent,775,660
2,6,concurrent,776,631
2,6,concurrent,777,680
2,6,concurrent,778,642
2,6,concurrent,779,620
2,6,concurrent,780,599
2,6,concurrent,781,733
2,6,concurrent,782,626
2,6,concurrent,783,622
2,6,concurrent,784,549
2,6,concurrent,785,701
2,6,concurrent,786,741
2,6,concurrent,787,773
2,6,concurrent,788,766
2,6,concurrent,789,677
2,6,concurrent,790,694
2,6,concurrent,791,711
2,6,concurrent,792,673
2,6,concurrent,793,604
2,6,concurrent,794,628
2,6,concurrent,795,656
2,6,concurrent,796,682
2,6,concurrent,797,735
2,6,concurrent,798,744
2,6,concurrent,799,732
2,6,concurrent,800,746
2,6,concurrent,801,776
2,6,concurrent,802,750
2,6,concurrent,803,718
2,6,concurrent,804,726
2,6,concurrent,805,766
2,6,concurrent,806,744
2,6,concurrent,807,774
2,6,concurrent,808,688
2,6,concurrent,809,667
2,6,concurrent,810,647
2,6,concurrent,811,727
2,6,concurrent,812,629
2,6,concurrent,813,669
2,6,concurrent,814,659
2,6,concurrent,815,604
2,6,concurrent,816,614
2,6,concurrent,817,646
2,6,concurrent,818,683
2,6,concurrent,819,626
2,6,concurrent,820,678
2,6,concurrent,821,656
2,6,concurrent,822,661
2,6,concurrent,823,654
2,6,concurrent,824,643
2,6,concurrent,825,622
2,6,concurrent,826,648
2,6,concurrent,827,654
2,6,concurrent,828,563
2,6,concurrent,829,611
2,6,concurrent,830,499
2,6,concurrent,831,828
2,6,concurrent,832,723
2,6,concurrent,833,702
2,6,concurrent,834,785
2,6,concurrent,835,716
2,6,concurrent,836,718
2,6,concurrent,837,766
2,6,concurrent,838,715
2,6,concurrent,839,708
2,6,concurrent,840,1004
2,6,concurrent,841,1244
2,6,concurrent,842,1185
2,6,concurrent,843,939
2,6,concurrent,844,706
2,6,concurrent,845,726
2,6,concurrent,846,692
2,6,concurrent,847,722
2,6,concurrent,848,768
2,6,concurrent,849,696
2,6,concurrent,850,663
2,6,concurrent,851,744
2,6,concurrent,852,641
2,6,concurrent,853,643
2,6,concurrent,854,923
2,6,concurrent,855,875
2,6,concurrent,856,621
2,6,concurrent,857,737
2,6,concurrent,858,923
2,6,concurrent,859,1177
2,6,concurrent,860,905
2,6,concurrent,861,821
2,6,concurrent,862,1210
2,6,concurrent,863,1213
2,6,concurrent,864,833
2,6,concurrent,865,681
2,6,concurrent,866,640
2,6,concurrent,867,687
2,6,concurrent,868,662
2,6,concurrent,869,737
2,6,concurrent,870,713
2,6,concurrent,871,789
2,6,concurrent,872,779
2,6,concurrent,873,791
2,6,concurrent,874,735
2,6,concurrent,875,713
2,6,concurrent,876,681
2,6,concurrent,877,1191
2,6,concurrent,878,860
2,6,concurrent,879,744
2,6,concurrent,880,1120
2,6,concurrent,881,1037
2,6,concurrent,882,780
2,6,concurrent,883,815
2,6,concurrent,884,778
2,6,concurrent,885,708
2,6,concurrent,886,789
2,6,concurrent,887,751
2,6,concurrent,888,765
2,6,concurrent,889,685
2,6,concurrent,890,668
2,6,concurrent,891,738
2,6,concurrent,892,1079
2,6,concurrent,893,1517
2,6,concurrent,894,798
2,6,concurrent,895,631
2,6,concurrent,896,617
2,6,concurrent,897,661
2,6,concurrent,898,680
2,6,concurrent,899,672
2,6,concurrent,900,650
2,6,concurrent,901,672
2,6,concurrent,902,928
2,6,concurrent,903,694
2,6,concurrent,904,667
2,6,concurrent,905,595
2,6,concurrent,906,600
2,6,concurrent,907,558
2,6,concurrent,908,641
2,6,concurrent,909,570
2,6,concurrent,910,620
2,6,concurrent,911,1047
2,6,concurrent,912,709
2,6,concurrent,913,769
2,6,concurrent,914,617
2,6,concurrent,915,900
2,6,concurrent,916,939
2,6,concurrent,917,715
2,6,concurrent,918,616
2,6,concurrent,919,618
2,6,concurrent,920,593
2,6,concurrent,921,635
2,6,concurrent,922,639
2,6,concurrent,923,556
2,6,concurrent,924,638
2,6,concurrent,925,622
2,6,concurrent,926,603
2,6,concurrent,927,564
2,6,concurrent,928,612
2,6,concurrent,929,611
2,6,concurrent,930,961
2,6,concurrent,931,869
2,6,concurrent,932,1167
2,6,concurrent,933,1020
2,6,concurrent,934,918
2,6,concurrent,935,1020
2,6,concurrent,936,771
2,6,concurrent,937,740
2,6,concurrent,938,615
2,6,concurrent,939,618
2,6,concurrent,940,587
2,6,concurrent,941,558
2,6,concurrent,942,612
2,6,concurrent,943,611
2,6,concurrent,944,580
2,6,concurrent,945,563
2,6,concurrent,946,539
2,6,concurrent,947,609
2,6,concurrent,948,651
2,6,concurrent,949,649
2,6,concurrent,950,671
2,6,concurrent,951,591
2,6,concurrent,952,696
2,6,concurrent,953,708
2,6,concurrent,954,753
2,6,concurrent,955,848
2,6,concurrent,956,752
2,6,concurrent,957,708
2,6,concurrent,958,723
2,6,concurrent,959,936
2,6,concurrent,960,939
2,6,concurrent,961,921
2,6,concurrent,962,1047
2,6,concurrent,963,577
2,6,concurrent,964,570
2,6,concurrent,965,611
2,6,concurrent,966,651
2,6,concurrent,967,592
2,6,concurrent,968,631
2,6,concurrent,969,606
2,6,concurrent,970,573
2,6,concurrent,971,591
2,6,concurrent,972,627
2,6,concurrent,973,583
2,6,concurrent,974,650
2,6,concurrent,975,619
2,6,concurrent,976,645
2,6,concurrent,977,1045
2,6,concurrent,978,891
2,6,concurrent,979,637
2,6,concurrent,980,712
2,6,concurrent,981,762
2,6,concurrent,982,969
2,6,concurrent,983,755
2,6,concurrent,984,627
2,6,concurrent,985,750
2,6,concurrent,986,584
2,6,concurrent,987,604
2,6,concurrent,988,787
2,6,concurrent,989,3413
2,6,concurrent,990,4693
2,6,concurrent,991,8321
2,6,concurrent,992,2885
2,6,concurrent,993,699
2,6,concurrent,994,608
2,6,concurrent,995,578
2,6,concurrent,996,560
2,6,concurrent,997,575
2,6,concurrent,998,498
2,6,concurrent,999,560
3,5,cpu_base,0,146
3,5,cpu_base,1,146
3,5,cpu_base,2,144
3,5,cpu_base,3,147
3,5,cpu_base,4,145
3,5,cpu_base,5,145
3,5,cpu_base,6,150
3,5,cpu_base,7,149
3,5,cpu_base,8,142
3,5,cpu_base,9,145
3,5,cpu_base,10,143
3,5,cpu_base,11,143
3,5,cpu_base,12,143
3,5,cpu_base,13,144
3,5,cpu_base,14,151
3,5,cpu_base,15,145
3,5,cpu_base,16,144
3,5,cpu_base,17,155
3,5,cpu_base,18,144
3,5,cpu_base,19,151
3,5,cpu_base,20,146
3,5,cpu_base,21,147
3,5,cpu_base,22,145
3,5,cpu_base,23,144
3,5,cpu_base,24,143
3,5,cpu_base,25,144
3,5,cpu_base,26,143
3,5,cpu_base,27,146
3,5,cpu_base,28,151
3,5,cpu_base,29,144
3,5,cpu_base,30,149
3,5,cpu_base,31,148
3,5,cpu_base,32,144
3,5,cpu_base,33,154
3,5,cpu_base,34,153
3,5,cpu_base,35,147
3,5,cpu_base,36,144
3,5,cpu_base,37,144
3,5,cpu_base,38,145
3,5,cpu_base,39,143
3,5,cpu_base,40,143
3,5,cpu_base,41,189
3,5,cpu_base,42,144
3,5,cpu_base,43,143
3,5,cpu_base,44,147
3,5,cpu_base,45,144
3,5,cpu_base,46,150
3,5,cpu_base,47,149
3,5,cpu_base,48,147
3,5,cpu_base,49,144
3,5,cpu_base,50,143
3,5,cpu_base,51,145
3,5,cpu_base,52,142
3,5,cpu_base,53,143
3,5,cpu_base,54,203
3,5,cpu_base,55,185
3,5,cpu_base,56,145
3,5,cpu_base,57,149
3,5,cpu_base,58,142
3,5,cpu_base,59,177
3,5,cpu_base,60,152
3,5,cpu_base,61,148
3,5,cpu_base,62,144
3,5,cpu_base,63,144
3,5,cpu_base,64,150
3,5,cpu_base,65,143
3,5,cpu_base,66,144
3,5,cpu_base,67,147
3,5,cpu_base,68,145
3,5,cpu_base,69,145
3,5,cpu_base,70,147
3,5,cpu_base,71,149
3,5,cpu_base,72,144
3,5,cpu_base,73,147
3,5,cpu_base,74,149
3,5,cpu_base,75,144
3,5,cpu_base,76,144
3,5,cpu_base,77,147
3,5,cpu_base,78,147
3,5,cpu_base,79,146
3,5,cpu_base,80,147
3,5,cpu_base,81,144
3,5,cpu_base,82,144
3,5,cpu_base,83,147
3,5,cpu_base,84,148
3,5,cpu_base,85,143
3,5,cpu_base,86,149
3,5,cpu_base,87,152
3,5,cpu_base,88,143
3,5,cpu_base,89,143
3,5,cpu_base,90,143
3,5,cpu_base,91,146
3,5,cpu_base,92,143
3,5,cpu_base,93,144
3,5,cpu_base,94,144
3,5,cpu_base,95,143
3,5,cpu_base,96,145
3,5,cpu_base,97,147
3,5,cpu_base,98,151
3,5,cpu_base,99,150
3,5,cpu_base,100,143
3,5,cpu_base,101,146
3,5,cpu_base,102,144
3,5,cpu_base,103,147
3,5,cpu_base,104,147
3,5,cpu_base,105,143
3,5,cpu_base,106,146
3,5,cpu_base,107,144
3,5,cpu_base,108,149
3,5,cpu_base,109,144
3,5,cpu_base,110,143
3,5,cpu_base,111,151
3,5,cpu_base,112,149
3,5,cpu_base,113,159
3,5,cpu_base,114,147
3,5,cpu_base,115,149
3,5,cpu_base,116,144
3,5,cpu_base,117,143
3,5,cpu_base,118,147
3,5,cpu_base,119,143
3,5,cpu_base,120,142
3,5,cpu_base,121,145
3,5,cpu_base,122,142
3,5,cpu_base,123,147
3,5,cpu_base,124,145
3,5,cpu_base,125,147
3,5,cpu_base,126,145
3,5,cpu_base,127,146
3,5,cpu_base,128,142
3,5,cpu_base,129,141
3,5,cpu_base,130,143
3,5,cpu_base,131,144
3,5,cpu_base,132,146
3,5,cpu_base,133,142
3,5,cpu_base,134,143
3,5,cpu_base,135,146
3,5,cpu_base,136,144
3,5,cpu_base,137,142
3,5,cpu_base,138,144
3,5,cpu_base,139,178
3,5,cpu_base,140,146
3,5,cpu_base,141,142
3,5,cpu_base,142,143
3,5,cpu_base,143,142
3,5,cpu_base,144,142
3,5,cpu_base,145,142
3,5,cpu_base,146,142
3,5,cpu_base,147,143
3,5,cpu_base,148,142
3,5,cpu_base,149,150
3,5,cpu_base,150,147
3,5,cpu_base,151,142
3,5,cpu_base,152,148
3,5,cpu_base,153,148
3,5,cpu_base,154,147
3,5,cpu_base,155,142
3,5,cpu_base,156,141
3,5,cpu_base,157,143
3,5,cpu_base,158,142
3,5,cpu_base,159,181
3,5,cpu_base,160,242
3,5,cpu_base,161,152
3,5,cpu_base,162,146
3,5,cpu_base,163,147
3,5,cpu_base,164,144
3,5,cpu_base,165,163
3,5,cpu_base,166,165
3,5,cpu_base,167,158
3,5,cpu_base,168,243
3,5,cpu_base,169,224
3,5,cpu_base,170,196
3,5,cpu_base,171,147
3,5,cpu_base,172,147
3,5,cpu_base,173,146
3,5,cpu_base,174,150
3,5,cpu_base,175,150
3,5,cpu_base,176,177
3,5,cpu_base,177,147
3,5,cpu_base,178,148
3,5,cpu_base,179,169
3,5,cpu_base,180,159
3,5,cpu_base,181,152
3,5,cpu_base,182,143
3,5,cpu_base,183,142
3,5,cpu_base,184,149
3,5,cpu_base,185,142
3,5,cpu_base,186,142
3,5,cpu_base,187,145
3,5,cpu_base,188,148
3,5,cpu_base,189,147
3,5,cpu_base,190,148
3,5,cpu_base,191,142
3,5,cpu_base,192,151
3,5,cpu_base,193,143
3,5,cpu_base,194,168
3,5,cpu_base,195,172
3,5,cpu_base,196,143
3,5,cpu_base,197,147
3,5,cpu_base,198,142
3,5,cpu_base,199,141
3,5,cpu_base,200,147
3,5,cpu_base,201,146
3,5,cpu_base,202,147
3,5,cpu_base,203,149
3,5,cpu_base,204,145
3,5,cpu_base,205,157
3,5,cpu_base,206,159
3,5,cpu_base,207,167
3,5,cpu_base,208,150
3,5,cpu_base,209,144
3,5,cpu_base,210,147
3,5,cpu_base,211,144
3,5,cpu_base,212,145
3,5,cpu_base,213,150
3,5,cpu_base,214,147
3,5,cpu_base,215,145
3,5,cpu_base,216,148
3,5,cpu_base,217,150
3,5,cpu_base,218,146
3,5,cpu_base,219,149
3,5,cpu_base,220,149
3,5,cpu_base,221,147
3,5,cpu_base,222,144
3,5,cpu_base,223,143
3,5,cpu_base,224,147
3,5,cpu_base,225,142
3,5,cpu_base,226,142
3,5,cpu_base,227,149
3,5,cpu_base,228,146
3,5,cpu_base,229,145
3,5,cpu_base,230,148
3,5,cpu_base,231,142
3,5,cpu_base,232,146
3,5,cpu_base,233,146
3,5,cpu_base,234,141
3,5,cpu_base,235,147
3,5,cpu_base,236,142
3,5,cpu_base,237,141
3,5,cpu_base,238,146
3,5,cpu_base,239,142
3,5,cpu_base,240,173
3,5,cpu_base,241,144
3,5,cpu_base,242,145
3,5,cpu_base,243,144
3,5,cpu_base,244,147
3,5,cpu_base,245,142
3,5,cpu_base,246,149
3,5,cpu_base,247,144
3,5,cpu_base,248,148
3,5,cpu_base,249,146
3,5,cpu_base,250,142
3,5,cpu_base,251,145
3,5,cpu_base,252,141
3,5,cpu_base,253,143
3,5,cpu_base,254,147
3,5,cpu_base,255,143
3,5,cpu_base,256,144
3,5,cpu_base,257,147
3,5,cpu_base,258,150
3,5,cpu_base,259,144
3,5,cpu_base,260,147
3,5,cpu_base,261,307
3,5,cpu_base,262,337
3,5,cpu_base,263,403
3,5,cpu_base,264,209
3,5,cpu_base,265,270
3,5,cpu_base,266,255
3,5,cpu_base,267,283
3,5,cpu_base,268,181
3,5,cpu_base,269,202
3,5,cpu_base,270,254
3,5,cpu_base,271,223
3,5,cpu_base,272,284
3,5,cpu_base,273,247
3,5,cpu_base,274,195
3,5,cpu_base,275,211
3,5,cpu_base,276,245
3,5,cpu_base,277,206
3,5,cpu_base,278,226
3,5,cpu_base,279,167
3,5,cpu_base,280,274
3,5,cpu_base,281,278
3,5,cpu_base,282,275
3,5,cpu_base,283,269
3,5,cpu_base,284,233
3,5,cpu_base,285,232
3,5,cpu_base,286,147
3,5,cpu_base,287,147
3,5,cpu_base,288,230
3,5,cpu_base,289,187
3,5,cpu_base,290,194
3,5,cpu_base,291,155
3,5,cpu_base,292,173
3,5,cpu_base,293,166
3,5,cpu_base,294,152
3,5,cpu_base,295,151
3,5,cpu_base,296,177
3,5,cpu_base,297,186
3,5,cpu_base,298,146
3,5,cpu_base,299,195
3,5,cpu_base,300,180
3,5,cpu_base,301,171
3,5,cpu_base,302,211
3,5,cpu_base,303,151
3,5,cpu_base,304,205
3,5,cpu_base,305,160
3,5,cpu_base,306,262
3,5,cpu_base,307,220
3,5,cpu_base,308,212
3,5,cpu_base,309,149
3,5,cpu_base,310,145
3,5,cpu_base,311,147
3,5,cpu_base,312,147
3,5,cpu_base,313,163
3,5,cpu_base,314,160
3,5,cpu_base,315,152
3,5,cpu_base,316,150
3,5,cpu_base,317,147
3,5,cpu_base,318,162
3,5,cpu_base,319,162
3,5,cpu_base,320,144
3,5,cpu_base,321,145
3,5,cpu_base,322,145
3,5,cpu_base,323,149
3,5,cpu_base,324,150
3,5,cpu_base,325,148
3,5,cpu_base,326,145
3,5,cpu_base,327,148
3,5,cpu_base,328,144
3,5,cpu_base,329,152
3,5,cpu_base,330,148
3,5,cpu_base,331,149
3,5,cpu_base,332,146
3,5,cpu_base,333,143
3,5,cpu_base,334,144
3,5,cpu_base,335,145
3,5,cpu_base,336,147
3,5,cpu_base,337,143
3,5,cpu_base,338,149
3,5,cpu_base,339,149
3,5,cpu_base,340,147
3,5,cpu_base,341,152
3,5,cpu_base,342,152
3,5,cpu_base,343,150
3,5,cpu_base,344,145
3,5,cpu_base,345,177
3,5,cpu_base,346,363
3,5,cpu_base,347,165
3,5,cpu_base,348,154
3,5,cpu_base,349,161
3,5,cpu_base,350,151
3,5,cpu_base,351,145
3,5,cpu_base,352,151
3,5,cpu_base,353,148
3,5,cpu_base,354,168
3,5,cpu_base,355,165
3,5,cpu_base,356,146
3,5,cpu_base,357,147
3,5,cpu_base,358,161
3,5,cpu_base,359,148
3,5,cpu_base,360,148
3,5,cpu_base,361,166
3,5,cpu_base,362,147
3,5,cpu_base,363,154
3,5,cpu_base,364,152
3,5,cpu_base,365,149
3,5,cpu_base,366,164
3,5,cpu_base,367,164
3,5,cpu_base,368,162
3,5,cpu_base,369,148
3,5,cpu_base,370,143
3,5,cpu_base,371,187
3,5,cpu_base,372,153
3,5,cpu_base,373,227
3,5,cpu_base,374,169
3,5,cpu_base,375,164
3,5,cpu_base,376,143
3,5,cpu_base,377,147
3,5,cpu_base,378,150
3,5,cpu_base,379,149
3,5,cpu_base,380,143
3,5,cpu_base,381,142
3,5,cpu_base,382,161
3,5,cpu_base,383,143
3,5,cpu_base,384,146
3,5,cpu_base,385,142
3,5,cpu_base,386,142
3,5,cpu_base,387,149
3,5,cpu_base,388,147
3,5,cpu_base,389,146
3,5,cpu_base,390,143
3,5,cpu_base,391,146
3,5,cpu_base,392,146
3,5,cpu_base,393,146
3,5,cpu_base,394,143
3,5,cpu_base,395,142
3,5,cpu_base,396,146
3,5,cpu_base,397,142
3,5,cpu_base,398,142
3,5,cpu_base,399,141
3,5,cpu_base,400,144
3,5,cpu_base,401,142
3,5,cpu_base,402,146
3,5,cpu_base,403,147
3,5,cpu_base,404,146
3,5,cpu_base,405,150
3,5,cpu_base,406,152
3,5,cpu_base,407,144
3,5,cpu_base,408,143
3,5,cpu_base,409,147
3,5,cpu_base,410,146
3,5,cpu_base,411,141
3,5,cpu_base,412,141
3,5,cpu_base,413,141
3,5,cpu_base,414,144
3,5,cpu_base,415,142
3,5,cpu_base,416,186
3,5,cpu_base,417,147
3,5,cpu_base,418,145
3,5,cpu_base,419,150
3,5,cpu_base,420,150
3,5,cpu_base,421,142
3,5,cpu_base,422,144
3,5,cpu_base,423,141
3,5,cpu_base,424,145
3,5,cpu_base,425,143
3,5,cpu_base,426,142
3,5,cpu_base,427,142
3,5,cpu_base,428,144
3,5,cpu_base,429,146
3,5,cpu_base,430,144
3,5,cpu_base,431,144
3,5,cpu_base,432,145
3,5,cpu_base,433,147
3,5,cpu_base,434,144
3,5,cpu_base,435,142
3,5,cpu_base,436,146
3,5,cpu_base,437,144
3,5,cpu_base,438,148
3,5,cpu_base,439,152
3,5,cpu_base,440,141
3,5,cpu_base,441,146
3,5,cpu_base,442,140
3,5,cpu_base,443,158
3,5,cpu_base,444,146
3,5,cpu_base,445,142
3,5,cpu_base,446,143
3,5,cpu_base,447,161
3,5,cpu_base,448,142
3,5,cpu_base,449,142
3,5,cpu_base,450,278
3,5,cpu_base,451,150
3,5,cpu_base,452,156
3,5,cpu_base,453,145
3,5,cpu_base,454,160
3,5,cpu_base,455,149
3,5,cpu_base,456,146
3,5,cpu_base,457,144
3,5,cpu_base,458,150
3,5,cpu_base,459,148
3,5,cpu_base,460,149
3,5,cpu_base,461,155
3,5,cpu_base,462,147
3,5,cpu_base,463,150
3,5,cpu_base,464,143
3,5,cpu_base,465,147
3,5,cpu_base,466,149
3,5,cpu_base,467,150
3,5,cpu_base,468,143
3,5,cpu_base,469,158
3,5,cpu_base,470,143
3,5,cpu_base,471,143
3,5,cpu_base,472,148
3,5,cpu_base,473,144
3,5,cpu_base,474,154
3,5,cpu_base,475,150
3,5,cpu_base,476,143
3,5,cpu_base,477,142
3,5,cpu_base,478,142
3,5,cpu_base,479,147
3,5,cpu_base,480,150
3,5,cpu_base,481,145
3,5,cpu_base,482,144
3,5,cpu_base,483,141
3,5,cpu_base,484,142
3,5,cpu_base,485,146
3,5,cpu_base,486,145
3,5,cpu_base,487,145
3,5,cpu_base,488,146
3,5,cpu_base,489,145
3,5,cpu_base,490,142
3,5,cpu_base,491,142
3,5,cpu_base,492,142
3,5,cpu_base,493,147
3,5,cpu_base,494,145
3,5,cpu_base,495,141
3,5,cpu_base,496,144
3,5,cpu_base,497,145
3,5,cpu_base,498,143
3,5,cpu_base,499,146
3,5,cpu_base,500,145
3,5,cpu_base,501,145
3,5,cpu_base,502,147
3,5,cpu_base,503,146
3,5,cpu_base,504,142
3,5,cpu_base,505,170
3,5,cpu_base,506,147
3,5,cpu_base,507,142
3,5,cpu_base,508,148
3,5,cpu_base,509,144
3,5,cpu_base,510,146
3,5,cpu_base,511,141
3,5,cpu_base,512,141
3,5,cpu_base,513,162
3,5,cpu_base,514,146
3,5,cpu_base,515,147
3,5,cpu_base,516,174
3,5,cpu_base,517,142
3,5,cpu_base,518,142
3,5,cpu_base,519,141
3,5,cpu_base,520,146
3,5,cpu_base,521,146
3,5,cpu_base,522,141
3,5,cpu_base,523,145
3,5,cpu_base,524,149
3,5,cpu_base,525,141
3,5,cpu_base,526,148
3,5,cpu_base,527,145
3,5,cpu_base,528,146
3,5,cpu_base,529,145
3,5,cpu_base,530,148
3,5,cpu_base,531,141
3,5,cpu_base,532,141
3,5,cpu_base,533,141
3,5,cpu_base,534,146
3,5,cpu_base,535,145
3,5,cpu_base,536,141
3,5,cpu_base,537,144
3,5,cpu_base,538,153
3,5,cpu_base,539,141
3,5,cpu_base,540,141
3,5,cpu_base,541,147
3,5,cpu_base,542,145
3,5,cpu_base,543,147
3,5,cpu_base,544,145
3,5,cpu_base,545,142
3,5,cpu_base,546,142
3,5,cpu_base,547,143
3,5,cpu_base,548,141
3,5,cpu_base,549,147
3,5,cpu_base,550,203
3,5,cpu_base,551,158
3,5,cpu_base,552,159
3,5,cpu_base,553,142
3,5,cpu_base,554,176
3,5,cpu_base,555,145
3,5,cpu_base,556,152
3,5,cpu_base,557,143
3,5,cpu_base,558,144
3,5,cpu_base,559,145
3,5,cpu_base,560,148
3,5,cpu_base,561,142
3,5,cpu_base,562,148
3,5,cpu_base,563,144
3,5,cpu_base,564,143
3,5,cpu_base,565,141
3,5,cpu_base,566,149
3,5,cpu_base,567,141
3,5,cpu_base,568,144
3,5,cpu_base,569,142
3,5,cpu_base,570,152
3,5,cpu_base,571,142
3,5,cpu_base,572,142
3,5,cpu_base,573,171
3,5,cpu_base,574,146
3,5,cpu_base,575,159
3,5,cpu_base,576,143
3,5,cpu_base,577,149
3,5,cpu_base,578,146
3,5,cpu_base,579,143
3,5,cpu_base,580,142
3,5,cpu_base,581,142
3,5,cpu_base,582,146
3,5,cpu_base,583,147
3,5,cpu_base,584,149
3,5,cpu_base,585,140
3,5,cpu_base,586,141
3,5,cpu_base,587,146
3,5,cpu_base,588,158
3,5,cpu_base,589,147
3,5,cpu_base,590,145
3,5,cpu_base,591,146
3,5,cpu_base,592,146
3,5,cpu_base,593,146
3,5,cpu_base,594,143
3,5,cpu_base,595,145
3,5,cpu_base,596,150
3,5,cpu_base,597,150
3,5,cpu_base,598,142
3,5,cpu_base,599,142
3,5,cpu_base,600,142
3,5,cpu_base,601,147
3,5,cpu_base,602,142
3,5,cpu_base,603,152
3,5,cpu_base,604,155
3,5,cpu_base,605,141
3,5,cpu_base,606,141
3,5,cpu_base,607,143
3,5,cpu_base,608,141
3,5,cpu_base,609,147
3,5,cpu_base,610,141
3,5,cpu_base,611,149
3,5,cpu_base,612,143
3,5,cpu_base,613,141
3,5,cpu_base,614,141
3,5,cpu_base,615,148
3,5,cpu_base,616,143
3,5,cpu_base,617,143
3,5,cpu_base,618,172
3,5,cpu_base,619,145
3,5,cpu_base,620,143
3,5,cpu_base,621,140
3,5,cpu_base,622,142
3,5,cpu_base,623,145
3,5,cpu_base,624,146
3,5,cpu_base,625,146
3,5,cpu_base,626,140
3,5,cpu_base,627,141
3,5,cpu_base,628,146
3,5,cpu_base,629,157
3,5,cpu_base,630,142
3,5,cpu_base,631,145
3,5,cpu_base,632,144
3,5,cpu_base,633,145
3,5,cpu_base,634,146
3,5,cpu_base,635,141
3,5,cpu_base,636,146
3,5,cpu_base,637,148
3,5,cpu_base,638,153
3,5,cpu_base,639,142
3,5,cpu_base,640,157
3,5,cpu_base,641,158
3,5,cpu_base,642,145
3,5,cpu_base,643,142
3,5,cpu_base,644,143
3,5,cpu_base,645,149
3,5,cpu_base,646,145
3,5,cpu_base,647,142
3,5,cpu_base,648,141
3,5,cpu_base,649,142
3,5,cpu_base,650,149
3,5,cpu_base,651,141
3,5,cpu_base,652,152
3,5,cpu_base,653,141
3,5,cpu_base,654,145
3,5,cpu_base,655,142
3,5,cpu_base,656,146
3,5,cpu_base,657,146
3,5,cpu_base,658,141
3,5,cpu_base,659,339
3,5,cpu_base,660,290
3,5,cpu_base,661,318
3,5,cpu_base,662,258
3,5,cpu_base,663,341
3,5,cpu_base,664,200
3,5,cpu_base,665,197
3,5,cpu_base,666,213
3,5,cpu_base,667,187
3,5,cpu_base,668,198
3,5,cpu_base,669,195
3,5,cpu_base,670,179
3,5,cpu_base,671,185
3,5,cpu_base,672,181
3,5,cpu_base,673,208
3,5,cpu_base,674,206
3,5,cpu_base,675,232
3,5,cpu_base,676,1531
3,5,cpu_base,677,173
3,5,cpu_base,678,204
3,5,cpu_base,679,182
3,5,cpu_base,680,180
3,5,cpu_base,681,169
3,5,cpu_base,682,157
3,5,cpu_base,683,163
3,5,cpu_base,684,166
3,5,cpu_base,685,173
3,5,cpu_base,686,161
3,5,cpu_base,687,219
3,5,cpu_base,688,184
3,5,cpu_base,689,168
3,5,cpu_base,690,187
3,5,cpu_base,691,200
3,5,cpu_base,692,178
3,5,cpu_base,693,152
3,5,cpu_base,694,182
3,5,cpu_base,695,199
3,5,cpu_base,696,196
3,5,cpu_base,697,170
3,5,cpu_base,698,181
3,5,cpu_base,699,165
3,5,cpu_base,700,164
3,5,cpu_base,701,231
3,5,cpu_base,702,197
3,5,cpu_base,703,169
3,5,cpu_base,704,178
3,5,cpu_base,705,209
3,5,cpu_base,706,179
3,5,cpu_base,707,183
3,5,cpu_base,708,173
3,5,cpu_base,709,160
3,5,cpu_base,710,198
3,5,cpu_base,711,168
3,5,cpu_base,712,167
3,5,cpu_base,713,179
3,5,cpu_base,714,185
3,5,cpu_base,715,181
3,5,cpu_base,716,200
3,5,cpu_base,717,159
3,5,cpu_base,718,186
3,5,cpu_base,719,196
3,5,cpu_base,720,183
3,5,cpu_base,721,194
3,5,cpu_base,722,203
3,5,cpu_base,723,165
3,5,cpu_base,724,176
3,5,cpu_base,725,177
3,5,cpu_base,726,173
3,5,cpu_base,727,172
3,5,cpu_base,728,172
3,5,cpu_base,729,446
3,5,cpu_base,730,250
3,5,cpu_base,731,225
3,5,cpu_base,732,219
3,5,cpu_base,733,170
3,5,cpu_base,734,194
3,5,cpu_base,735,195
3,5,cpu_base,736,285
3,5,cpu_base,737,250
3,5,cpu_base,738,245
3,5,cpu_base,739,198
3,5,cpu_base,740,192
3,5,cpu_base,741,191
3,5,cpu_base,742,188
3,5,cpu_base,743,187
3,5,cpu_base,744,208
3,5,cpu_base,745,189
3,5,cpu_base,746,182
3,5,cpu_base,747,185
3,5,cpu_base,748,170
3,5,cpu_base,749,192
3,5,cpu_base,750,205
3,5,cpu_base,751,188
3,5,cpu_base,752,182
3,5,cpu_base,753,192
3,5,cpu_base,754,184
3,5,cpu_base,755,182
3,5,cpu_base,756,167
3,5,cpu_base,757,196
3,5,cpu_base,758,165
3,5,cpu_base,759,162
3,5,cpu_base,760,166
3,5,cpu_base,761,176
3,5,cpu_base,762,186
3,5,cpu_base,763,178
3,5,cpu_base,764,162
3,5,cpu_base,765,162
3,5,cpu_base,766,147
3,5,cpu_base,767,188
3,5,cpu_base,768,165
3,5,cpu_base,769,178
3,5,cpu_base,770,179
3,5,cpu_base,771,168
3,5,cpu_base,772,220
3,5,cpu_base,773,181
3,5,cpu_base,774,170
3,5,cpu_base,775,172
3,5,cpu_base,776,171
3,5,cpu_base,777,163
3,5,cpu_base,778,178
3,5,cpu_base,779,189
3,5,cpu_base,780,169
3,5,cpu_base,781,171
3,5,cpu_base,782,187
3,5,cpu_base,783,156
3,5,cpu_base,784,151
3,5,cpu_base,785,178
3,5,cpu_base,786,191
3,5,cpu_base,787,163
3,5,cpu_base,788,164
3,5,cpu_base,789,185
3,5,cpu_base,790,174
3,5,cpu_base,791,174
3,5,cpu_base,792,169
3,5,cpu_base,793,193
3,5,cpu_base,794,184
3,5,cpu_base,795,158
3,5,cpu_base,796,192
3,5,cpu_base,797,184
3,5,cpu_base,798,178
3,5,cpu_base,799,186
3,5,cpu_base,800,171
3,5,cpu_base,801,183
3,5,cpu_base,802,156
3,5,cpu_base,803,160
3,5,cpu_base,804,181
3,5,cpu_base,805,167
3,5,cpu_base,806,170
3,5,cpu_base,807,177
3,5,cpu_base,808,190
3,5,cpu_base,809,176
3,5,cpu_base,810,190
3,5,cpu_base,811,195
3,5,cpu_base,812,177
3,5,cpu_base,813,160
3,5,cpu_base,814,235
3,5,cpu_base,815,255
3,5,cpu_base,816,279
3,5,cpu_base,817,209
3,5,cpu_base,818,174
3,5,cpu_base,819,185
3,5,cpu_base,820,215
3,5,cpu_base,821,209
3,5,cpu_base,822,229
3,5,cpu_base,823,223
3,5,cpu_base,824,197
3,5,cpu_base,825,204
3,5,cpu_base,826,183
3,5,cpu_base,827,197
3,5,cpu_base,828,203
3,5,cpu_base,829,226
3,5,cpu_base,830,198
3,5,cpu_base,831,205
3,5,cpu_base,832,208
3,5,cpu_base,833,189
3,5,cpu_base,834,244
3,5,cpu_base,835,275
3,5,cpu_base,836,217
3,5,cpu_base,837,222
3,5,cpu_base,838,198
3,5,cpu_base,839,211
3,5,cpu_base,840,206
3,5,cpu_base,841,226
3,5,cpu_base,842,201
3,5,cpu_base,843,260
3,5,cpu_base,844,212
3,5,cpu_base,845,186
3,5,cpu_base,846,212
3,5,cpu_base,847,199
3,5,cpu_base,848,183
3,5,cpu_base,849,199
3,5,cpu_base,850,195
3,5,cpu_base,851,224
3,5,cpu_base,852,244
3,5,cpu_base,853,202
3,5,cpu_base,854,197
3,5,cpu_base,855,209
3,5,cpu_base,856,220
3,5,cpu_base,857,194
3,5,cpu_base,858,210
3,5,cpu_base,859,183
3,5,cpu_base,860,206
3,5,cpu_base,861,195
3,5,cpu_base,862,203
3,5,cpu_base,863,185
3,5,cpu_base,864,191
3,5,cpu_base,865,194
3,5,cpu_base,866,232
3,5,cpu_base,867,205
3,5,cpu_base,868,187
3,5,cpu_base,869,215
3,5,cpu_base,870,202
3,5,cpu_base,871,199
3,5,cpu_base,872,182
3,5,cpu_base,873,197
3,5,cpu_base,874,201
3,5,cpu_base,875,200
3,5,cpu_base,876,208
3,5,cpu_base,877,191
3,5,cpu_base,878,183
3,5,cpu_base,879,163
3,5,cpu_base,880,198
3,5,cpu_base,881,221
3,5,cpu_base,882,202
3,5,cpu_base,883,218
3,5,cpu_base,884,205
3,5,cpu_base,885,209
3,5,cpu_base,886,223
3,5,cpu_base,887,223
3,5,cpu_base,888,194
3,5,cpu_base,889,203
3,5,cpu_base,890,210
3,5,cpu_base,891,552
3,5,cpu_base,892,388
3,5,cpu_base,893,391
3,5,cpu_base,894,266
3,5,cpu_base,895,246
3,5,cpu_base,896,276
3,5,cpu_base,897,284
3,5,cpu_base,898,350
3,5,cpu_base,899,238
3,5,cpu_base,900,207
3,5,cpu_base,901,209
3,5,cpu_base,902,210
3,5,cpu_base,903,191
3,5,cpu_base,904,214
3,5,cpu_base,905,193
3,5,cpu_base,906,201
3,5,cpu_base,907,184
3,5,cpu_base,908,175
3,5,cpu_base,909,184
3,5,cpu_base,910,189
3,5,cpu_base,911,169
3,5,cpu_base,912,185
3,5,cpu_base,913,175
3,5,cpu_base,914,183
3,5,cpu_base,915,208
3,5,cpu_base,916,169
3,5,cpu_base,917,174
3,5,cpu_base,918,199
3,5,cpu_base,919,188
3,5,cpu_base,920,166
3,5,cpu_base,921,164
3,5,cpu_base,922,187
3,5,cpu_base,923,171
3,5,cpu_base,924,174
3,5,cpu_base,925,193
3,5,cpu_base,926,176
3,5,cpu_base,927,203
3,5,cpu_base,928,151
3,5,cpu_base,929,173
3,5,cpu_base,930,164
3,5,cpu_base,931,169
3,5,cpu_base,932,195
3,5,cpu_base,933,188
3,5,cpu_base,934,192
3,5,cpu_base,935,173
3,5,cpu_base,936,204
3,5,cpu_base,937,209
3,5,cpu_base,938,170
3,5,cpu_base,939,188
3,5,cpu_base,940,179
3,5,cpu_base,941,169
3,5,cpu_base,942,173
3,5,cpu_base,943,168
3,5,cpu_base,944,190
3,5,cpu_base,945,164
3,5,cpu_base,946,190
3,5,cpu_base,947,169
3,5,cpu_base,948,170
3,5,cpu_base,949,172
3,5,cpu_base,950,174
3,5,cpu_base,951,170
3,5,cpu_base,952,183
3,5,cpu_base,953,174
3,5,cpu_base,954,187
3,5,cpu_base,955,164
3,5,cpu_base,956,165
3,5,cpu_base,957,172
3,5,cpu_base,958,201
3,5,cpu_base,959,171
3,5,cpu_base,960,178
3,5,cpu_base,961,182
3,5,cpu_base,962,189
3,5,cpu_base,963,181
3,5,cpu_base,964,160
3,5,cpu_base,965,181
3,5,cpu_base,966,184
3,5,cpu_base,967,247
3,5,cpu_base,968,200
3,5,cpu_base,969,200
3,5,cpu_base,970,218
3,5,cpu_base,971,201
3,5,cpu_base,972,149
3,5,cpu_base,973,159
3,5,cpu_base,974,209
3,5,cpu_base,975,179
3,5,cpu_base,976,185
3,5,cpu_base,977,171
3,5,cpu_base,978,186
3,5,cpu_base,979,165
3,5,cpu_base,980,180
3,5,cpu_base,981,206
3,5,cpu_base,982,161
3,5,cpu_base,983,168
3,5,cpu_base,984,161
3,5,cpu_base,985,174
3,5,cpu_base,986,172
3,5,cpu_base,987,192
3,5,cpu_base,988,168
3,5,cpu_base,989,175
3,5,cpu_base,990,167
3,5,cpu_base,991,162
3,5,cpu_base,992,196
3,5,cpu_base,993,190
3,5,cpu_base,994,173
3,5,cpu_base,995,168
3,5,cpu_base,996,185
3,5,cpu_base,997,179
3,5,cpu_base,998,188
3,5,cpu_base,999,182
3,5,serial,0,558
3,5,serial,1,566
3,5,serial,2,591
3,5,serial,3,847
3,5,serial,4,579
3,5,serial,5,934
3,5,serial,6,1093
3,5,serial,7,739
3,5,serial,8,651
3,5,serial,9,648
3,5,serial,10,851
3,5,serial,11,610
3,5,serial,12,646
3,5,serial,13,624
3,5,serial,14,628
3,5,serial,15,931
3,5,serial,16,678
3,5,serial,17,689
3,5,serial,18,608
3,5,serial,19,692
3,5,serial,20,654
3,5,serial,21,697
3,5,serial,22,682
3,5,serial,23,597
3,5,serial,24,648
3,5,serial,25,717
3,5,serial,26,685
3,5,serial,27,690
3,5,serial,28,720
3,5,serial,29,1026
3,5,serial,30,644
3,5,serial,31,626
3,5,serial,32,638
3,5,serial,33,668
3,5,serial,34,632
3,5,serial,35,599
3,5,serial,36,646
3,5,serial,37,641
3,5,serial,38,792
3,5,serial,39,612
3,5,serial,40,581
3,5,serial,41,588
3,5,serial,42,618
3,5,serial,43,598
3,5,serial,44,636
3,5,serial,45,628
3,5,serial,46,652
3,5,serial,47,635
3,5,serial,48,637
3,5,serial,49,735
3,5,serial,50,549
3,5,serial,51,540
3,5,serial,52,535
3,5,serial,53,527
3,5,serial,54,519
3,5,serial,55,513
3,5,serial,56,542
3,5,serial,57,515
3,5,serial,58,534
3,5,serial,59,527
3,5,serial,60,528
3,5,serial,61,513
3,5,serial,62,521
3,5,serial,63,522
3,5,serial,64,616
3,5,serial,65,538
3,5,serial,66,627
3,5,serial,67,527
3,5,serial,68,534
3,5,serial,69,524
3,5,serial,70,515
3,5,serial,71,518
3,5,serial,72,514
3,5,serial,73,489
3,5,serial,74,483
3,5,serial,75,530
3,5,serial,76,511
3,5,serial,77,481
3,5,serial,78,516
3,5,serial,79,511
3,5,serial,80,506
3,5,serial,81,496
3,5,serial,82,493
3,5,serial,83,508
3,5,serial,84,507
3,5,serial,85,506
3,5,serial,86,506
3,5,serial,87,512
3,5,serial,88,504
3,5,serial,89,506
3,5,serial,90,507
3,5,serial,91,515
3,5,serial,92,494
3,5,serial,93,593
3,5,serial,94,562
3,5,serial,95,598
3,5,serial,96,608
3,5,serial,97,553
3,5,serial,98,509
3,5,serial,99,507
3,5,serial,100,505
3,5,serial,101,501
3,5,serial,102,495
3,5,serial,103,505
3,5,serial,104,507
3,5,serial,105,504
3,5,serial,106,504
3,5,serial,107,499
3,5,serial,108,521
3,5,serial,109,501
3,5,serial,110,523
3,5,serial,111,493
3,5,serial,112,527
3,5,serial,113,505
3,5,serial,114,504
3,5,serial,115,503
3,5,serial,116,508
3,5,serial,117,499
3,5,serial,118,503
3,5,serial,119,497
3,5,serial,120,511
3,5,serial,121,505
3,5,serial,122,522
3,5,serial,123,517
3,5,serial,124,524
3,5,serial,125,551
3,5,serial,126,541
3,5,serial,127,571
3,5,serial,128,524
3,5,serial,129,501
3,5,serial,130,518
3,5,serial,131,504
3,5,serial,132,513
3,5,serial,133,504
3,5,serial,134,519
3,5,serial,135,490
3,5,serial,136,501
3,5,serial,137,476
3,5,serial,138,498
3,5,serial,139,501
3,5,serial,140,522
3,5,serial,141,475
3,5,serial,142,519
3,5,serial,143,471
3,5,serial,144,471
3,5,serial,145,484
3,5,serial,146,516
3,5,serial,147,487
3,5,serial,148,495
3,5,serial,149,473
3,5,serial,150,496
3,5,serial,151,497
3,5,serial,152,505
3,5,serial,153,488
3,5,serial,154,491
3,5,serial,155,601
3,5,serial,156,521
3,5,serial,157,503
3,5,serial,158,505
3,5,serial,159,497
3,5,serial,160,481
3,5,serial,161,461
3,5,serial,162,492
3,5,serial,163,518
3,5,serial,164,479
3,5,serial,165,485
3,5,serial,166,494
3,5,serial,167,510
3,5,serial,168,500
3,5,serial,169,490
3,5,serial,170,491
3,5,serial,171,481
3,5,serial,172,488
3,5,serial,173,498
3,5,serial,174,497
3,5,serial,175,470
3,5,serial,176,488
3,5,serial,177,495
3,5,serial,178,516
3,5,serial,179,512
3,5,serial,180,517
3,5,serial,181,558
3,5,serial,182,566
3,5,serial,183,508
3,5,serial,184,501
3,5,serial,185,516
3,5,serial,186,505
3,5,serial,187,585
3,5,serial,188,528
3,5,serial,189,606
3,5,serial,190,526
3,5,serial,191,500
3,5,serial,192,525
3,5,serial,193,526
3,5,serial,194,519
3,5,serial,195,507
3,5,serial,196,547
3,5,serial,197,505
3,5,serial,198,492
3,5,serial,199,489
3,5,serial,200,508
3,5,serial,201,490
3,5,serial,202,502
3,5,serial,203,473
3,5,serial,204,507
3,5,serial,205,502
3,5,serial,206,501
3,5,serial,207,475
3,5,serial,208,506
3,5,serial,209,490
3,5,serial,210,502
3,5,serial,211,504
3,5,serial,212,501
3,5,serial,213,511
3,5,serial,214,506
3,5,serial,215,504
3,5,serial,216,501
3,5,serial,217,504
3,5,serial,218,538
3,5,serial,219,518
3,5,serial,220,508
3,5,serial,221,473
3,5,serial,222,509
3,5,serial,223,507
3,5,serial,224,507
3,5,serial,225,487
3,5,serial,226,499
3,5,serial,227,475
3,5,serial,228,503
3,5,serial,229,506
3,5,serial,230,510
3,5,serial,231,477
3,5,serial,232,494
3,5,serial,233,481
3,5,serial,234,492
3,5,serial,235,507
3,5,serial,236,505
3,5,serial,237,510
3,5,serial,238,491
3,5,serial,239,513
3,5,serial,240,505
3,5,serial,241,472
3,5,serial,242,502
3,5,serial,243,507
3,5,serial,244,504
3,5,serial,245,510
3,5,serial,246,514
3,5,serial,247,508
3,5,serial,248,506
3,5,serial,249,652
3,5,serial,250,528
3,5,serial,251,596
3,5,serial,252,560
3,5,serial,253,533
3,5,serial,254,519
3,5,serial,255,526
3,5,serial,256,511
3,5,serial,257,531
3,5,serial,258,514
3,5,serial,259,556
3,5,serial,260,631
3,5,serial,261,622
3,5,serial,262,629
3,5,serial,263,619
3,5,serial,264,583
3,5,serial,265,604
3,5,serial,266,550
3,5,serial,267,594
3,5,serial,268,547
3,5,serial,269,572
3,5,serial,270,587
3,5,serial,271,628
3,5,serial,272,624
3,5,serial,273,602
3,5,serial,274,608
3,5,serial,275,607
3,5,serial,276,553
3,5,serial,277,522
3,5,serial,278,508
3,5,serial,279,502
3,5,serial,280,484
3,5,serial,281,545
3,5,serial,282,546
3,5,serial,283,561
3,5,serial,284,531
3,5,serial,285,507
3,5,serial,286,505
3,5,serial,287,505
3,5,serial,288,516
3,5,serial,289,507
3,5,serial,290,524
3,5,serial,291,514
3,5,serial,292,516
3,5,serial,293,505
3,5,serial,294,503
3,5,serial,295,503
3,5,serial,296,504
3,5,serial,297,504
3,5,serial,298,509
3,5,serial,299,518
3,5,serial,300,506
3,5,serial,301,491
3,5,serial,302,502
3,5,serial,303,510
3,5,serial,304,488
3,5,serial,305,499
3,5,serial,306,508
3,5,serial,307,617
3,5,serial,308,518
3,5,serial,309,497
3,5,serial,310,718
3,5,serial,311,535
3,5,serial,312,503
3,5,serial,313,530
3,5,serial,314,514
3,5,serial,315,512
3,5,serial,316,517
3,5,serial,317,496
3,5,serial,318,507
3,5,serial,319,499
3,5,serial,320,494
3,5,serial,321,498
3,5,serial,322,507
3,5,serial,323,494
3,5,serial,324,497
3,5,serial,325,507
3,5,serial,326,505
3,5,serial,327,522
3,5,serial,328,511
3,5,serial,329,501
3,5,serial,330,504
3,5,serial,331,501
3,5,serial,332,496
3,5,serial,333,509
3,5,serial,334,508
3,5,serial,335,510
3,5,serial,336,507
3,5,serial,337,608
3,5,serial,338,518
3,5,serial,339,477
3,5,serial,340,499
3,5,serial,341,489
3,5,serial,342,483
3,5,serial,343,488
3,5,serial,344,462
3,5,serial,345,489
3,5,serial,346,474
3,5,serial,347,506
3,5,serial,348,508
3,5,serial,349,482
3,5,serial,350,491
3,5,serial,351,491
3,5,serial,352,485
3,5,serial,353,543
3,5,serial,354,508
3,5,serial,355,472
3,5,serial,356,522
3,5,serial,357,534
3,5,serial,358,498
3,5,serial,359,506
3,5,serial,360,527
3,5,serial,361,495
3,5,serial,362,521
3,5,serial,363,483
3,5,serial,364,522
3,5,serial,365,494
3,5,serial,366,497
3,5,serial,367,681
3,5,serial,368,673
3,5,serial,369,672
3,5,serial,370,568
3,5,serial,371,660
3,5,serial,372,562
3,5,serial,373,588
3,5,serial,374,556
3,5,serial,375,592
3,5,serial,376,594
3,5,serial,377,544
3,5,serial,378,566
3,5,serial,379,703
3,5,serial,380,994
3,5,serial,381,866
3,5,serial,382,613
3,5,serial,383,932
3,5,serial,384,939
3,5,serial,385,918
3,5,serial,386,548
3,5,serial,387,560
3,5,serial,388,598
3,5,serial,389,574
3,5,serial,390,638
3,5,serial,391,626
3,5,serial,392,635
3,5,serial,393,565
3,5,serial,394,585
3,5,serial,395,578
3,5,serial,396,557
3,5,serial,397,540
3,5,serial,398,573
3,5,serial,399,597
3,5,serial,400,590
3,5,serial,401,581
3,5,serial,402,564
3,5,serial,403,523
3,5,serial,404,519
3,5,serial,405,534
3,5,serial,406,511
3,5,serial,407,536
3,5,serial,408,495
3,5,serial,409,536
3,5,serial,410,553
3,5,serial,411,643
3,5,serial,412,595
3,5,serial,413,927
3,5,serial,414,609
3,5,serial,415,565
3,5,serial,416,565
3,5,serial,417,595
3,5,serial,418,607
3,5,serial,419,561
3,5,serial,420,532
3,5,serial,421,547
3,5,serial,422,582
3,5,serial,423,594
3,5,serial,424,604
3,5,serial,425,583
3,5,serial,426,543
3,5,serial,427,557
3,5,serial,428,541
3,5,serial,429,519
3,5,serial,430,530
3,5,serial,431,556
3,5,serial,432,568
3,5,serial,433,544
3,5,serial,434,585
3,5,serial,435,604
3,5,serial,436,525
3,5,serial,437,567
3,5,serial,438,574
3,5,serial,439,614
3,5,serial,440,884
3,5,serial,441,507
3,5,serial,442,530
3,5,serial,443,552
3,5,serial,444,520
3,5,serial,445,541
3,5,serial,446,618
3,5,serial,447,590
3,5,serial,448,585
3,5,serial,449,584
3,5,serial,450,624
3,5,serial,451,777
3,5,serial,452,557
3,5,serial,453,578
3,5,serial,454,563
3,5,serial,455,569
3,5,serial,456,874
3,5,serial,457,638
3,5,serial,458,575
3,5,serial,459,581
3,5,serial,460,559
3,5,serial,461,633
3,5,serial,462,548
3,5,serial,463,573
3,5,serial,464,558
3,5,serial,465,565
3,5,serial,466,587
3,5,serial,467,842
3,5,serial,468,888
3,5,serial,469,560
3,5,serial,470,563
3,5,serial,471,595
3,5,serial,472,646
3,5,serial,473,688
3,5,serial,474,591
3,5,serial,475,639
3,5,serial,476,610
3,5,serial,477,655
3,5,serial,478,601
3,5,serial,479,659
3,5,serial,480,625
3,5,serial,481,639
3,5,serial,482,652
3,5,serial,483,590
3,5,serial,484,571
3,5,serial,485,620
3,5,serial,486,543
3,5,serial,487,566
3,5,serial,488,572
3,5,serial,489,569
3,5,serial,490,543
3,5,serial,491,555
3,5,serial,492,539
3,5,serial,493,589
3,5,serial,494,507
3,5,serial,495,549
3,5,serial,496,522
3,5,serial,497,772
3,5,serial,498,655
3,5,serial,499,638
3,5,serial,500,703
3,5,serial,501,688
3,5,serial,502,647
3,5,serial,503,617
3,5,serial,504,678
3,5,serial,505,672
3,5,serial,506,680
3,5,serial,507,648
3,5,serial,508,674
3,5,serial,509,694
3,5,serial,510,686
3,5,serial,511,855
3,5,serial,512,621
3,5,serial,513,886
3,5,serial,514,618
3,5,serial,515,621
3,5,serial,516,650
3,5,serial,517,903
3,5,serial,518,632
3,5,serial,519,958
3,5,serial,520,549
3,5,serial,521,528
3,5,serial,522,628
3,5,serial,523,579
3,5,serial,524,570
3,5,serial,525,574
3,5,serial,526,564
3,5,serial,527,558
3,5,serial,528,626
3,5,serial,529,979
3,5,serial,530,606
3,5,serial,531,811
3,5,serial,532,591
3,5,serial,533,585
3,5,serial,534,651
3,5,serial,535,603
3,5,serial,536,540
3,5,serial,537,559
3,5,serial,538,552
3,5,serial,539,589
3,5,serial,540,850
3,5,serial,541,576
3,5,serial,542,581
3,5,serial,543,538
3,5,serial,544,855
3,5,serial,545,588
3,5,serial,546,655
3,5,serial,547,773
3,5,serial,548,548
3,5,serial,549,550
3,5,serial,550,539
3,5,serial,551,525
3,5,serial,552,540
3,5,serial,553,513
3,5,serial,554,559
3,5,serial,555,521
3,5,serial,556,540
3,5,serial,557,526
3,5,serial,558,530
3,5,serial,559,613
3,5,serial,560,584
3,5,serial,561,561
3,5,serial,562,882
3,5,serial,563,630
3,5,serial,564,606
3,5,serial,565,603
3,5,serial,566,576
3,5,serial,567,542
3,5,serial,568,620
3,5,serial,569,628
3,5,serial,570,829
3,5,serial,571,706
3,5,serial,572,574
3,5,serial,573,547
3,5,serial,574,543
3,5,serial,575,524
3,5,serial,576,549
3,5,serial,577,614
3,5,serial,578,627
3,5,serial,579,585
3,5,serial,580,625
3,5,serial,581,596
3,5,serial,582,588
3,5,serial,583,600
3,5,serial,584,551
3,5,serial,585,537
3,5,serial,586,554
3,5,serial,587,595
3,5,serial,588,502
3,5,serial,589,516
3,5,serial,590,517
3,5,serial,591,565
3,5,serial,592,531
3,5,serial,593,593
3,5,serial,594,491
3,5,serial,595,536
3,5,serial,596,527
3,5,serial,597,686
3,5,serial,598,650
3,5,serial,599,1010
3,5,serial,600,668
3,5,serial,601,957
3,5,serial,602,650
3,5,serial,603,914
3,5,serial,604,577
3,5,serial,605,568
3,5,serial,606,552
3,5,serial,607,585
3,5,serial,608,598
3,5,serial,609,907
3,5,serial,610,809
3,5,serial,611,585
3,5,serial,612,925
3,5,serial,613,951
3,5,serial,614,839
3,5,serial,615,556
3,5,serial,616,566
3,5,serial,617,847
3,5,serial,618,534
3,5,serial,619,591
3,5,serial,620,693
3,5,serial,621,537
3,5,serial,622,514
3,5,serial,623,638
3,5,serial,624,497
3,5,serial,625,495
3,5,serial,626,519
3,5,serial,627,494
3,5,serial,628,519
3,5,serial,629,509
3,5,serial,630,495
3,5,serial,631,495
3,5,serial,632,490
3,5,serial,633,634
3,5,serial,634,566
3,5,serial,635,581
3,5,serial,636,578
3,5,serial,637,542
3,5,serial,638,524
3,5,serial,639,516
3,5,serial,640,484
3,5,serial,641,505
3,5,serial,642,468
3,5,serial,643,507
3,5,serial,644,520
3,5,serial,645,501
3,5,serial,646,504
3,5,serial,647,514
3,5,serial,648,517
3,5,serial,649,529
3,5,serial,650,700
3,5,serial,651,566
3,5,serial,652,498
3,5,serial,653,518
3,5,serial,654,490
3,5,serial,655,545
3,5,serial,656,502
3,5,serial,657,544
3,5,serial,658,520
3,5,serial,659,526
3,5,serial,660,508
3,5,serial,661,501
3,5,serial,662,498
3,5,serial,663,552
3,5,serial,664,493
3,5,serial,665,535
3,5,serial,666,637
3,5,serial,667,622
3,5,serial,668,544
3,5,serial,669,538
3,5,serial,670,523
3,5,serial,671,508
3,5,serial,672,565
3,5,serial,673,522
3,5,serial,674,536
3,5,serial,675,510
3,5,serial,676,500
3,5,serial,677,718
3,5,serial,678,570
3,5,serial,679,519
3,5,serial,680,588
3,5,serial,681,600
3,5,serial,682,592
3,5,serial,683,572
3,5,serial,684,566
3,5,serial,685,590
3,5,serial,686,587
3,5,serial,687,555
3,5,serial,688,601
3,5,serial,689,610
3,5,serial,690,567
3,5,serial,691,547
3,5,serial,692,536
3,5,serial,693,548
3,5,serial,694,557
3,5,serial,695,541
3,5,serial,696,548
3,5,serial,697,500
3,5,serial,698,545
3,5,serial,699,503
3,5,serial,700,584
3,5,serial,701,547
3,5,serial,702,485
3,5,serial,703,542
3,5,serial,704,503
3,5,serial,705,551
3,5,serial,706,527
3,5,serial,707,630
3,5,serial,708,521
3,5,serial,709,486
3,5,serial,710,511
3,5,serial,711,519
3,5,serial,712,512
3,5,serial,713,498
3,5,serial,714,525
3,5,serial,715,496
3,5,serial,716,492
3,5,serial,717,482
3,5,serial,718,496
3,5,serial,719,541
3,5,serial,720,521
3,5,serial,721,489
3,5,serial,722,463
3,5,serial,723,502
3,5,serial,724,477
3,5,serial,725,519
3,5,serial,726,497
3,5,serial,727,571
3,5,serial,728,744
3,5,serial,729,702
3,5,serial,730,507
3,5,serial,731,533
3,5,serial,732,485
3,5,serial,733,542
3,5,serial,734,552
3,5,serial,735,643
3,5,serial,736,542
3,5,serial,737,696
3,5,serial,738,516
3,5,serial,739,471
3,5,serial,740,579
3,5,serial,741,544
3,5,serial,742,521
3,5,serial,743,541
3,5,serial,744,528
3,5,serial,745,543
3,5,serial,746,559
3,5,serial,747,543
3,5,serial,748,538
3,5,serial,749,523
3,5,serial,750,525
3,5,serial,751,542
3,5,serial,752,504
3,5,serial,753,508
3,5,serial,754,528
3,5,serial,755,543
3,5,serial,756,554
3,5,serial,757,500
3,5,serial,758,519
3,5,serial,759,503
3,5,serial,760,506
3,5,serial,761,566
3,5,serial,762,492
3,5,serial,763,488
3,5,serial,764,523
3,5,serial,765,544
3,5,serial,766,526
3,5,serial,767,700
3,5,serial,768,575
3,5,serial,769,558
3,5,serial,770,558
3,5,serial,771,524
3,5,serial,772,538
3,5,serial,773,464
3,5,serial,774,553
3,5,serial,775,823
3,5,serial,776,671
3,5,serial,777,566
3,5,serial,778,517
3,5,serial,779,533
3,5,serial,780,493
3,5,serial,781,563
3,5,serial,782,552
3,5,serial,783,518
3,5,serial,784,505
3,5,serial,785,547
3,5,serial,786,554
3,5,serial,787,526
3,5,serial,788,542
3,5,serial,789,559
3,5,serial,790,552
3,5,serial,791,488
3,5,serial,792,509
3,5,serial,793,545
3,5,serial,794,504
3,5,serial,795,491
3,5,serial,796,646
3,5,serial,797,533
3,5,serial,798,516
3,5,serial,799,525
3,5,serial,800,515
3,5,serial,801,523
3,5,serial,802,512
3,5,serial,803,486
3,5,serial,804,485
3,5,serial,805,554
3,5,serial,806,501
3,5,serial,807,494
3,5,serial,808,509
3,5,serial,809,501
3,5,serial,810,482
3,5,serial,811,511
3,5,serial,812,549
3,5,serial,813,499
3,5,serial,814,547
3,5,serial,815,521
3,5,serial,816,502
3,5,serial,817,488
3,5,serial,818,509
3,5,serial,819,523
3,5,serial,820,489
3,5,serial,821,505
3,5,serial,822,517
3,5,serial,823,535
3,5,serial,824,503
3,5,serial,825,667
3,5,serial,826,531
3,5,serial,827,548
3,5,serial,828,577
3,5,serial,829,560
3,5,serial,830,541
3,5,serial,831,527
3,5,serial,832,491
3,5,serial,833,505
3,5,serial,834,503
3,5,serial,835,577
3,5,serial,836,558
3,5,serial,837,556
3,5,serial,838,522
3,5,serial,839,513
3,5,serial,840,520
3,5,serial,841,480
3,5,serial,842,548
3,5,serial,843,641
3,5,serial,844,962
3,5,serial,845,640
3,5,serial,846,568
3,5,serial,847,532
3,5,serial,848,534
3,5,serial,849,528
3,5,serial,850,553
3,5,serial,851,565
3,5,serial,852,534
3,5,serial,853,671
3,5,serial,854,640
3,5,serial,855,649
3,5,serial,856,649
3,5,serial,857,608
3,5,serial,858,551
3,5,serial,859,567
3,5,serial,860,686
3,5,serial,861,860
3,5,serial,862,863
3,5,serial,863,588
3,5,serial,864,590
3,5,serial,865,725
3,5,serial,866,566
3,5,serial,867,598
3,5,serial,868,496
3,5,serial,869,505
3,5,serial,870,519
3,5,serial,871,556
3,5,serial,872,518
3,5,serial,873,506
3,5,serial,874,534
3,5,serial,875,536
3,5,serial,876,536
3,5,serial,877,496
3,5,serial,878,488
3,5,serial,879,740
3,5,serial,880,549
3,5,serial,881,539
3,5,serial,882,692
3,5,serial,883,542
3,5,serial,884,605
3,5,serial,885,544
3,5,serial,886,534
3,5,serial,887,535
3,5,serial,888,521
3,5,serial,889,504
3,5,serial,890,528
3,5,serial,891,527
3,5,serial,892,525
3,5,serial,893,562
3,5,serial,894,542
3,5,serial,895,503
3,5,serial,896,560
3,5,serial,897,500
3,5,serial,898,519
3,5,serial,899,521
3,5,serial,900,522
3,5,serial,901,540
3,5,serial,902,484
3,5,serial,903,534
3,5,serial,904,525
3,5,serial,905,586
3,5,serial,906,595
3,5,serial,907,673
3,5,serial,908,577
3,5,serial,909,796
3,5,serial,910,760
3,5,serial,911,750
3,5,serial,912,736
3,5,serial,913,753
3,5,serial,914,737
3,5,serial,915,735
3,5,serial,916,740
3,5,serial,917,793
3,5,serial,918,741
3,5,serial,919,765
3,5,serial,920,753
3,5,serial,921,734
3,5,serial,922,743
3,5,serial,923,737
3,5,serial,924,948
3,5,serial,925,827
3,5,serial,926,761
3,5,serial,927,922
3,5,serial,928,530
3,5,serial,929,501
3,5,serial,930,492
3,5,serial,931,496
3,5,serial,932,499
3,5,serial,933,493
3,5,serial,934,503
3,5,serial,935,498
3,5,serial,936,506
3,5,serial,937,498
3,5,serial,938,492
3,5,serial,939,492
3,5,serial,940,522
3,5,serial,941,520
3,5,serial,942,493
3,5,serial,943,498
3,5,serial,944,518
3,5,serial,945,517
3,5,serial,946,498
3,5,serial,947,500
3,5,serial,948,534
3,5,serial,949,529
3,5,serial,950,541
3,5,serial,951,538
3,5,serial,952,512
3,5,serial,953,558
3,5,serial,954,525
3,5,serial,955,518
3,5,serial,956,676
3,5,serial,957,577
3,5,serial,958,559
3,5,serial,959,520
3,5,serial,960,586
3,5,serial,961,600
3,5,serial,962,571
3,5,serial,963,543
3,5,serial,964,608
3,5,serial,965,614
3,5,serial,966,546
3,5,serial,967,582
3,5,serial,968,671
3,5,serial,969,822
3,5,serial,970,654
3,5,serial,971,571
3,5,serial,972,542
3,5,serial,973,490
3,5,serial,974,506
3,5,serial,975,516
3,5,serial,976,567
3,5,serial,977,527
3,5,serial,978,495
3,5,serial,979,457
3,5,serial,980,438
3,5,serial,981,470
3,5,serial,982,436
3,5,serial,983,434
3,5,serial,984,605
3,5,serial,985,533
3,5,serial,986,507
3,5,serial,987,511
3,5,serial,988,520
3,5,serial,989,540
3,5,serial,990,532
3,5,serial,991,498
3,5,serial,992,472
3,5,serial,993,479
3,5,serial,994,481
3,5,serial,995,509
3,5,serial,996,510
3,5,serial,997,501
3,5,serial,998,465
3,5,serial,999,467
3,5,concurrent,0,511
3,5,concurrent,1,515
3,5,concurrent,2,508
3,5,concurrent,3,509
3,5,concurrent,4,527
3,5,concurrent,5,471
3,5,concurrent,6,510
3,5,concurrent,7,504
3,5,concurrent,8,495
3,5,concurrent,9,479
3,5,concurrent,10,476
3,5,concurrent,11,550
3,5,concurrent,12,488
3,5,concurrent,13,508
3,5,concurrent,14,510
3,5,concurrent,15,511
3,5,concurrent,16,484
3,5,concurrent,17,508
3,5,concurrent,18,511
3,5,concurrent,19,523
3,5,concurrent,20,516
3,5,concurrent,21,488
3,5,concurrent,22,511
3,5,concurrent,23,498
3,5,concurrent,24,523
3,5,concurrent,25,484
3,5,concurrent,26,509
3,5,concurrent,27,519
3,5,concurrent,28,515
3,5,concurrent,29,508
3,5,concurrent,30,510
3,5,concurrent,31,503
3,5,concurrent,32,521
3,5,concurrent,33,510
3,5,concurrent,34,507
3,5,concurrent,35,501
3,5,concurrent,36,505
3,5,concurrent,37,508
3,5,concurrent,38,515
3,5,concurrent,39,510
3,5,concurrent,40,570
3,5,concurrent,41,687
3,5,concurrent,42,619
3,5,concurrent,43,551
3,5,concurrent,44,559
3,5,concurrent,45,515
3,5,concurrent,46,494
3,5,concurrent,47,475
3,5,concurrent,48,489
3,5,concurrent,49,507
3,5,concurrent,50,476
3,5,concurrent,51,472
3,5,concurrent,52,489
3,5,concurrent,53,503
3,5,concurrent,54,515
3,5,concurrent,55,469
3,5,concurrent,56,455
3,5,concurrent,57,491
3,5,concurrent,58,498
3,5,concurrent,59,489
3,5,concurrent,60,476
3,5,concurrent,61,474
3,5,concurrent,62,463
3,5,concurrent,63,454
3,5,concurrent,64,451
3,5,concurrent,65,478
3,5,concurrent,66,490
3,5,concurrent,67,482
3,5,concurrent,68,514
3,5,concurrent,69,510
3,5,concurrent,70,523
3,5,concurrent,71,510
3,5,concurrent,72,712
3,5,concurrent,73,576
3,5,concurrent,74,534
3,5,concurrent,75,564
3,5,concurrent,76,557
3,5,concurrent,77,543
3,5,concurrent,78,570
3,5,concurrent,79,599
3,5,concurrent,80,575
3,5,concurrent,81,540
3,5,concurrent,82,575
3,5,concurrent,83,522
3,5,concurrent,84,566
3,5,concurrent,85,525
3,5,concurrent,86,586
3,5,concurrent,87,551
3,5,concurrent,88,560
3,5,concurrent,89,575
3,5,concurrent,90,555
3,5,concurrent,91,558
3,5,concurrent,92,538
3,5,concurrent,93,515
3,5,concurrent,94,573
3,5,concurrent,95,532
3,5,concurrent,96,519
3,5,concurrent,97,711
3,5,concurrent,98,477
3,5,concurrent,99,510
3,5,concurrent,100,514
3,5,concurrent,101,548
3,5,concurrent,102,514
3,5,concurrent,103,519
3,5,concurrent,104,502
3,5,concurrent,105,511
3,5,concurrent,106,558
3,5,concurrent,107,514
3,5,concurrent,108,516
3,5,concurrent,109,509
3,5,concurrent,110,513
3,5,concurrent,111,511
3,5,concurrent,112,513
3,5,concurrent,113,508
3,5,concurrent,114,510
3,5,concurrent,115,508
3,5,concurrent,116,520
3,5,concurrent,117,509
3,5,concurrent,118,512
3,5,concurrent,119,503
3,5,concurrent,120,509
3,5,concurrent,121,508
3,5,concurrent,122,516
3,5,concurrent,123,506
3,5,concurrent,124,469
3,5,concurrent,125,512
3,5,concurrent,126,511
3,5,concurrent,127,506
3,5,concurrent,128,483
3,5,concurrent,129,510
3,5,concurrent,130,511
3,5,concurrent,131,513
3,5,concurrent,132,894
3,5,concurrent,133,644
3,5,concurrent,134,628
3,5,concurrent,135,628
3,5,concurrent,136,628
3,5,concurrent,137,696
3,5,concurrent,138,807
3,5,concurrent,139,823
3,5,concurrent,140,639
3,5,concurrent,141,628
3,5,concurrent,142,619
3,5,concurrent,143,628
3,5,concurrent,144,640
3,5,concurrent,145,889
3,5,concurrent,146,910
3,5,concurrent,147,594
3,5,concurrent,148,591
3,5,concurrent,149,576
3,5,concurrent,150,614
3,5,concurrent,151,884
3,5,concurrent,152,859
3,5,concurrent,153,544
3,5,concurrent,154,519
3,5,concurrent,155,1000
3,5,concurrent,156,756
3,5,concurrent,157,750
3,5,concurrent,158,682
3,5,concurrent,159,625
3,5,concurrent,160,618
3,5,concurrent,161,573
3,5,concurrent,162,618
3,5,concurrent,163,665
3,5,concurrent,164,668
3,5,concurrent,165,2385
3,5,concurrent,166,1030
3,5,concurrent,167,929
3,5,concurrent,168,656
3,5,concurrent,169,687
3,5,concurrent,170,1345
3,5,concurrent,171,3941
3,5,concurrent,172,720
3,5,concurrent,173,617
3,5,concurrent,174,623
3,5,concurrent,175,622
3,5,concurrent,176,605
3,5,concurrent,177,2804
3,5,concurrent,178,885
3,5,concurrent,179,1911
3,5,concurrent,180,800
3,5,concurrent,181,713
3,5,concurrent,182,696
3,5,concurrent,183,756
3,5,concurrent,184,667
3,5,concurrent,185,779
3,5,concurrent,186,819
3,5,concurrent,187,651
3,5,concurrent,188,645
3,5,concurrent,189,733
3,5,concurrent,190,736
3,5,concurrent,191,718
3,5,concurrent,192,976
3,5,concurrent,193,1084
3,5,concurrent,194,696
3,5,concurrent,195,669
3,5,concurrent,196,659
3,5,concurrent,197,695
3,5,concurrent,198,700
3,5,concurrent,199,692
3,5,concurrent,200,654
3,5,concurrent,201,676
3,5,concurrent,202,729
3,5,concurrent,203,611
3,5,concurrent,204,691
3,5,concurrent,205,625
3,5,concurrent,206,779
3,5,concurrent,207,958
3,5,concurrent,208,963
3,5,concurrent,209,863
3,5,concurrent,210,855
3,5,concurrent,211,890
3,5,concurrent,212,747
3,5,concurrent,213,644
3,5,concurrent,214,745
3,5,concurrent,215,676
3,5,concurrent,216,653
3,5,concurrent,217,747
3,5,concurrent,218,646
3,5,concurrent,219,699
3,5,concurrent,220,912
3,5,concurrent,221,1055
3,5,concurrent,222,1082
3,5,concurrent,223,724
3,5,concurrent,224,704
3,5,concurrent,225,836
3,5,concurrent,226,693
3,5,concurrent,227,725
3,5,concurrent,228,635
3,5,concurrent,229,849
3,5,concurrent,230,1162
3,5,concurrent,231,891
3,5,concurrent,232,705
3,5,concurrent,233,684
3,5,concurrent,234,1150
3,5,concurrent,235,861
3,5,concurrent,236,750
3,5,concurrent,237,1044
3,5,concurrent,238,933
3,5,concurrent,239,950
3,5,concurrent,240,1052
3,5,concurrent,241,727
3,5,concurrent,242,708
3,5,concurrent,243,648
3,5,concurrent,244,1049
3,5,concurrent,245,996
3,5,concurrent,246,766
3,5,concurrent,247,987
3,5,concurrent,248,1043
3,5,concurrent,249,619
3,5,concurrent,250,648
3,5,concurrent,251,669
3,5,concurrent,252,616
3,5,concurrent,253,737
3,5,concurrent,254,1158
3,5,concurrent,255,722
3,5,concurrent,256,635
3,5,concurrent,257,931
3,5,concurrent,258,735
3,5,concurrent,259,809
3,5,concurrent,260,1016
3,5,concurrent,261,805
3,5,concurrent,262,968
3,5,concurrent,263,1418
3,5,concurrent,264,1976
3,5,concurrent,265,1312
3,5,concurrent,266,1739
3,5,concurrent,267,769
3,5,concurrent,268,908
3,5,concurrent,269,1146
3,5,concurrent,270,1218
3,5,concurrent,271,1013
3,5,concurrent,272,966
3,5,concurrent,273,668
3,5,concurrent,274,944
3,5,concurrent,275,1084
3,5,concurrent,276,782
3,5,concurrent,277,660
3,5,concurrent,278,655
3,5,concurrent,279,534
3,5,concurrent,280,1148
3,5,concurrent,281,688
3,5,concurrent,282,730
3,5,concurrent,283,805
3,5,concurrent,284,684
3,5,concurrent,285,6714
3,5,concurrent,286,665
3,5,concurrent,287,664
3,5,concurrent,288,962
3,5,concurrent,289,672
3,5,concurrent,290,723
3,5,concurrent,291,658
3,5,concurrent,292,645
3,5,concurrent,293,702
3,5,concurrent,294,600
3,5,concurrent,295,605
3,5,concurrent,296,626
3,5,concurrent,297,706
3,5,concurrent,298,632
3,5,concurrent,299,601
3,5,concurrent,300,601
3,5,concurrent,301,656
3,5,concurrent,302,724
3,5,concurrent,303,925
3,5,concurrent,304,850
3,5,concurrent,305,798
3,5,concurrent,306,662
3,5,concurrent,307,730
3,5,concurrent,308,694
3,5,concurrent,309,787
3,5,concurrent,310,740
3,5,concurrent,311,770
3,5,concurrent,312,853
3,5,concurrent,313,912
3,5,concurrent,314,919
3,5,concurrent,315,799
3,5,concurrent,316,862
3,5,concurrent,317,863
3,5,concurrent,318,951
3,5,concurrent,319,853
3,5,concurrent,320,1062
3,5,concurrent,321,843
3,5,concurrent,322,807
3,5,concurrent,323,707
3,5,concurrent,324,735
3,5,concurrent,325,751
3,5,concurrent,326,652
3,5,concurrent,327,661
3,5,concurrent,328,722
3,5,concurrent,329,747
3,5,concurrent,330,683
3,5,concurrent,331,822
3,5,concurrent,332,2937
3,5,concurrent,333,3182
3,5,concurrent,334,2226
3,5,concurrent,335,18976
3,5,concurrent,336,1247
3,5,concurrent,337,656
3,5,concurrent,338,646
3,5,concurrent,339,997
3,5,concurrent,340,1007
3,5,concurrent,341,910
3,5,concurrent,342,1137
3,5,concurrent,343,985
3,5,concurrent,344,752
3,5,concurrent,345,586
3,5,concurrent,346,610
3,5,concurrent,347,799
3,5,concurrent,348,673
3,5,concurrent,349,687
3,5,concurrent,350,583
3,5,concurrent,351,581
3,5,concurrent,352,563
3,5,concurrent,353,549
3,5,concurrent,354,652
3,5,concurrent,355,1074
3,5,concurrent,356,591
3,5,concurrent,357,599
3,5,concurrent,358,652
3,5,concurrent,359,643
3,5,concurrent,360,531
3,5,concurrent,361,575
3,5,concurrent,362,544
3,5,concurrent,363,511
3,5,concurrent,364,552
3,5,concurrent,365,936
3,5,concurrent,366,677
3,5,concurrent,367,663
3,5,concurrent,368,594
3,5,concurrent,369,550
3,5,concurrent,370,511
3,5,concurrent,371,612
3,5,concurrent,372,639
3,5,concurrent,373,606
3,5,concurrent,374,613
3,5,concurrent,375,555
3,5,concurrent,376,716
3,5,concurrent,377,527
3,5,concurrent,378,710
3,5,concurrent,379,541
3,5,concurrent,380,595
3,5,concurrent,381,560
3,5,concurrent,382,639
3,5,concurrent,383,605
3,5,concurrent,384,714
3,5,concurrent,385,847
3,5,concurrent,386,774
3,5,concurrent,387,575
3,5,concurrent,388,564
3,5,concurrent,389,512
3,5,concurrent,390,524
3,5,concurrent,391,562
3,5,concurrent,392,528
3,5,concurrent,393,544
3,5,concurrent,394,591
3,5,concurrent,395,565
3,5,concurrent,396,594
3,5,concurrent,397,614
3,5,concurrent,398,576
3,5,concurrent,399,538
3,5,concurrent,400,606
3,5,concurrent,401,567
3,5,concurrent,402,577
3,5,concurrent,403,605
3,5,concurrent,404,612
3,5,concurrent,405,696
3,5,concurrent,406,575
3,5,concurrent,407,593
3,5,concurrent,408,621
3,5,concurrent,409,544
3,5,concurrent,410,645
3,5,concurrent,411,552
3,5,concurrent,412,580
3,5,concurrent,413,855
3,5,concurrent,414,551
3,5,concurrent,415,560
3,5,concurrent,416,641
3,5,concurrent,417,586
3,5,concurrent,418,572
3,5,concurrent,419,580
3,5,concurrent,420,552
3,5,concurrent,421,553
3,5,concurrent,422,604
3,5,concurrent,423,539
3,5,concurrent,424,544
3,5,concurrent,425,541
3,5,concurrent,426,661
3,5,concurrent,427,567
3,5,concurrent,428,619
3,5,concurrent,429,529
3,5,concurrent,430,528
3,5,concurrent,431,1173
3,5,concurrent,432,836
3,5,concurrent,433,890
3,5,concurrent,434,748
3,5,concurrent,435,726
3,5,concurrent,436,667
3,5,concurrent,437,685
3,5,concurrent,438,665
3,5,concurrent,439,679
3,5,concurrent,440,622
3,5,concurrent,441,931
3,5,concurrent,442,1538
3,5,concurrent,443,1116
3,5,concurrent,444,657
3,5,concurrent,445,766
3,5,concurrent,446,772
3,5,concurrent,447,780
3,5,concurrent,448,758
3,5,concurrent,449,757
3,5,concurrent,450,802
3,5,concurrent,451,645
3,5,concurrent,452,657
3,5,concurrent,453,758
3,5,concurrent,454,655
3,5,concurrent,455,714
3,5,concurrent,456,759
3,5,concurrent,457,702
3,5,concurrent,458,685
3,5,concurrent,459,614
3,5,concurrent,460,620
3,5,concurrent,461,600
3,5,concurrent,462,639
3,5,concurrent,463,651
3,5,concurrent,464,660
3,5,concurrent,465,670
3,5,concurrent,466,597
3,5,concurrent,467,623
3,5,concurrent,468,655
3,5,concurrent,469,616
3,5,concurrent,470,642
3,5,concurrent,471,689
3,5,concurrent,472,640
3,5,concurrent,473,826
3,5,concurrent,474,770
3,5,concurrent,475,932
3,5,concurrent,476,883
3,5,concurrent,477,880
3,5,concurrent,478,703
3,5,concurrent,479,639
3,5,concurrent,480,662
3,5,concurrent,481,652
3,5,concurrent,482,606
3,5,concurrent,483,564
3,5,concurrent,484,647
3,5,concurrent,485,602
3,5,concurrent,486,675
3,5,concurrent,487,650
3,5,concurrent,488,698
3,5,concurrent,489,735
3,5,concurrent,490,610
3,5,concurrent,491,593
3,5,concurrent,492,635
3,5,concurrent,493,553
3,5,concurrent,494,652
3,5,concurrent,495,853
3,5,concurrent,496,694
3,5,concurrent,497,775
3,5,concurrent,498,663
3,5,concurrent,499,704
3,5,concurrent,500,683
3,5,concurrent,501,848
3,5,concurrent,502,683
3,5,concurrent,503,701
3,5,concurrent,504,651
3,5,concurrent,505,906
3,5,concurrent,506,646
3,5,concurrent,507,1047
3,5,concurrent,508,1036
3,5,concurrent,509,1020
3,5,concurrent,510,1015
3,5,concurrent,511,685
3,5,concurrent,512,762
3,5,concurrent,513,710
3,5,concurrent,514,770
3,5,concurrent,515,657
3,5,concurrent,516,1047
3,5,concurrent,517,1404
3,5,concurrent,518,914
3,5,concurrent,519,1178
3,5,concurrent,520,960
3,5,concurrent,521,936
3,5,concurrent,522,966
3,5,concurrent,523,783
3,5,concurrent,524,782
3,5,concurrent,525,925
3,5,concurrent,526,888
3,5,concurrent,527,809
3,5,concurrent,528,676
3,5,concurrent,529,798
3,5,concurrent,530,633
3,5,concurrent,531,747
3,5,concurrent,532,738
3,5,concurrent,533,622
3,5,concurrent,534,649
3,5,concurrent,535,662
3,5,concurrent,536,609
3,5,concurrent,537,607
3,5,concurrent,538,591
3,5,concurrent,539,647
3,5,concurrent,540,604
3,5,concurrent,541,625
3,5,concurrent,542,628
3,5,concurrent,543,692
3,5,concurrent,544,681
3,5,concurrent,545,600
3,5,concurrent,546,634
3,5,concurrent,547,616
3,5,concurrent,548,566
3,5,concurrent,549,619
3,5,concurrent,550,658
3,5,concurrent,551,688
3,5,concurrent,552,659
3,5,concurrent,553,618
3,5,concurrent,554,707
3,5,concurrent,555,790
3,5,concurrent,556,737
3,5,concurrent,557,723
3,5,concurrent,558,632
3,5,concurrent,559,706
3,5,concurrent,560,1005
3,5,concurrent,561,782
3,5,concurrent,562,705
3,5,concurrent,563,723
3,5,concurrent,564,706
3,5,concurrent,565,754
3,5,concurrent,566,1009
3,5,concurrent,567,707
3,5,concurrent,568,721
3,5,concurrent,569,696
3,5,concurrent,570,725
3,5,concurrent,571,991
3,5,concurrent,572,812
3,5,concurrent,573,823
3,5,concurrent,574,645
3,5,concurrent,575,827
3,5,concurrent,576,708
3,5,concurrent,577,706
3,5,concurrent,578,857
3,5,concurrent,579,603
3,5,concurrent,580,628
3,5,concurrent,581,710
3,5,concurrent,582,668
3,5,concurrent,583,1525
3,5,concurrent,584,758
3,5,concurrent,585,729
3,5,concurrent,586,701
3,5,concurrent,587,590
3,5,concurrent,588,759
3,5,concurrent,589,757
3,5,concurrent,590,737
3,5,concurrent,591,666
3,5,concurrent,592,882
3,5,concurrent,593,789
3,5,concurrent,594,623
3,5,concurrent,595,736
3,5,concurrent,596,698
3,5,concurrent,597,713
3,5,concurrent,598,852
3,5,concurrent,599,732
3,5,concurrent,600,653
3,5,concurrent,601,757
3,5,concurrent,602,674
3,5,concurrent,603,727
3,5,concurrent,604,631
3,5,concurrent,605,693
3,5,concurrent,606,686
3,5,concurrent,607,656
3,5,concurrent,608,647
3,5,concurrent,609,698
3,5,concurrent,610,630
3,5,concurrent,611,574
3,5,concurrent,612,716
3,5,concurrent,613,647
3,5,concurrent,614,749
3,5,concurrent,615,601
3,5,concurrent,616,799
3,5,concurrent,617,703
3,5,concurrent,618,775
3,5,concurrent,619,1034
3,5,concurrent,620,795
3,5,concurrent,621,663
3,5,concurrent,622,719
3,5,concurrent,623,719
3,5,concurrent,624,662
3,5,concurrent,625,586
3,5,concurrent,626,659
3,5,concurrent,627,668
3,5,concurrent,628,581
3,5,concurrent,629,704
3,5,concurrent,630,617
3,5,concurrent,631,697
3,5,concurrent,632,605
3,5,concurrent,633,654
3,5,concurrent,634,616
3,5,concurrent,635,684
3,5,concurrent,636,691
3,5,concurrent,637,1049
3,5,concurrent,638,633
3,5,concurrent,639,837
3,5,concurrent,640,733
3,5,concurrent,641,710
3,5,concurrent,642,659
3,5,concurrent,643,986
3,5,concurrent,644,986
3,5,concurrent,645,948
3,5,concurrent,646,635
3,5,concurrent,647,619
3,5,concurrent,648,598
3,5,concurrent,649,536
3,5,concurrent,650,570
3,5,concurrent,651,560
3,5,concurrent,652,669
3,5,concurrent,653,757
3,5,concurrent,654,734
3,5,concurrent,655,604
3,5,concurrent,656,586
3,5,concurrent,657,517
3,5,concurrent,658,524
3,5,concurrent,659,585
3,5,concurrent,660,569
3,5,concurrent,661,631
3,5,concurrent,662,641
3,5,concurrent,663,555
3,5,concurrent,664,687
3,5,concurrent,665,517
3,5,concurrent,666,577
3,5,concurrent,667,572
3,5,concurrent,668,591
3,5,concurrent,669,752
3,5,concurrent,670,732
3,5,concurrent,671,1441
3,5,concurrent,672,599
3,5,concurrent,673,530
3,5,concurrent,674,532
3,5,concurrent,675,543
3,5,concurrent,676,591
3,5,concurrent,677,525
3,5,concurrent,678,587
3,5,concurrent,679,535
3,5,concurrent,680,594
3,5,concurrent,681,556
3,5,concurrent,682,600
3,5,concurrent,683,562
3,5,concurrent,684,591
3,5,concurrent,685,648
3,5,concurrent,686,642
3,5,concurrent,687,690
3,5,concurrent,688,702
3,5,concurrent,689,717
3,5,concurrent,690,760
3,5,concurrent,691,564
3,5,concurrent,692,805
3,5,concurrent,693,629
3,5,concurrent,694,543
3,5,concurrent,695,557
3,5,concurrent,696,605
3,5,concurrent,697,564
3,5,concurrent,698,593
3,5,concurrent,699,582
3,5,concurrent,700,579
3,5,concurrent,701,633
3,5,concurrent,702,686
3,5,concurrent,703,602
3,5,concurrent,704,660
3,5,concurrent,705,549
3,5,concurrent,706,550
3,5,concurrent,707,552
3,5,concurrent,708,538
3,5,concurrent,709,611
3,5,concurrent,710,831
3,5,concurrent,711,645
3,5,concurrent,712,528
3,5,concurrent,713,579
3,5,concurrent,714,564
3,5,concurrent,715,597
3,5,concurrent,716,611
3,5,concurrent,717,547
3,5,concurrent,718,741
3,5,concurrent,719,680
3,5,concurrent,720,782
3,5,concurrent,721,714
3,5,concurrent,722,652
3,5,concurrent,723,596
3,5,concurrent,724,577
3,5,concurrent,725,586
3,5,concurrent,726,559
3,5,concurrent,727,512
3,5,concurrent,728,526
3,5,concurrent,729,526
3,5,concurrent,730,549
3,5,concurrent,731,508
3,5,concurrent,732,537
3,5,concurrent,733,535
3,5,concurrent,734,538
3,5,concurrent,735,912
3,5,concurrent,736,681
3,5,concurrent,737,705
3,5,concurrent,738,884
3,5,concurrent,739,550
3,5,concurrent,740,524
3,5,concurrent,741,533
3,5,concurrent,742,531
3,5,concurrent,743,526
3,5,concurrent,744,521
3,5,concurrent,745,578
3,5,concurrent,746,554
3,5,concurrent,747,534
3,5,concurrent,748,514
3,5,concurrent,749,543
3,5,concurrent,750,539
3,5,concurrent,751,527
3,5,concurrent,752,620
3,5,concurrent,753,613
3,5,concurrent,754,613
3,5,concurrent,755,735
3,5,concurrent,756,702
3,5,concurrent,757,670
3,5,concurrent,758,569
3,5,concurrent,759,770
3,5,concurrent,760,637
3,5,concurrent,761,588
3,5,concurrent,762,590
3,5,concurrent,763,614
3,5,concurrent,764,607
3,5,concurrent,765,602
3,5,concurrent,766,520
3,5,concurrent,767,572
3,5,concurrent,768,610
3,5,concurrent,769,622
3,5,concurrent,770,683
3,5,concurrent,771,689
3,5,concurrent,772,714
3,5,concurrent,773,599
3,5,concurrent,774,776
3,5,concurrent,775,657
3,5,concurrent,776,618
3,5,concurrent,777,581
3,5,concurrent,778,602
3,5,concurrent,779,609
3,5,concurrent,780,551
3,5,concurrent,781,550
3,5,concurrent,782,575
3,5,concurrent,783,587
3,5,concurrent,784,818
3,5,concurrent,785,777
3,5,concurrent,786,691
3,5,concurrent,787,831
3,5,concurrent,788,745
3,5,concurrent,789,729
3,5,concurrent,790,1019
3,5,concurrent,791,639
3,5,concurrent,792,870
3,5,concurrent,793,626
3,5,concurrent,794,663
3,5,concurrent,795,643
3,5,concurrent,796,643
3,5,concurrent,797,596
3,5,concurrent,798,597
3,5,concurrent,799,556
3,5,concurrent,800,589
3,5,concurrent,801,692
3,5,concurrent,802,894
3,5,concurrent,803,990
3,5,concurrent,804,621
3,5,concurrent,805,738
3,5,concurrent,806,593
3,5,concurrent,807,553
3,5,concurrent,808,636
3,5,concurrent,809,532
3,5,concurrent,810,566
3,5,concurrent,811,547
3,5,concurrent,812,534
3,5,concurrent,813,590
3,5,concurrent,814,539
3,5,concurrent,815,617
3,5,concurrent,816,728
3,5,concurrent,817,708
3,5,concurrent,818,695
3,5,concurrent,819,695
3,5,concurrent,820,616
3,5,concurrent,821,661
3,5,concurrent,822,653
3,5,concurrent,823,621
3,5,concurrent,824,889
3,5,concurrent,825,865
3,5,concurrent,826,907
3,5,concurrent,827,994
3,5,concurrent,828,991
3,5,concurrent,829,1109
3,5,concurrent,830,984
3,5,concurrent,831,1491
3,5,concurrent,832,1058
3,5,concurrent,833,662
3,5,concurrent,834,720
3,5,concurrent,835,661
3,5,concurrent,836,710
3,5,concurrent,837,968
3,5,concurrent,838,906
3,5,concurrent,839,639
3,5,concurrent,840,715
3,5,concurrent,841,621
3,5,concurrent,842,890
3,5,concurrent,843,1209
3,5,concurrent,844,777
3,5,concurrent,845,613
3,5,concurrent,846,682
3,5,concurrent,847,626
3,5,concurrent,848,749
3,5,concurrent,849,649
3,5,concurrent,850,588
3,5,concurrent,851,673
3,5,concurrent,852,657
3,5,concurrent,853,616
3,5,concurrent,854,633
3,5,concurrent,855,598
3,5,concurrent,856,856
3,5,concurrent,857,852
3,5,concurrent,858,638
3,5,concurrent,859,622
3,5,concurrent,860,569
3,5,concurrent,861,587
3,5,concurrent,862,563
3,5,concurrent,863,549
3,5,concurrent,864,651
3,5,concurrent,865,911
3,5,concurrent,866,855
3,5,concurrent,867,714
3,5,concurrent,868,601
3,5,concurrent,869,600
3,5,concurrent,870,567
3,5,concurrent,871,836
3,5,concurrent,872,1090
3,5,concurrent,873,873
3,5,concurrent,874,723
3,5,concurrent,875,584
3,5,concurrent,876,604
3,5,concurrent,877,548
3,5,concurrent,878,585
3,5,concurrent,879,587
3,5,concurrent,880,576
3,5,concurrent,881,581
3,5,concurrent,882,546
3,5,concurrent,883,639
3,5,concurrent,884,592
3,5,concurrent,885,583
3,5,concurrent,886,567
3,5,concurrent,887,962
3,5,concurrent,888,1111
3,5,concurrent,889,876
3,5,concurrent,890,698
3,5,concurrent,891,652
3,5,concurrent,892,659
3,5,concurrent,893,630
3,5,concurrent,894,528
3,5,concurrent,895,580
3,5,concurrent,896,903
3,5,concurrent,897,880
3,5,concurrent,898,576
3,5,concurrent,899,655
3,5,concurrent,900,615
3,5,concurrent,901,943
3,5,concurrent,902,841
3,5,concurrent,903,536
3,5,concurrent,904,574
3,5,concurrent,905,526
3,5,concurrent,906,568
3,5,concurrent,907,550
3,5,concurrent,908,618
3,5,concurrent,909,644
3,5,concurrent,910,888
3,5,concurrent,911,915
3,5,concurrent,912,648
3,5,concurrent,913,1022
3,5,concurrent,914,1185
3,5,concurrent,915,633
3,5,concurrent,916,838
3,5,concurrent,917,834
3,5,concurrent,918,744
3,5,concurrent,919,625
3,5,concurrent,920,688
3,5,concurrent,921,700
3,5,concurrent,922,965
3,5,concurrent,923,866
3,5,concurrent,924,890
3,5,concurrent,925,961
3,5,concurrent,926,1024
3,5,concurrent,927,805
3,5,concurrent,928,580
3,5,concurrent,929,626
3,5,concurrent,930,665
3,5,concurrent,931,585
3,5,concurrent,932,1092
3,5,concurrent,933,1163
3,5,concurrent,934,1061
3,5,concurrent,935,677
3,5,concurrent,936,709
3,5,concurrent,937,1134
3,5,concurrent,938,1005
3,5,concurrent,939,583
3,5,concurrent,940,586
3,5,concurrent,941,634
3,5,concurrent,942,668
3,5,concurrent,943,673
3,5,concurrent,944,611
3,5,concurrent,945,601
3,5,concurrent,946,663
3,5,concurrent,947,696
3,5,concurrent,948,648
3,5,concurrent,949,837
3,5,concurrent,950,703
3,5,concurrent,951,548
3,5,concurrent,952,675
3,5,concurrent,953,662
3,5,concurrent,954,584
3,5,concurrent,955,955
3,5,concurrent,956,782
3,5,concurrent,957,585
3,5,concurrent,958,623
3,5,concurrent,959,613
3,5,concurrent,960,606
3,5,concurrent,961,588
3,5,concurrent,962,632
3,5,concurrent,963,926
3,5,concurrent,964,885
3,5,concurrent,965,913
3,5,concurrent,966,852
3,5,concurrent,967,868
3,5,concurrent,968,1179
3,5,concurrent,969,1156
3,5,concurrent,970,840
3,5,concurrent,971,714
3,5,concurrent,972,627
3,5,concurrent,973,532
3,5,concurrent,974,531
3,5,concurrent,975,520
3,5,concurrent,976,518
3,5,concurrent,977,535
3,5,concurrent,978,583
3,5,concurrent,979,558
3,5,concurrent,980,574
3,5,concurrent,981,576
3,5,concurrent,982,558
3,5,concurrent,983,543
3,5,concurrent,984,544
3,5,concurrent,985,590
3,5,concurrent,986,590
3,5,concurrent,987,564
3,5,concurrent,988,501
3,5,concurrent,989,548
3,5,concurrent,990,557
3,5,concurrent,991,557
3,5,concurrent,992,570
3,5,concurrent,993,573
3,5,concurrent,994,607
3,5,concurrent,995,533
3,5,concurrent,996,583
3,5,concurrent,997,606
3,5,concurrent,998,584
3,5,concurrent,999,708
4,4,cpu_base,0,146
4,4,cpu_base,1,143
4,4,cpu_base,2,143
4,4,cpu_base,3,143
4,4,cpu_base,4,146
4,4,cpu_base,5,146
4,4,cpu_base,6,144
4,4,cpu_base,7,149
4,4,cpu_base,8,145
4,4,cpu_base,9,142
4,4,cpu_base,10,144
4,4,cpu_base,11,144
4,4,cpu_base,12,143
4,4,cpu_base,13,144
4,4,cpu_base,14,141
4,4,cpu_base,15,142
4,4,cpu_base,16,142
4,4,cpu_base,17,144
4,4,cpu_base,18,142
4,4,cpu_base,19,146
4,4,cpu_base,20,147
4,4,cpu_base,21,146
4,4,cpu_base,22,150
4,4,cpu_base,23,145
4,4,cpu_base,24,142
4,4,cpu_base,25,143
4,4,cpu_base,26,142
4,4,cpu_base,27,146
4,4,cpu_base,28,144
4,4,cpu_base,29,141
4,4,cpu_base,30,142
4,4,cpu_base,31,146
4,4,cpu_base,32,143
4,4,cpu_base,33,149
4,4,cpu_base,34,144
4,4,cpu_base,35,146
4,4,cpu_base,36,148
4,4,cpu_base,37,147
4,4,cpu_base,38,141
4,4,cpu_base,39,148
4,4,cpu_base,40,141
4,4,cpu_base,41,146
4,4,cpu_base,42,143
4,4,cpu_base,43,142
4,4,cpu_base,44,155
4,4,cpu_base,45,153
4,4,cpu_base,46,146
4,4,cpu_base,47,150
4,4,cpu_base,48,150
4,4,cpu_base,49,145
4,4,cpu_base,50,146
4,4,cpu_base,51,143
4,4,cpu_base,52,142
4,4,cpu_base,53,145
4,4,cpu_base,54,144
4,4,cpu_base,55,142
4,4,cpu_base,56,143
4,4,cpu_base,57,142
4,4,cpu_base,58,299
4,4,cpu_base,59,157
4,4,cpu_base,60,169
4,4,cpu_base,61,146
4,4,cpu_base,62,150
4,4,cpu_base,63,142
4,4,cpu_base,64,143
4,4,cpu_base,65,143
4,4,cpu_base,66,142
4,4,cpu_base,67,147
4,4,cpu_base,68,154
4,4,cpu_base,69,144
4,4,cpu_base,70,142
4,4,cpu_base,71,145
4,4,cpu_base,72,142
4,4,cpu_base,73,147
4,4,cpu_base,74,147
4,4,cpu_base,75,146
4,4,cpu_base,76,146
4,4,cpu_base,77,142
4,4,cpu_base,78,140
4,4,cpu_base,79,146
4,4,cpu_base,80,141
4,4,cpu_base,81,152
4,4,cpu_base,82,141
4,4,cpu_base,83,145
4,4,cpu_base,84,141
4,4,cpu_base,85,144
4,4,cpu_base,86,141
4,4,cpu_base,87,144
4,4,cpu_base,88,151
4,4,cpu_base,89,145
4,4,cpu_base,90,144
4,4,cpu_base,91,142
4,4,cpu_base,92,142
4,4,cpu_base,93,151
4,4,cpu_base,94,144
4,4,cpu_base,95,142
4,4,cpu_base,96,142
4,4,cpu_base,97,146
4,4,cpu_base,98,144
4,4,cpu_base,99,142
4,4,cpu_base,100,143
4,4,cpu_base,101,149
4,4,cpu_base,102,148
4,4,cpu_base,103,146
4,4,cpu_base,104,141
4,4,cpu_base,105,141
4,4,cpu_base,106,144
4,4,cpu_base,107,141
4,4,cpu_base,108,141
4,4,cpu_base,109,141
4,4,cpu_base,110,142
4,4,cpu_base,111,145
4,4,cpu_base,112,194
4,4,cpu_base,113,148
4,4,cpu_base,114,156
4,4,cpu_base,115,149
4,4,cpu_base,116,146
4,4,cpu_base,117,146
4,4,cpu_base,118,142
4,4,cpu_base,119,145
4,4,cpu_base,120,159
4,4,cpu_base,121,142
4,4,cpu_base,122,142
4,4,cpu_base,123,140
4,4,cpu_base,124,150
4,4,cpu_base,125,141
4,4,cpu_base,126,154
4,4,cpu_base,127,145
4,4,cpu_base,128,145
4,4,cpu_base,129,149
4,4,cpu_base,130,152
4,4,cpu_base,131,148
4,4,cpu_base,132,154
4,4,cpu_base,133,146
4,4,cpu_base,134,142
4,4,cpu_base,135,141
4,4,cpu_base,136,149
4,4,cpu_base,137,144
4,4,cpu_base,138,141
4,4,cpu_base,139,140
4,4,cpu_base,140,141
4,4,cpu_base,141,144
4,4,cpu_base,142,145
4,4,cpu_base,143,152
4,4,cpu_base,144,146
4,4,cpu_base,145,141
4,4,cpu_base,146,145
4,4,cpu_base,147,145
4,4,cpu_base,148,142
4,4,cpu_base,149,140
4,4,cpu_base,150,141
4,4,cpu_base,151,144
4,4,cpu_base,152,141
4,4,cpu_base,153,142
4,4,cpu_base,154,144
4,4,cpu_base,155,141
4,4,cpu_base,156,148
4,4,cpu_base,157,147
4,4,cpu_base,158,146
4,4,cpu_base,159,142
4,4,cpu_base,160,420
4,4,cpu_base,161,276
4,4,cpu_base,162,237
4,4,cpu_base,163,174
4,4,cpu_base,164,205
4,4,cpu_base,165,153
4,4,cpu_base,166,241
4,4,cpu_base,167,253
4,4,cpu_base,168,152
4,4,cpu_base,169,152
4,4,cpu_base,170,149
4,4,cpu_base,171,167
4,4,cpu_base,172,147
4,4,cpu_base,173,178
4,4,cpu_base,174,148
4,4,cpu_base,175,163
4,4,cpu_base,176,158
4,4,cpu_base,177,163
4,4,cpu_base,178,152
4,4,cpu_base,179,160
4,4,cpu_base,180,144
4,4,cpu_base,181,145
4,4,cpu_base,182,148
4,4,cpu_base,183,144
4,4,cpu_base,184,144
4,4,cpu_base,185,143
4,4,cpu_base,186,155
4,4,cpu_base,187,143
4,4,cpu_base,188,143
4,4,cpu_base,189,147
4,4,cpu_base,190,143
4,4,cpu_base,191,155
4,4,cpu_base,192,153
4,4,cpu_base,193,147
4,4,cpu_base,194,144
4,4,cpu_base,195,155
4,4,cpu_base,196,153
4,4,cpu_base,197,143
4,4,cpu_base,198,144
4,4,cpu_base,199,147
4,4,cpu_base,200,145
4,4,cpu_base,201,144
4,4,cpu_base,202,145
4,4,cpu_base,203,149
4,4,cpu_base,204,148
4,4,cpu_base,205,150
4,4,cpu_base,206,149
4,4,cpu_base,207,145
4,4,cpu_base,208,144
4,4,cpu_base,209,148
4,4,cpu_base,210,144
4,4,cpu_base,211,143
4,4,cpu_base,212,144
4,4,cpu_base,213,151
4,4,cpu_base,214,144
4,4,cpu_base,215,144
4,4,cpu_base,216,150
4,4,cpu_base,217,144
4,4,cpu_base,218,154
4,4,cpu_base,219,151
4,4,cpu_base,220,145
4,4,cpu_base,221,143
4,4,cpu_base,222,146
4,4,cpu_base,223,144
4,4,cpu_base,224,144
4,4,cpu_base,225,144
4,4,cpu_base,226,147
4,4,cpu_base,227,146
4,4,cpu_base,228,143
4,4,cpu_base,229,143
4,4,cpu_base,230,148
4,4,cpu_base,231,147
4,4,cpu_base,232,149
4,4,cpu_base,233,150
4,4,cpu_base,234,145
4,4,cpu_base,235,143
4,4,cpu_base,236,151
4,4,cpu_base,237,144
4,4,cpu_base,238,144
4,4,cpu_base,239,143
4,4,cpu_base,240,150
4,4,cpu_base,241,145
4,4,cpu_base,242,145
4,4,cpu_base,243,144
4,4,cpu_base,244,144
4,4,cpu_base,245,167
4,4,cpu_base,246,151
4,4,cpu_base,247,149
4,4,cpu_base,248,143
4,4,cpu_base,249,148
4,4,cpu_base,250,153
4,4,cpu_base,251,142
4,4,cpu_base,252,145
4,4,cpu_base,253,148
4,4,cpu_base,254,149
4,4,cpu_base,255,143
4,4,cpu_base,256,147
4,4,cpu_base,257,148
4,4,cpu_base,258,148
4,4,cpu_base,259,148
4,4,cpu_base,260,152
4,4,cpu_base,261,146
4,4,cpu_base,262,147
4,4,cpu_base,263,263
4,4,cpu_base,264,151
4,4,cpu_base,265,164
4,4,cpu_base,266,166
4,4,cpu_base,267,146
4,4,cpu_base,268,147
4,4,cpu_base,269,155
4,4,cpu_base,270,148
4,4,cpu_base,271,149
4,4,cpu_base,272,156
4,4,cpu_base,273,150
4,4,cpu_base,274,150
4,4,cpu_base,275,147
4,4,cpu_base,276,151
4,4,cpu_base,277,144
4,4,cpu_base,278,145
4,4,cpu_base,279,159
4,4,cpu_base,280,144
4,4,cpu_base,281,145
4,4,cpu_base,282,147
4,4,cpu_base,283,146
4,4,cpu_base,284,225
4,4,cpu_base,285,161
4,4,cpu_base,286,173
4,4,cpu_base,287,143
4,4,cpu_base,288,143
4,4,cpu_base,289,146
4,4,cpu_base,290,144
4,4,cpu_base,291,143
4,4,cpu_base,292,149
4,4,cpu_base,293,143
4,4,cpu_base,294,142
4,4,cpu_base,295,146
4,4,cpu_base,296,144
4,4,cpu_base,297,145
4,4,cpu_base,298,151
4,4,cpu_base,299,149
4,4,cpu_base,300,146
4,4,cpu_base,301,144
4,4,cpu_base,302,145
4,4,cpu_base,303,146
4,4,cpu_base,304,143
4,4,cpu_base,305,144
4,4,cpu_base,306,147
4,4,cpu_base,307,144
4,4,cpu_base,308,143
4,4,cpu_base,309,158
4,4,cpu_base,310,143
4,4,cpu_base,311,153
4,4,cpu_base,312,164
4,4,cpu_base,313,148
4,4,cpu_base,314,144
4,4,cpu_base,315,142
4,4,cpu_base,316,150
4,4,cpu_base,317,143
4,4,cpu_base,318,144
4,4,cpu_base,319,147
4,4,cpu_base,320,143
4,4,cpu_base,321,150
4,4,cpu_base,322,144
4,4,cpu_base,323,142
4,4,cpu_base,324,145
4,4,cpu_base,325,162
4,4,cpu_base,326,147
4,4,cpu_base,327,141
4,4,cpu_base,328,144
4,4,cpu_base,329,144
4,4,cpu_base,330,147
4,4,cpu_base,331,144
4,4,cpu_base,332,145
4,4,cpu_base,333,146
4,4,cpu_base,334,145
4,4,cpu_base,335,143
4,4,cpu_base,336,144
4,4,cpu_base,337,147
4,4,cpu_base,338,144
4,4,cpu_base,339,154
4,4,cpu_base,340,142
4,4,cpu_base,341,143
4,4,cpu_base,342,143
4,4,cpu_base,343,144
4,4,cpu_base,344,146
4,4,cpu_base,345,144
4,4,cpu_base,346,146
4,4,cpu_base,347,146
4,4,cpu_base,348,146
4,4,cpu_base,349,143
4,4,cpu_base,350,148
4,4,cpu_base,351,143
4,4,cpu_base,352,147
4,4,cpu_base,353,152
4,4,cpu_base,354,143
4,4,cpu_base,355,142
4,4,cpu_base,356,144
4,4,cpu_base,357,149
4,4,cpu_base,358,143
4,4,cpu_base,359,143
4,4,cpu_base,360,176
4,4,cpu_base,361,147
4,4,cpu_base,362,144
4,4,cpu_base,363,145
4,4,cpu_base,364,143
4,4,cpu_base,365,146
4,4,cpu_base,366,191
4,4,cpu_base,367,191
4,4,cpu_base,368,261
4,4,cpu_base,369,214
4,4,cpu_base,370,213
4,4,cpu_base,371,176
4,4,cpu_base,372,145
4,4,cpu_base,373,148
4,4,cpu_base,374,144
4,4,cpu_base,375,144
4,4,cpu_base,376,161
4,4,cpu_base,377,169
4,4,cpu_base,378,149
4,4,cpu_base,379,161
4,4,cpu_base,380,145
4,4,cpu_base,381,163
4,4,cpu_base,382,149
4,4,cpu_base,383,144
4,4,cpu_base,384,154
4,4,cpu_base,385,144
4,4,cpu_base,386,148
4,4,cpu_base,387,143
4,4,cpu_base,388,203
4,4,cpu_base,389,171
4,4,cpu_base,390,157
4,4,cpu_base,391,157
4,4,cpu_base,392,144
4,4,cpu_base,393,144
4,4,cpu_base,394,148
4,4,cpu_base,395,150
4,4,cpu_base,396,148
4,4,cpu_base,397,148
4,4,cpu_base,398,144
4,4,cpu_base,399,154
4,4,cpu_base,400,150
4,4,cpu_base,401,151
4,4,cpu_base,402,148
4,4,cpu_base,403,158
4,4,cpu_base,404,171
4,4,cpu_base,405,152
4,4,cpu_base,406,147
4,4,cpu_base,407,156
4,4,cpu_base,408,157
4,4,cpu_base,409,146
4,4,cpu_base,410,163
4,4,cpu_base,411,150
4,4,cpu_base,412,147
4,4,cpu_base,413,146
4,4,cpu_base,414,153
4,4,cpu_base,415,147
4,4,cpu_base,416,145
4,4,cpu_base,417,142
4,4,cpu_base,418,141
4,4,cpu_base,419,149
4,4,cpu_base,420,142
4,4,cpu_base,421,144
4,4,cpu_base,422,152
4,4,cpu_base,423,145
4,4,cpu_base,424,144
4,4,cpu_base,425,147
4,4,cpu_base,426,150
4,4,cpu_base,427,150
4,4,cpu_base,428,142
4,4,cpu_base,429,144
4,4,cpu_base,430,163
4,4,cpu_base,431,143
4,4,cpu_base,432,147
4,4,cpu_base,433,142
4,4,cpu_base,434,141
4,4,cpu_base,435,154
4,4,cpu_base,436,147
4,4,cpu_base,437,143
4,4,cpu_base,438,145
4,4,cpu_base,439,143
4,4,cpu_base,440,150
4,4,cpu_base,441,147
4,4,cpu_base,442,143
4,4,cpu_base,443,151
4,4,cpu_base,444,144
4,4,cpu_base,445,142
4,4,cpu_base,446,148
4,4,cpu_base,447,142
4,4,cpu_base,448,146
4,4,cpu_base,449,150
4,4,cpu_base,450,148
4,4,cpu_base,451,142
4,4,cpu_base,452,147
4,4,cpu_base,453,144
4,4,cpu_base,454,147
4,4,cpu_base,455,142
4,4,cpu_base,456,145
4,4,cpu_base,457,186
4,4,cpu_base,458,142
4,4,cpu_base,459,141
4,4,cpu_base,460,146
4,4,cpu_base,461,142
4,4,cpu_base,462,148
4,4,cpu_base,463,144
4,4,cpu_base,464,145
4,4,cpu_base,465,142
4,4,cpu_base,466,152
4,4,cpu_base,467,150
4,4,cpu_base,468,144
4,4,cpu_base,469,142
4,4,cpu_base,470,255
4,4,cpu_base,471,190
4,4,cpu_base,472,190
4,4,cpu_base,473,148
4,4,cpu_base,474,165
4,4,cpu_base,475,145
4,4,cpu_base,476,150
4,4,cpu_base,477,143
4,4,cpu_base,478,150
4,4,cpu_base,479,183
4,4,cpu_base,480,145
4,4,cpu_base,481,146
4,4,cpu_base,482,171
4,4,cpu_base,483,212
4,4,cpu_base,484,234
4,4,cpu_base,485,149
4,4,cpu_base,486,146
4,4,cpu_base,487,152
4,4,cpu_base,488,149
4,4,cpu_base,489,145
4,4,cpu_base,490,150
4,4,cpu_base,491,151
4,4,cpu_base,492,156
4,4,cpu_base,493,152
4,4,cpu_base,494,152
4,4,cpu_base,495,146
4,4,cpu_base,496,157
4,4,cpu_base,497,147
4,4,cpu_base,498,143
4,4,cpu_base,499,144
4,4,cpu_base,500,150
4,4,cpu_base,501,146
4,4,cpu_base,502,144
4,4,cpu_base,503,151
4,4,cpu_base,504,180
4,4,cpu_base,505,144
4,4,cpu_base,506,155
4,4,cpu_base,507,174
4,4,cpu_base,508,153
4,4,cpu_base,509,164
4,4,cpu_base,510,149
4,4,cpu_base,511,143
4,4,cpu_base,512,198
4,4,cpu_base,513,213
4,4,cpu_base,514,170
4,4,cpu_base,515,147
4,4,cpu_base,516,150
4,4,cpu_base,517,148
4,4,cpu_base,518,150
4,4,cpu_base,519,150
4,4,cpu_base,520,149
4,4,cpu_base,521,148
4,4,cpu_base,522,149
4,4,cpu_base,523,146
4,4,cpu_base,524,150
4,4,cpu_base,525,148
4,4,cpu_base,526,142
4,4,cpu_base,527,142
4,4,cpu_base,528,143
4,4,cpu_base,529,142
4,4,cpu_base,530,147
4,4,cpu_base,531,147
4,4,cpu_base,532,146
4,4,cpu_base,533,162
4,4,cpu_base,534,142
4,4,cpu_base,535,144
4,4,cpu_base,536,146
4,4,cpu_base,537,145
4,4,cpu_base,538,140
4,4,cpu_base,539,147
4,4,cpu_base,540,146
4,4,cpu_base,541,142
4,4,cpu_base,542,148
4,4,cpu_base,543,142
4,4,cpu_base,544,145
4,4,cpu_base,545,143
4,4,cpu_base,546,147
4,4,cpu_base,547,146
4,4,cpu_base,548,141
4,4,cpu_base,549,146
4,4,cpu_base,550,144
4,4,cpu_base,551,145
4,4,cpu_base,552,142
4,4,cpu_base,553,176
4,4,cpu_base,554,142
4,4,cpu_base,555,144
4,4,cpu_base,556,142
4,4,cpu_base,557,142
4,4,cpu_base,558,146
4,4,cpu_base,559,146
4,4,cpu_base,560,152
4,4,cpu_base,561,141
4,4,cpu_base,562,144
4,4,cpu_base,563,145
4,4,cpu_base,564,142
4,4,cpu_base,565,146
4,4,cpu_base,566,145
4,4,cpu_base,567,144
4,4,cpu_base,568,140
4,4,cpu_base,569,145
4,4,cpu_base,570,142
4,4,cpu_base,571,141
4,4,cpu_base,572,159
4,4,cpu_base,573,148
4,4,cpu_base,574,289
4,4,cpu_base,575,172
4,4,cpu_base,576,151
4,4,cpu_base,577,154
4,4,cpu_base,578,159
4,4,cpu_base,579,146
4,4,cpu_base,580,145
4,4,cpu_base,581,146
4,4,cpu_base,582,144
4,4,cpu_base,583,153
4,4,cpu_base,584,151
4,4,cpu_base,585,147
4,4,cpu_base,586,150
4,4,cpu_base,587,146
4,4,cpu_base,588,145
4,4,cpu_base,589,149
4,4,cpu_base,590,149
4,4,cpu_base,591,147
4,4,cpu_base,592,147
4,4,cpu_base,593,144
4,4,cpu_base,594,145
4,4,cpu_base,595,149
4,4,cpu_base,596,162
4,4,cpu_base,597,146
4,4,cpu_base,598,148
4,4,cpu_base,599,152
4,4,cpu_base,600,149
4,4,cpu_base,601,147
4,4,cpu_base,602,149
4,4,cpu_base,603,152
4,4,cpu_base,604,143
4,4,cpu_base,605,146
4,4,cpu_base,606,144
4,4,cpu_base,607,145
4,4,cpu_base,608,146
4,4,cpu_base,609,144
4,4,cpu_base,610,149
4,4,cpu_base,611,150
4,4,cpu_base,612,153
4,4,cpu_base,613,147
4,4,cpu_base,614,145
4,4,cpu_base,615,147
4,4,cpu_base,616,150
4,4,cpu_base,617,149
4,4,cpu_base,618,143
4,4,cpu_base,619,146
4,4,cpu_base,620,143
4,4,cpu_base,621,144
4,4,cpu_base,622,151
4,4,cpu_base,623,146
4,4,cpu_base,624,151
4,4,cpu_base,625,149
4,4,cpu_base,626,152
4,4,cpu_base,627,148
4,4,cpu_base,628,146
4,4,cpu_base,629,150
4,4,cpu_base,630,150
4,4,cpu_base,631,146
4,4,cpu_base,632,144
4,4,cpu_base,633,143
4,4,cpu_base,634,145
4,4,cpu_base,635,149
4,4,cpu_base,636,146
4,4,cpu_base,637,149
4,4,cpu_base,638,152
4,4,cpu_base,639,150
4,4,cpu_base,640,145
4,4,cpu_base,641,150
4,4,cpu_base,642,159
4,4,cpu_base,643,166
4,4,cpu_base,644,154
4,4,cpu_base,645,144
4,4,cpu_base,646,148
4,4,cpu_base,647,147
4,4,cpu_base,648,154
4,4,cpu_base,649,144
4,4,cpu_base,650,149
4,4,cpu_base,651,147
4,4,cpu_base,652,153
4,4,cpu_base,653,169
4,4,cpu_base,654,149
4,4,cpu_base,655,147
4,4,cpu_base,656,146
4,4,cpu_base,657,150
4,4,cpu_base,658,146
4,4,cpu_base,659,145
4,4,cpu_base,660,146
4,4,cpu_base,661,146
4,4,cpu_base,662,148
4,4,cpu_base,663,147
4,4,cpu_base,664,145
4,4,cpu_base,665,158
4,4,cpu_base,666,150
4,4,cpu_base,667,145
4,4,cpu_base,668,170
4,4,cpu_base,669,144
4,4,cpu_base,670,149
4,4,cpu_base,671,149
4,4,cpu_base,672,160
4,4,cpu_base,673,143
4,4,cpu_base,674,143
4,4,cpu_base,675,148
4,4,cpu_base,676,144
4,4,cpu_base,677,226
4,4,cpu_base,678,151
4,4,cpu_base,679,328
4,4,cpu_base,680,236
4,4,cpu_base,681,165
4,4,cpu_base,682,145
4,4,cpu_base,683,151
4,4,cpu_base,684,143
4,4,cpu_base,685,142
4,4,cpu_base,686,148
4,4,cpu_base,687,143
4,4,cpu_base,688,225
4,4,cpu_base,689,197
4,4,cpu_base,690,162
4,4,cpu_base,691,156
4,4,cpu_base,692,158
4,4,cpu_base,693,148
4,4,cpu_base,694,153
4,4,cpu_base,695,147
4,4,cpu_base,696,163
4,4,cpu_base,697,148
4,4,cpu_base,698,169
4,4,cpu_base,699,159
4,4,cpu_base,700,150
4,4,cpu_base,701,154
4,4,cpu_base,702,152
4,4,cpu_base,703,149
4,4,cpu_base,704,144
4,4,cpu_base,705,145
4,4,cpu_base,706,147
4,4,cpu_base,707,152
4,4,cpu_base,708,145
4,4,cpu_base,709,158
4,4,cpu_base,710,146
4,4,cpu_base,711,157
4,4,cpu_base,712,146
4,4,cpu_base,713,148
4,4,cpu_base,714,145
4,4,cpu_base,715,147
4,4,cpu_base,716,153
4,4,cpu_base,717,149
4,4,cpu_base,718,142
4,4,cpu_base,719,143
4,4,cpu_base,720,145
4,4,cpu_base,721,146
4,4,cpu_base,722,151
4,4,cpu_base,723,143
4,4,cpu_base,724,142
4,4,cpu_base,725,146
4,4,cpu_base,726,145
4,4,cpu_base,727,143
4,4,cpu_base,728,146
4,4,cpu_base,729,149
4,4,cpu_base,730,149
4,4,cpu_base,731,143
4,4,cpu_base,732,143
4,4,cpu_base,733,142
4,4,cpu_base,734,151
4,4,cpu_base,735,143
4,4,cpu_base,736,147
4,4,cpu_base,737,142
4,4,cpu_base,738,142
4,4,cpu_base,739,145
4,4,cpu_base,740,146
4,4,cpu_base,741,143
4,4,cpu_base,742,148
4,4,cpu_base,743,151
4,4,cpu_base,744,145
4,4,cpu_base,745,142
4,4,cpu_base,746,142
4,4,cpu_base,747,142
4,4,cpu_base,748,155
4,4,cpu_base,749,143
4,4,cpu_base,750,177
4,4,cpu_base,751,143
4,4,cpu_base,752,146
4,4,cpu_base,753,148
4,4,cpu_base,754,143
4,4,cpu_base,755,146
4,4,cpu_base,756,143
4,4,cpu_base,757,143
4,4,cpu_base,758,147
4,4,cpu_base,759,142
4,4,cpu_base,760,141
4,4,cpu_base,761,146
4,4,cpu_base,762,146
4,4,cpu_base,763,145
4,4,cpu_base,764,142
4,4,cpu_base,765,142
4,4,cpu_base,766,147
4,4,cpu_base,767,145
4,4,cpu_base,768,143
4,4,cpu_base,769,149
4,4,cpu_base,770,147
4,4,cpu_base,771,146
4,4,cpu_base,772,141
4,4,cpu_base,773,142
4,4,cpu_base,774,144
4,4,cpu_base,775,149
4,4,cpu_base,776,144
4,4,cpu_base,777,142
4,4,cpu_base,778,142
4,4,cpu_base,779,142
4,4,cpu_base,780,216
4,4,cpu_base,781,169
4,4,cpu_base,782,171
4,4,cpu_base,783,160
4,4,cpu_base,784,154
4,4,cpu_base,785,150
4,4,cpu_base,786,178
4,4,cpu_base,787,151
4,4,cpu_base,788,158
4,4,cpu_base,789,144
4,4,cpu_base,790,152
4,4,cpu_base,791,142
4,4,cpu_base,792,160
4,4,cpu_base,793,143
4,4,cpu_base,794,149
4,4,cpu_base,795,143
4,4,cpu_base,796,149
4,4,cpu_base,797,143
4,4,cpu_base,798,141
4,4,cpu_base,799,144
4,4,cpu_base,800,142
4,4,cpu_base,801,150
4,4,cpu_base,802,142
4,4,cpu_base,803,150
4,4,cpu_base,804,142
4,4,cpu_base,805,142
4,4,cpu_base,806,145
4,4,cpu_base,807,146
4,4,cpu_base,808,146
4,4,cpu_base,809,142
4,4,cpu_base,810,149
4,4,cpu_base,811,146
4,4,cpu_base,812,142
4,4,cpu_base,813,149
4,4,cpu_base,814,145
4,4,cpu_base,815,146
4,4,cpu_base,816,143
4,4,cpu_base,817,151
4,4,cpu_base,818,143
4,4,cpu_base,819,145
4,4,cpu_base,820,141
4,4,cpu_base,821,147
4,4,cpu_base,822,146
4,4,cpu_base,823,142
4,4,cpu_base,824,153
4,4,cpu_base,825,147
4,4,cpu_base,826,142
4,4,cpu_base,827,147
4,4,cpu_base,828,149
4,4,cpu_base,829,142
4,4,cpu_base,830,142
4,4,cpu_base,831,146
4,4,cpu_base,832,142
4,4,cpu_base,833,148
4,4,cpu_base,834,149
4,4,cpu_base,835,141
4,4,cpu_base,836,146
4,4,cpu_base,837,147
4,4,cpu_base,838,146
4,4,cpu_base,839,141
4,4,cpu_base,840,154
4,4,cpu_base,841,150
4,4,cpu_base,842,150
4,4,cpu_base,843,142
4,4,cpu_base,844,153
4,4,cpu_base,845,142
4,4,cpu_base,846,143
4,4,cpu_base,847,148
4,4,cpu_base,848,146
4,4,cpu_base,849,177
4,4,cpu_base,850,145
4,4,cpu_base,851,177
4,4,cpu_base,852,141
4,4,cpu_base,853,150
4,4,cpu_base,854,143
4,4,cpu_base,855,148
4,4,cpu_base,856,143
4,4,cpu_base,857,145
4,4,cpu_base,858,147
4,4,cpu_base,859,142
4,4,cpu_base,860,147
4,4,cpu_base,861,144
4,4,cpu_base,862,146
4,4,cpu_base,863,142
4,4,cpu_base,864,146
4,4,cpu_base,865,144
4,4,cpu_base,866,141
4,4,cpu_base,867,142
4,4,cpu_base,868,143
4,4,cpu_base,869,146
4,4,cpu_base,870,142
4,4,cpu_base,871,146
4,4,cpu_base,872,141
4,4,cpu_base,873,142
4,4,cpu_base,874,147
4,4,cpu_base,875,143
4,4,cpu_base,876,145
4,4,cpu_base,877,142
4,4,cpu_base,878,150
4,4,cpu_base,879,146
4,4,cpu_base,880,142
4,4,cpu_base,881,143
4,4,cpu_base,882,142
4,4,cpu_base,883,150
4,4,cpu_base,884,142
4,4,cpu_base,885,246
4,4,cpu_base,886,151
4,4,cpu_base,887,147
4,4,cpu_base,888,148
4,4,cpu_base,889,148
4,4,cpu_base,890,151
4,4,cpu_base,891,146
4,4,cpu_base,892,151
4,4,cpu_base,893,145
4,4,cpu_base,894,152
4,4,cpu_base,895,148
4,4,cpu_base,896,170
4,4,cpu_base,897,144
4,4,cpu_base,898,148
4,4,cpu_base,899,144
4,4,cpu_base,900,143
4,4,cpu_base,901,148
4,4,cpu_base,902,152
4,4,cpu_base,903,150
4,4,cpu_base,904,149
4,4,cpu_base,905,146
4,4,cpu_base,906,143
4,4,cpu_base,907,160
4,4,cpu_base,908,157
4,4,cpu_base,909,151
4,4,cpu_base,910,145
4,4,cpu_base,911,147
4,4,cpu_base,912,149
4,4,cpu_base,913,144
4,4,cpu_base,914,144
4,4,cpu_base,915,146
4,4,cpu_base,916,150
4,4,cpu_base,917,147
4,4,cpu_base,918,145
4,4,cpu_base,919,147
4,4,cpu_base,920,144
4,4,cpu_base,921,149
4,4,cpu_base,922,146
4,4,cpu_base,923,143
4,4,cpu_base,924,145
4,4,cpu_base,925,150
4,4,cpu_base,926,146
4,4,cpu_base,927,145
4,4,cpu_base,928,147
4,4,cpu_base,929,152
4,4,cpu_base,930,149
4,4,cpu_base,931,152
4,4,cpu_base,932,148
4,4,cpu_base,933,143
4,4,cpu_base,934,145
4,4,cpu_base,935,152
4,4,cpu_base,936,151
4,4,cpu_base,937,144
4,4,cpu_base,938,146
4,4,cpu_base,939,143
4,4,cpu_base,940,144
4,4,cpu_base,941,143
4,4,cpu_base,942,150
4,4,cpu_base,943,144
4,4,cpu_base,944,147
4,4,cpu_base,945,145
4,4,cpu_base,946,144
4,4,cpu_base,947,144
4,4,cpu_base,948,191
4,4,cpu_base,949,150
4,4,cpu_base,950,146
4,4,cpu_base,951,144
4,4,cpu_base,952,146
4,4,cpu_base,953,144
4,4,cpu_base,954,144
4,4,cpu_base,955,149
4,4,cpu_base,956,149
4,4,cpu_base,957,149
4,4,cpu_base,958,148
4,4,cpu_base,959,142
4,4,cpu_base,960,148
4,4,cpu_base,961,143
4,4,cpu_base,962,148
4,4,cpu_base,963,150
4,4,cpu_base,964,144
4,4,cpu_base,965,144
4,4,cpu_base,966,144
4,4,cpu_base,967,142
4,4,cpu_base,968,143
4,4,cpu_base,969,148
4,4,cpu_base,970,147
4,4,cpu_base,971,145
4,4,cpu_base,972,155
4,4,cpu_base,973,146
4,4,cpu_base,974,144
4,4,cpu_base,975,147
4,4,cpu_base,976,147
4,4,cpu_base,977,149
4,4,cpu_base,978,143
4,4,cpu_base,979,150
4,4,cpu_base,980,144
4,4,cpu_base,981,143
4,4,cpu_base,982,161
4,4,cpu_base,983,151
4,4,cpu_base,984,159
4,4,cpu_base,985,149
4,4,cpu_base,986,142
4,4,cpu_base,987,148
4,4,cpu_base,988,147
4,4,cpu_base,989,319
4,4,cpu_base,990,162
4,4,cpu_base,991,181
4,4,cpu_base,992,142
4,4,cpu_base,993,142
4,4,cpu_base,994,140
4,4,cpu_base,995,150
4,4,cpu_base,996,149
4,4,cpu_base,997,145
4,4,cpu_base,998,143
4,4,cpu_base,999,148
4,4,serial,0,464
4,4,serial,1,471
4,4,serial,2,472
4,4,serial,3,470
4,4,serial,4,463
4,4,serial,5,472
4,4,serial,6,466
4,4,serial,7,476
4,4,serial,8,615
4,4,serial,9,517
4,4,serial,10,488
4,4,serial,11,477
4,4,serial,12,462
4,4,serial,13,478
4,4,serial,14,460
4,4,serial,15,508
4,4,serial,16,485
4,4,serial,17,491
4,4,serial,18,657
4,4,serial,19,560
4,4,serial,20,550
4,4,serial,21,589
4,4,serial,22,567
4,4,serial,23,602
4,4,serial,24,544
4,4,serial,25,597
4,4,serial,26,530
4,4,serial,27,608
4,4,serial,28,549
4,4,serial,29,506
4,4,serial,30,536
4,4,serial,31,494
4,4,serial,32,487
4,4,serial,33,484
4,4,serial,34,480
4,4,serial,35,483
4,4,serial,36,490
4,4,serial,37,478
4,4,serial,38,491
4,4,serial,39,477
4,4,serial,40,485
4,4,serial,41,481
4,4,serial,42,489
4,4,serial,43,475
4,4,serial,44,461
4,4,serial,45,480
4,4,serial,46,581
4,4,serial,47,723
4,4,serial,48,496
4,4,serial,49,600
4,4,serial,50,519
4,4,serial,51,519
4,4,serial,52,481
4,4,serial,53,473
4,4,serial,54,477
4,4,serial,55,478
4,4,serial,56,475
4,4,serial,57,484
4,4,serial,58,468
4,4,serial,59,467
4,4,serial,60,518
4,4,serial,61,471
4,4,serial,62,487
4,4,serial,63,471
4,4,serial,64,476
4,4,serial,65,465
4,4,serial,66,469
4,4,serial,67,485
4,4,serial,68,466
4,4,serial,69,478
4,4,serial,70,466
4,4,serial,71,486
4,4,serial,72,473
4,4,serial,73,467
4,4,serial,74,463
4,4,serial,75,472
4,4,serial,76,471
4,4,serial,77,584
4,4,serial,78,571
4,4,serial,79,824
4,4,serial,80,834
4,4,serial,81,548
4,4,serial,82,543
4,4,serial,83,879
4,4,serial,84,600
4,4,serial,85,905
4,4,serial,86,594
4,4,serial,87,620
4,4,serial,88,559
4,4,serial,89,596
4,4,serial,90,611
4,4,serial,91,557
4,4,serial,92,606
4,4,serial,93,550
4,4,serial,94,499
4,4,serial,95,477
4,4,serial,96,507
4,4,serial,97,532
4,4,serial,98,506
4,4,serial,99,483
4,4,serial,100,515
4,4,serial,101,484
4,4,serial,102,550
4,4,serial,103,534
4,4,serial,104,512
4,4,serial,105,530
4,4,serial,106,485
4,4,serial,107,505
4,4,serial,108,514
4,4,serial,109,489
4,4,serial,110,528
4,4,serial,111,616
4,4,serial,112,910
4,4,serial,113,542
4,4,serial,114,639
4,4,serial,115,574
4,4,serial,116,549
4,4,serial,117,583
4,4,serial,118,618
4,4,serial,119,914
4,4,serial,120,578
4,4,serial,121,511
4,4,serial,122,540
4,4,serial,123,543
4,4,serial,124,480
4,4,serial,125,536
4,4,serial,126,604
4,4,serial,127,843
4,4,serial,128,879
4,4,serial,129,577
4,4,serial,130,534
4,4,serial,131,577
4,4,serial,132,584
4,4,serial,133,540
4,4,serial,134,543
4,4,serial,135,536
4,4,serial,136,584
4,4,serial,137,545
4,4,serial,138,631
4,4,serial,139,1060
4,4,serial,140,572
4,4,serial,141,517
4,4,serial,142,628
4,4,serial,143,972
4,4,serial,144,887
4,4,serial,145,493
4,4,serial,146,567
4,4,serial,147,541
4,4,serial,148,592
4,4,serial,149,635
4,4,serial,150,918
4,4,serial,151,854
4,4,serial,152,523
4,4,serial,153,647
4,4,serial,154,639
4,4,serial,155,609
4,4,serial,156,865
4,4,serial,157,605
4,4,serial,158,727
4,4,serial,159,557
4,4,serial,160,627
4,4,serial,161,655
4,4,serial,162,960
4,4,serial,163,977
4,4,serial,164,564
4,4,serial,165,608
4,4,serial,166,616
4,4,serial,167,614
4,4,serial,168,935
4,4,serial,169,952
4,4,serial,170,826
4,4,serial,171,545
4,4,serial,172,613
4,4,serial,173,969
4,4,serial,174,932
4,4,serial,175,856
4,4,serial,176,650
4,4,serial,177,956
4,4,serial,178,597
4,4,serial,179,915
4,4,serial,180,928
4,4,serial,181,584
4,4,serial,182,890
4,4,serial,183,612
4,4,serial,184,523
4,4,serial,185,556
4,4,serial,186,558
4,4,serial,187,908
4,4,serial,188,578
4,4,serial,189,572
4,4,serial,190,565
4,4,serial,191,561
4,4,serial,192,598
4,4,serial,193,841
4,4,serial,194,828
4,4,serial,195,594
4,4,serial,196,565
4,4,serial,197,1155
4,4,serial,198,649
4,4,serial,199,706
4,4,serial,200,634
4,4,serial,201,1001
4,4,serial,202,647
4,4,serial,203,764
4,4,serial,204,670
4,4,serial,205,862
4,4,serial,206,617
4,4,serial,207,587
4,4,serial,208,612
4,4,serial,209,585
4,4,serial,210,592
4,4,serial,211,555
4,4,serial,212,577
4,4,serial,213,600
4,4,serial,214,548
4,4,serial,215,526
4,4,serial,216,500
4,4,serial,217,526
4,4,serial,218,538
4,4,serial,219,587
4,4,serial,220,576
4,4,serial,221,546
4,4,serial,222,643
4,4,serial,223,586
4,4,serial,224,602
4,4,serial,225,600
4,4,serial,226,598
4,4,serial,227,568
4,4,serial,228,605
4,4,serial,229,614
4,4,serial,230,573
4,4,serial,231,603
4,4,serial,232,549
4,4,serial,233,563
4,4,serial,234,582
4,4,serial,235,566
4,4,serial,236,585
4,4,serial,237,602
4,4,serial,238,581
4,4,serial,239,605
4,4,serial,240,598
4,4,serial,241,564
4,4,serial,242,601
4,4,serial,243,547
4,4,serial,244,609
4,4,serial,245,603
4,4,serial,246,634
4,4,serial,247,505
4,4,serial,248,514
4,4,serial,249,701
4,4,serial,250,557
4,4,serial,251,576
4,4,serial,252,567
4,4,serial,253,503
4,4,serial,254,493
4,4,serial,255,533
4,4,serial,256,515
4,4,serial,257,533
4,4,serial,258,506
4,4,serial,259,507
4,4,serial,260,474
4,4,serial,261,652
4,4,serial,262,500
4,4,serial,263,522
4,4,serial,264,482
4,4,serial,265,528
4,4,serial,266,499
4,4,serial,267,556
4,4,serial,268,534
4,4,serial,269,495
4,4,serial,270,487
4,4,serial,271,481
4,4,serial,272,478
4,4,serial,273,511
4,4,serial,274,470
4,4,serial,275,566
4,4,serial,276,549
4,4,serial,277,572
4,4,serial,278,485
4,4,serial,279,602
4,4,serial,280,537
4,4,serial,281,534
4,4,serial,282,512
4,4,serial,283,519
4,4,serial,284,544
4,4,serial,285,897
4,4,serial,286,564
4,4,serial,287,541
4,4,serial,288,566
4,4,serial,289,569
4,4,serial,290,617
4,4,serial,291,572
4,4,serial,292,513
4,4,serial,293,611
4,4,serial,294,567
4,4,serial,295,569
4,4,serial,296,501
4,4,serial,297,531
4,4,serial,298,528
4,4,serial,299,531
4,4,serial,300,522
4,4,serial,301,499
4,4,serial,302,488
4,4,serial,303,491
4,4,serial,304,547
4,4,serial,305,598
4,4,serial,306,556
4,4,serial,307,527
4,4,serial,308,509
4,4,serial,309,503
4,4,serial,310,484
4,4,serial,311,471
4,4,serial,312,514
4,4,serial,313,514
4,4,serial,314,621
4,4,serial,315,525
4,4,serial,316,561
4,4,serial,317,547
4,4,serial,318,504
4,4,serial,319,586
4,4,serial,320,960
4,4,serial,321,588
4,4,serial,322,570
4,4,serial,323,557
4,4,serial,324,536
4,4,serial,325,602
4,4,serial,326,566
4,4,serial,327,537
4,4,serial,328,546
4,4,serial,329,796
4,4,serial,330,572
4,4,serial,331,556
4,4,serial,332,487
4,4,serial,333,567
4,4,serial,334,525
4,4,serial,335,533
4,4,serial,336,589
4,4,serial,337,521
4,4,serial,338,538
4,4,serial,339,570
4,4,serial,340,829
4,4,serial,341,536
4,4,serial,342,524
4,4,serial,343,511
4,4,serial,344,476
4,4,serial,345,486
4,4,serial,346,505
4,4,serial,347,499
4,4,serial,348,501
4,4,serial,349,482
4,4,serial,350,509
4,4,serial,351,526
4,4,serial,352,489
4,4,serial,353,451
4,4,serial,354,452
4,4,serial,355,454
4,4,serial,356,474
4,4,serial,357,472
4,4,serial,358,469
4,4,serial,359,481
4,4,serial,360,470
4,4,serial,361,481
4,4,serial,362,516
4,4,serial,363,582
4,4,serial,364,505
4,4,serial,365,514
4,4,serial,366,530
4,4,serial,367,462
4,4,serial,368,458
4,4,serial,369,466
4,4,serial,370,482
4,4,serial,371,465
4,4,serial,372,460
4,4,serial,373,458
4,4,serial,374,460
4,4,serial,375,469
4,4,serial,376,446
4,4,serial,377,445
4,4,serial,378,467
4,4,serial,379,478
4,4,serial,380,469
4,4,serial,381,462
4,4,serial,382,483
4,4,serial,383,491
4,4,serial,384,466
4,4,serial,385,488
4,4,serial,386,487
4,4,serial,387,474
4,4,serial,388,473
4,4,serial,389,468
4,4,serial,390,484
4,4,serial,391,468
4,4,serial,392,470
4,4,serial,393,466
4,4,serial,394,468
4,4,serial,395,632
4,4,serial,396,743
4,4,serial,397,787
4,4,serial,398,712
4,4,serial,399,706
4,4,serial,400,717
4,4,serial,401,703
4,4,serial,402,707
4,4,serial,403,714
4,4,serial,404,709
4,4,serial,405,705
4,4,serial,406,705
4,4,serial,407,707
4,4,serial,408,723
4,4,serial,409,724
4,4,serial,410,754
4,4,serial,411,758
4,4,serial,412,598
4,4,serial,413,488
4,4,serial,414,506
4,4,serial,415,526
4,4,serial,416,460
4,4,serial,417,488
4,4,serial,418,462
4,4,serial,419,499
4,4,serial,420,483
4,4,serial,421,482
4,4,serial,422,456
4,4,serial,423,478
4,4,serial,424,472
4,4,serial,425,464
4,4,serial,426,470
4,4,serial,427,468
4,4,serial,428,466
4,4,serial,429,467
4,4,serial,430,461
4,4,serial,431,489
4,4,serial,432,496
4,4,serial,433,473
4,4,serial,434,466
4,4,serial,435,483
4,4,serial,436,475
4,4,serial,437,472
4,4,serial,438,469
4,4,serial,439,466
4,4,serial,440,469
4,4,serial,441,470
4,4,serial,442,472
4,4,serial,443,493
4,4,serial,444,478
4,4,serial,445,504
4,4,serial,446,482
4,4,serial,447,506
4,4,serial,448,496
4,4,serial,449,495
4,4,serial,450,496
4,4,serial,451,551
4,4,serial,452,660
4,4,serial,453,654
4,4,serial,454,521
4,4,serial,455,539
4,4,serial,456,555
4,4,serial,457,525
4,4,serial,458,509
4,4,serial,459,505
4,4,serial,460,493
4,4,serial,461,500
4,4,serial,462,477
4,4,serial,463,470
4,4,serial,464,478
4,4,serial,465,476
4,4,serial,466,479
4,4,serial,467,484
4,4,serial,468,470
4,4,serial,469,467
4,4,serial,470,469
4,4,serial,471,475
4,4,serial,472,470
4,4,serial,473,474
4,4,serial,474,468
4,4,serial,475,477
4,4,serial,476,476
4,4,serial,477,472
4,4,serial,478,510
4,4,serial,479,465
4,4,serial,480,478
4,4,serial,481,487
4,4,serial,482,480
4,4,serial,483,473
4,4,serial,484,628
4,4,serial,485,497
4,4,serial,486,495
4,4,serial,487,592
4,4,serial,488,492
4,4,serial,489,535
4,4,serial,490,739
4,4,serial,491,712
4,4,serial,492,710
4,4,serial,493,715
4,4,serial,494,701
4,4,serial,495,704
4,4,serial,496,725
4,4,serial,497,709
4,4,serial,498,705
4,4,serial,499,710
4,4,serial,500,727
4,4,serial,501,701
4,4,serial,502,733
4,4,serial,503,664
4,4,serial,504,474
4,4,serial,505,494
4,4,serial,506,496
4,4,serial,507,489
4,4,serial,508,473
4,4,serial,509,564
4,4,serial,510,552
4,4,serial,511,488
4,4,serial,512,513
4,4,serial,513,501
4,4,serial,514,499
4,4,serial,515,466
4,4,serial,516,474
4,4,serial,517,479
4,4,serial,518,569
4,4,serial,519,537
4,4,serial,520,494
4,4,serial,521,467
4,4,serial,522,475
4,4,serial,523,485
4,4,serial,524,522
4,4,serial,525,467
4,4,serial,526,490
4,4,serial,527,494
4,4,serial,528,482
4,4,serial,529,470
4,4,serial,530,470
4,4,serial,531,485
4,4,serial,532,521
4,4,serial,533,473
4,4,serial,534,468
4,4,serial,535,463
4,4,serial,536,482
4,4,serial,537,464
4,4,serial,538,464
4,4,serial,539,471
4,4,serial,540,477
4,4,serial,541,499
4,4,serial,542,479
4,4,serial,543,469
4,4,serial,544,469
4,4,serial,545,462
4,4,serial,546,507
4,4,serial,547,490
4,4,serial,548,473
4,4,serial,549,492
4,4,serial,550,471
4,4,serial,551,470
4,4,serial,552,478
4,4,serial,553,473
4,4,serial,554,467
4,4,serial,555,488
4,4,serial,556,465
4,4,serial,557,483
4,4,serial,558,454
4,4,serial,559,476
4,4,serial,560,474
4,4,serial,561,474
4,4,serial,562,477
4,4,serial,563,465
4,4,serial,564,464
4,4,serial,565,464
4,4,serial,566,468
4,4,serial,567,489
4,4,serial,568,481
4,4,serial,569,483
4,4,serial,570,487
4,4,serial,571,472
4,4,serial,572,639
4,4,serial,573,518
4,4,serial,574,470
4,4,serial,575,495
4,4,serial,576,557
4,4,serial,577,490
4,4,serial,578,481
4,4,serial,579,475
4,4,serial,580,480
4,4,serial,581,483
4,4,serial,582,523
4,4,serial,583,545
4,4,serial,584,530
4,4,serial,585,526
4,4,serial,586,524
4,4,serial,587,524
4,4,serial,588,546
4,4,serial,589,549
4,4,serial,590,523
4,4,serial,591,526
4,4,serial,592,566
4,4,serial,593,578
4,4,serial,594,557
4,4,serial,595,571
4,4,serial,596,568
4,4,serial,597,581
4,4,serial,598,570
4,4,serial,599,586
4,4,serial,600,574
4,4,serial,601,576
4,4,serial,602,533
4,4,serial,603,522
4,4,serial,604,523
4,4,serial,605,532
4,4,serial,606,542
4,4,serial,607,556
4,4,serial,608,576
4,4,serial,609,544
4,4,serial,610,483
4,4,serial,611,484
4,4,serial,612,504
4,4,serial,613,525
4,4,serial,614,511
4,4,serial,615,506
4,4,serial,616,516
4,4,serial,617,521
4,4,serial,618,509
4,4,serial,619,513
4,4,serial,620,509
4,4,serial,621,522
4,4,serial,622,513
4,4,serial,623,495
4,4,serial,624,509
4,4,serial,625,506
4,4,serial,626,511
4,4,serial,627,520
4,4,serial,628,507
4,4,serial,629,511
4,4,serial,630,614
4,4,serial,631,707
4,4,serial,632,703
4,4,serial,633,707
4,4,serial,634,695
4,4,serial,635,699
4,4,serial,636,708
4,4,serial,637,707
4,4,serial,638,698
4,4,serial,639,698
4,4,serial,640,696
4,4,serial,641,699
4,4,serial,642,723
4,4,serial,643,725
4,4,serial,644,707
4,4,serial,645,704
4,4,serial,646,703
4,4,serial,647,697
4,4,serial,648,707
4,4,serial,649,706
4,4,serial,650,705
4,4,serial,651,711
4,4,serial,652,652
4,4,serial,653,596
4,4,serial,654,819
4,4,serial,655,791
4,4,serial,656,773
4,4,serial,657,763
4,4,serial,658,739
4,4,serial,659,747
4,4,serial,660,763
4,4,serial,661,763
4,4,serial,662,691
4,4,serial,663,759
4,4,serial,664,771
4,4,serial,665,752
4,4,serial,666,750
4,4,serial,667,754
4,4,serial,668,774
4,4,serial,669,775
4,4,serial,670,749
4,4,serial,671,757
4,4,serial,672,766
4,4,serial,673,953
4,4,serial,674,690
4,4,serial,675,658
4,4,serial,676,669
4,4,serial,677,924
4,4,serial,678,912
4,4,serial,679,572
4,4,serial,680,556
4,4,serial,681,610
4,4,serial,682,584
4,4,serial,683,547
4,4,serial,684,545
4,4,serial,685,591
4,4,serial,686,635
4,4,serial,687,870
4,4,serial,688,650
4,4,serial,689,966
4,4,serial,690,612
4,4,serial,691,896
4,4,serial,692,901
4,4,serial,693,593
4,4,serial,694,607
4,4,serial,695,1092
4,4,serial,696,653
4,4,serial,697,635
4,4,serial,698,584
4,4,serial,699,589
4,4,serial,700,873
4,4,serial,701,839
4,4,serial,702,964
4,4,serial,703,1009
4,4,serial,704,1015
4,4,serial,705,640
4,4,serial,706,862
4,4,serial,707,603
4,4,serial,708,639
4,4,serial,709,605
4,4,serial,710,619
4,4,serial,711,601
4,4,serial,712,660
4,4,serial,713,598
4,4,serial,714,615
4,4,serial,715,617
4,4,serial,716,546
4,4,serial,717,704
4,4,serial,718,622
4,4,serial,719,919
4,4,serial,720,738
4,4,serial,721,889
4,4,serial,722,1291
4,4,serial,723,1083
4,4,serial,724,1281
4,4,serial,725,1108
4,4,serial,726,875
4,4,serial,727,887
4,4,serial,728,648
4,4,serial,729,607
4,4,serial,730,685
4,4,serial,731,889
4,4,serial,732,12483
4,4,serial,733,7592
4,4,serial,734,681
4,4,serial,735,594
4,4,serial,736,610
4,4,serial,737,580
4,4,serial,738,611
4,4,serial,739,635
4,4,serial,740,626
4,4,serial,741,602
4,4,serial,742,599
4,4,serial,743,602
4,4,serial,744,691
4,4,serial,745,915
4,4,serial,746,966
4,4,serial,747,670
4,4,serial,748,949
4,4,serial,749,659
4,4,serial,750,672
4,4,serial,751,676
4,4,serial,752,685
4,4,serial,753,563
4,4,serial,754,568
4,4,serial,755,662
4,4,serial,756,588
4,4,serial,757,610
4,4,serial,758,572
4,4,serial,759,688
4,4,serial,760,1017
4,4,serial,761,965
4,4,serial,762,642
4,4,serial,763,630
4,4,serial,764,669
4,4,serial,765,650
4,4,serial,766,968
4,4,serial,767,598
4,4,serial,768,651
4,4,serial,769,674
4,4,serial,770,597
4,4,serial,771,660
4,4,serial,772,671
4,4,serial,773,604
4,4,serial,774,585
4,4,serial,775,605
4,4,serial,776,635
4,4,serial,777,551
4,4,serial,778,747
4,4,serial,779,503
4,4,serial,780,500
4,4,serial,781,509
4,4,serial,782,488
4,4,serial,783,560
4,4,serial,784,528
4,4,serial,785,475
4,4,serial,786,553
4,4,serial,787,491
4,4,serial,788,495
4,4,serial,789,505
4,4,serial,790,525
4,4,serial,791,514
4,4,serial,792,524
4,4,serial,793,629
4,4,serial,794,497
4,4,serial,795,498
4,4,serial,796,491
4,4,serial,797,514
4,4,serial,798,516
4,4,serial,799,500
4,4,serial,800,549
4,4,serial,801,514
4,4,serial,802,489
4,4,serial,803,531
4,4,serial,804,504
4,4,serial,805,516
4,4,serial,806,493
4,4,serial,807,592
4,4,serial,808,523
4,4,serial,809,545
4,4,serial,810,496
4,4,serial,811,526
4,4,serial,812,583
4,4,serial,813,562
4,4,serial,814,624
4,4,serial,815,926
4,4,serial,816,894
4,4,serial,817,662
4,4,serial,818,784
4,4,serial,819,999
4,4,serial,820,629
4,4,serial,821,666
4,4,serial,822,646
4,4,serial,823,694
4,4,serial,824,926
4,4,serial,825,1133
4,4,serial,826,950
4,4,serial,827,904
4,4,serial,828,1218
4,4,serial,829,986
4,4,serial,830,1067
4,4,serial,831,844
4,4,serial,832,828
4,4,serial,833,1109
4,4,serial,834,953
4,4,serial,835,750
4,4,serial,836,1008
4,4,serial,837,865
4,4,serial,838,573
4,4,serial,839,575
4,4,serial,840,607
4,4,serial,841,895
4,4,serial,842,605
4,4,serial,843,579
4,4,serial,844,574
4,4,serial,845,558
4,4,serial,846,581
4,4,serial,847,607
4,4,serial,848,565
4,4,serial,849,608
4,4,serial,850,621
4,4,serial,851,639
4,4,serial,852,647
4,4,serial,853,640
4,4,serial,854,610
4,4,serial,855,630
4,4,serial,856,640
4,4,serial,857,610
4,4,serial,858,595
4,4,serial,859,630
4,4,serial,860,625
4,4,serial,861,644
4,4,serial,862,918
4,4,serial,863,520
4,4,serial,864,595
4,4,serial,865,654
4,4,serial,866,600
4,4,serial,867,608
4,4,serial,868,579
4,4,serial,869,663
4,4,serial,870,949
4,4,serial,871,727
4,4,serial,872,572
4,4,serial,873,661
4,4,serial,874,556
4,4,serial,875,495
4,4,serial,876,495
4,4,serial,877,505
4,4,serial,878,476
4,4,serial,879,531
4,4,serial,880,515
4,4,serial,881,498
4,4,serial,882,529
4,4,serial,883,513
4,4,serial,884,513
4,4,serial,885,480
4,4,serial,886,508
4,4,serial,887,569
4,4,serial,888,487
4,4,serial,889,485
4,4,serial,890,498
4,4,serial,891,527
4,4,serial,892,537
4,4,serial,893,478
4,4,serial,894,518
4,4,serial,895,468
4,4,serial,896,484
4,4,serial,897,481
4,4,serial,898,468
4,4,serial,899,479
4,4,serial,900,490
4,4,serial,901,473
4,4,serial,902,484
4,4,serial,903,482
4,4,serial,904,546
4,4,serial,905,485
4,4,serial,906,476
4,4,serial,907,474
4,4,serial,908,470
4,4,serial,909,474
4,4,serial,910,478
4,4,serial,911,465
4,4,serial,912,480
4,4,serial,913,472
4,4,serial,914,476
4,4,serial,915,471
4,4,serial,916,466
4,4,serial,917,467
4,4,serial,918,470
4,4,serial,919,465
4,4,serial,920,474
4,4,serial,921,468
4,4,serial,922,472
4,4,serial,923,472
4,4,serial,924,493
4,4,serial,925,476
4,4,serial,926,472
4,4,serial,927,467
4,4,serial,928,468
4,4,serial,929,470
4,4,serial,930,471
4,4,serial,931,462
4,4,serial,932,468
4,4,serial,933,468
4,4,serial,934,469
4,4,serial,935,476
4,4,serial,936,479
4,4,serial,937,473
4,4,serial,938,458
4,4,serial,939,476
4,4,serial,940,471
4,4,serial,941,468
4,4,serial,942,485
4,4,serial,943,462
4,4,serial,944,495
4,4,serial,945,489
4,4,serial,946,464
4,4,serial,947,477
4,4,serial,948,459
4,4,serial,949,470
4,4,serial,950,487
4,4,serial,951,494
4,4,serial,952,467
4,4,serial,953,474
4,4,serial,954,467
4,4,serial,955,470
4,4,serial,956,492
4,4,serial,957,463
4,4,serial,958,465
4,4,serial,959,482
4,4,serial,960,482
4,4,serial,961,472
4,4,serial,962,467
4,4,serial,963,480
4,4,serial,964,485
4,4,serial,965,470
4,4,serial,966,483
4,4,serial,967,484
4,4,serial,968,489
4,4,serial,969,476
4,4,serial,970,640
4,4,serial,971,544
4,4,serial,972,508
4,4,serial,973,570
4,4,serial,974,479
4,4,serial,975,465
4,4,serial,976,460
4,4,serial,977,482
4,4,serial,978,465
4,4,serial,979,464
4,4,serial,980,459
4,4,serial,981,464
4,4,serial,982,462
4,4,serial,983,464
4,4,serial,984,456
4,4,serial,985,506
4,4,serial,986,474
4,4,serial,987,463
4,4,serial,988,454
4,4,serial,989,459
4,4,serial,990,450
4,4,serial,991,456
4,4,serial,992,453
4,4,serial,993,460
4,4,serial,994,474
4,4,serial,995,491
4,4,serial,996,468
4,4,serial,997,467
4,4,serial,998,481
4,4,serial,999,528
4,4,concurrent,0,459
4,4,concurrent,1,425
4,4,concurrent,2,432
4,4,concurrent,3,612
4,4,concurrent,4,453
4,4,concurrent,5,453
4,4,concurrent,6,466
4,4,concurrent,7,448
4,4,concurrent,8,430
4,4,concurrent,9,428
4,4,concurrent,10,438
4,4,concurrent,11,480
4,4,concurrent,12,483
4,4,concurrent,13,470
4,4,concurrent,14,498
4,4,concurrent,15,506
4,4,concurrent,16,495
4,4,concurrent,17,503
4,4,concurrent,18,505
4,4,concurrent,19,495
4,4,concurrent,20,500
4,4,concurrent,21,502
4,4,concurrent,22,510
4,4,concurrent,23,461
4,4,concurrent,24,510
4,4,concurrent,25,503
4,4,concurrent,26,505
4,4,concurrent,27,509
4,4,concurrent,28,503
4,4,concurrent,29,504
4,4,concurrent,30,501
4,4,concurrent,31,505
4,4,concurrent,32,514
4,4,concurrent,33,508
4,4,concurrent,34,431
4,4,concurrent,35,499
4,4,concurrent,36,626
4,4,concurrent,37,743
4,4,concurrent,38,690
4,4,concurrent,39,505
4,4,concurrent,40,510
4,4,concurrent,41,549
4,4,concurrent,42,464
4,4,concurrent,43,462
4,4,concurrent,44,479
4,4,concurrent,45,457
4,4,concurrent,46,493
4,4,concurrent,47,496
4,4,concurrent,48,446
4,4,concurrent,49,461
4,4,concurrent,50,445
4,4,concurrent,51,461
4,4,concurrent,52,454
4,4,concurrent,53,462
4,4,concurrent,54,466
4,4,concurrent,55,486
4,4,concurrent,56,454
4,4,concurrent,57,456
4,4,concurrent,58,491
4,4,concurrent,59,454
4,4,concurrent,60,452
4,4,concurrent,61,484
4,4,concurrent,62,481
4,4,concurrent,63,485
4,4,concurrent,64,471
4,4,concurrent,65,508
4,4,concurrent,66,508
4,4,concurrent,67,764
4,4,concurrent,68,649
4,4,concurrent,69,579
4,4,concurrent,70,538
4,4,concurrent,71,561
4,4,concurrent,72,487
4,4,concurrent,73,526
4,4,concurrent,74,535
4,4,concurrent,75,489
4,4,concurrent,76,521
4,4,concurrent,77,550
4,4,concurrent,78,555
4,4,concurrent,79,548
4,4,concurrent,80,540
4,4,concurrent,81,544
4,4,concurrent,82,559
4,4,concurrent,83,572
4,4,concurrent,84,529
4,4,concurrent,85,587
4,4,concurrent,86,538
4,4,concurrent,87,550
4,4,concurrent,88,521
4,4,concurrent,89,523
4,4,concurrent,90,539
4,4,concurrent,91,541
4,4,concurrent,92,478
4,4,concurrent,93,468
4,4,concurrent,94,473
4,4,concurrent,95,487
4,4,concurrent,96,650
4,4,concurrent,97,505
4,4,concurrent,98,506
4,4,concurrent,99,581
4,4,concurrent,100,543
4,4,concurrent,101,521
4,4,concurrent,102,501
4,4,concurrent,103,542
4,4,concurrent,104,557
4,4,concurrent,105,518
4,4,concurrent,106,552
4,4,concurrent,107,506
4,4,concurrent,108,477
4,4,concurrent,109,513
4,4,concurrent,110,517
4,4,concurrent,111,689
4,4,concurrent,112,778
4,4,concurrent,113,789
4,4,concurrent,114,783
4,4,concurrent,115,792
4,4,concurrent,116,778
4,4,concurrent,117,674
4,4,concurrent,118,497
4,4,concurrent,119,509
4,4,concurrent,120,505
4,4,concurrent,121,598
4,4,concurrent,122,520
4,4,concurrent,123,496
4,4,concurrent,124,535
4,4,concurrent,125,506
4,4,concurrent,126,487
4,4,concurrent,127,526
4,4,concurrent,128,536
4,4,concurrent,129,526
4,4,concurrent,130,562
4,4,concurrent,131,501
4,4,concurrent,132,535
4,4,concurrent,133,538
4,4,concurrent,134,530
4,4,concurrent,135,516
4,4,concurrent,136,545
4,4,concurrent,137,520
4,4,concurrent,138,479
4,4,concurrent,139,491
4,4,concurrent,140,533
4,4,concurrent,141,596
4,4,concurrent,142,513
4,4,concurrent,143,511
4,4,concurrent,144,511
4,4,concurrent,145,584
4,4,concurrent,146,602
4,4,concurrent,147,588
4,4,concurrent,148,615
4,4,concurrent,149,575
4,4,concurrent,150,891
4,4,concurrent,151,724
4,4,concurrent,152,702
4,4,concurrent,153,782
4,4,concurrent,154,642
4,4,concurrent,155,640
4,4,concurrent,156,597
4,4,concurrent,157,613
4,4,concurrent,158,663
4,4,concurrent,159,650
4,4,concurrent,160,670
4,4,concurrent,161,639
4,4,concurrent,162,618
4,4,concurrent,163,630
4,4,concurrent,164,600
4,4,concurrent,165,630
4,4,concurrent,166,641
4,4,concurrent,167,665
4,4,concurrent,168,683
4,4,concurrent,169,626
4,4,concurrent,170,644
4,4,concurrent,171,575
4,4,concurrent,172,608
4,4,concurrent,173,608
4,4,concurrent,174,840
4,4,concurrent,175,900
4,4,concurrent,176,876
4,4,concurrent,177,868
4,4,concurrent,178,749
4,4,concurrent,179,623
4,4,concurrent,180,720
4,4,concurrent,181,665
4,4,concurrent,182,580
4,4,concurrent,183,607
4,4,concurrent,184,639
4,4,concurrent,185,644
4,4,concurrent,186,597
4,4,concurrent,187,636
4,4,concurrent,188,604
4,4,concurrent,189,606
4,4,concurrent,190,565
4,4,concurrent,191,611
4,4,concurrent,192,589
4,4,concurrent,193,659
4,4,concurrent,194,625
4,4,concurrent,195,550
4,4,concurrent,196,703
4,4,concurrent,197,694
4,4,concurrent,198,686
4,4,concurrent,199,608
4,4,concurrent,200,557
4,4,concurrent,201,599
4,4,concurrent,202,690
4,4,concurrent,203,654
4,4,concurrent,204,835
4,4,concurrent,205,1017
4,4,concurrent,206,981
4,4,concurrent,207,831
4,4,concurrent,208,606
4,4,concurrent,209,708
4,4,concurrent,210,590
4,4,concurrent,211,611
4,4,concurrent,212,587
4,4,concurrent,213,554
4,4,concurrent,214,613
4,4,concurrent,215,641
4,4,concurrent,216,631
4,4,concurrent,217,863
4,4,concurrent,218,978
4,4,concurrent,219,977
4,4,concurrent,220,754
4,4,concurrent,221,685
4,4,concurrent,222,612
4,4,concurrent,223,636
4,4,concurrent,224,595
4,4,concurrent,225,684
4,4,concurrent,226,629
4,4,concurrent,227,600
4,4,concurrent,228,755
4,4,concurrent,229,696
4,4,concurrent,230,629
4,4,concurrent,231,687
4,4,concurrent,232,568
4,4,concurrent,233,586
4,4,concurrent,234,560
4,4,concurrent,235,540
4,4,concurrent,236,569
4,4,concurrent,237,570
4,4,concurrent,238,558
4,4,concurrent,239,544
4,4,concurrent,240,541
4,4,concurrent,241,577
4,4,concurrent,242,566
4,4,concurrent,243,589
4,4,concurrent,244,619
4,4,concurrent,245,572
4,4,concurrent,246,602
4,4,concurrent,247,602
4,4,concurrent,248,612
4,4,concurrent,249,624
4,4,concurrent,250,702
4,4,concurrent,251,581
4,4,concurrent,252,537
4,4,concurrent,253,588
4,4,concurrent,254,601
4,4,concurrent,255,548
4,4,concurrent,256,637
4,4,concurrent,257,558
4,4,concurrent,258,571
4,4,concurrent,259,595
4,4,concurrent,260,634
4,4,concurrent,261,588
4,4,concurrent,262,594
4,4,concurrent,263,614
4,4,concurrent,264,647
4,4,concurrent,265,561
4,4,concurrent,266,611
4,4,concurrent,267,607
4,4,concurrent,268,587
4,4,concurrent,269,612
4,4,concurrent,270,809
4,4,concurrent,271,729
4,4,concurrent,272,596
4,4,concurrent,273,563
4,4,concurrent,274,586
4,4,concurrent,275,573
4,4,concurrent,276,539
4,4,concurrent,277,522
4,4,concurrent,278,616
4,4,concurrent,279,575
4,4,concurrent,280,564
4,4,concurrent,281,548
4,4,concurrent,282,549
4,4,concurrent,283,551
4,4,concurrent,284,581
4,4,concurrent,285,565
4,4,concurrent,286,566
4,4,concurrent,287,570
4,4,concurrent,288,551
4,4,concurrent,289,579
4,4,concurrent,290,542
4,4,concurrent,291,564
4,4,concurrent,292,594
4,4,concurrent,293,635
4,4,concurrent,294,523
4,4,concurrent,295,542
4,4,concurrent,296,772
4,4,concurrent,297,634
4,4,concurrent,298,693
4,4,concurrent,299,543
4,4,concurrent,300,683
4,4,concurrent,301,617
4,4,concurrent,302,902
4,4,concurrent,303,868
4,4,concurrent,304,631
4,4,concurrent,305,875
4,4,concurrent,306,1185
4,4,concurrent,307,1126
4,4,concurrent,308,854
4,4,concurrent,309,631
4,4,concurrent,310,614
4,4,concurrent,311,564
4,4,concurrent,312,583
4,4,concurrent,313,561
4,4,concurrent,314,493
4,4,concurrent,315,548
4,4,concurrent,316,587
4,4,concurrent,317,951
4,4,concurrent,318,1328
4,4,concurrent,319,928
4,4,concurrent,320,541
4,4,concurrent,321,511
4,4,concurrent,322,628
4,4,concurrent,323,586
4,4,concurrent,324,558
4,4,concurrent,325,610
4,4,concurrent,326,588
4,4,concurrent,327,790
4,4,concurrent,328,841
4,4,concurrent,329,610
4,4,concurrent,330,585
4,4,concurrent,331,559
4,4,concurrent,332,561
4,4,concurrent,333,511
4,4,concurrent,334,495
4,4,concurrent,335,514
4,4,concurrent,336,505
4,4,concurrent,337,532
4,4,concurrent,338,583
4,4,concurrent,339,654
4,4,concurrent,340,558
4,4,concurrent,341,583
4,4,concurrent,342,900
4,4,concurrent,343,906
4,4,concurrent,344,538
4,4,concurrent,345,827
4,4,concurrent,346,542
4,4,concurrent,347,545
4,4,concurrent,348,584
4,4,concurrent,349,544
4,4,concurrent,350,562
4,4,concurrent,351,582
4,4,concurrent,352,525
4,4,concurrent,353,572
4,4,concurrent,354,593
4,4,concurrent,355,554
4,4,concurrent,356,617
4,4,concurrent,357,956
4,4,concurrent,358,1168
4,4,concurrent,359,985
4,4,concurrent,360,756
4,4,concurrent,361,648
4,4,concurrent,362,663
4,4,concurrent,363,558
4,4,concurrent,364,649
4,4,concurrent,365,542
4,4,concurrent,366,688
4,4,concurrent,367,705
4,4,concurrent,368,632
4,4,concurrent,369,623
4,4,concurrent,370,637
4,4,concurrent,371,687
4,4,concurrent,372,628
4,4,concurrent,373,646
4,4,concurrent,374,588
4,4,concurrent,375,560
4,4,concurrent,376,639
4,4,concurrent,377,569
4,4,concurrent,378,511
4,4,concurrent,379,570
4,4,concurrent,380,554
4,4,concurrent,381,569
4,4,concurrent,382,568
4,4,concurrent,383,533
4,4,concurrent,384,549
4,4,concurrent,385,521
4,4,concurrent,386,492
4,4,concurrent,387,512
4,4,concurrent,388,538
4,4,concurrent,389,547
4,4,concurrent,390,529
4,4,concurrent,391,527
4,4,concurrent,392,523
4,4,concurrent,393,590
4,4,concurrent,394,804
4,4,concurrent,395,596
4,4,concurrent,396,550
4,4,concurrent,397,590
4,4,concurrent,398,644
4,4,concurrent,399,542
4,4,concurrent,400,848
4,4,concurrent,401,872
4,4,concurrent,402,894
4,4,concurrent,403,1108
4,4,concurrent,404,1122
4,4,concurrent,405,785
4,4,concurrent,406,778
4,4,concurrent,407,781
4,4,concurrent,408,776
4,4,concurrent,409,776
4,4,concurrent,410,769
4,4,concurrent,411,788
4,4,concurrent,412,787
4,4,concurrent,413,810
4,4,concurrent,414,848
4,4,concurrent,415,533
4,4,concurrent,416,508
4,4,concurrent,417,571
4,4,concurrent,418,492
4,4,concurrent,419,504
4,4,concurrent,420,512
4,4,concurrent,421,490
4,4,concurrent,422,506
4,4,concurrent,423,535
4,4,concurrent,424,575
4,4,concurrent,425,537
4,4,concurrent,426,539
4,4,concurrent,427,563
4,4,concurrent,428,568
4,4,concurrent,429,572
4,4,concurrent,430,545
4,4,concurrent,431,565
4,4,concurrent,432,554
4,4,concurrent,433,485
4,4,concurrent,434,543
4,4,concurrent,435,546
4,4,concurrent,436,485
4,4,concurrent,437,554
4,4,concurrent,438,580
4,4,concurrent,439,560
4,4,concurrent,440,518
4,4,concurrent,441,544
4,4,concurrent,442,566
4,4,concurrent,443,742
4,4,concurrent,444,604
4,4,concurrent,445,584
4,4,concurrent,446,591
4,4,concurrent,447,517
4,4,concurrent,448,589
4,4,concurrent,449,492
4,4,concurrent,450,442
4,4,concurrent,451,503
4,4,concurrent,452,642
4,4,concurrent,453,456
4,4,concurrent,454,438
4,4,concurrent,455,481
4,4,concurrent,456,475
4,4,concurrent,457,442
4,4,concurrent,458,436
4,4,concurrent,459,500
4,4,concurrent,460,507
4,4,concurrent,461,505
4,4,concurrent,462,501
4,4,concurrent,463,469
4,4,concurrent,464,473
4,4,concurrent,465,498
4,4,concurrent,466,505
4,4,concurrent,467,484
4,4,concurrent,468,505
4,4,concurrent,469,500
4,4,concurrent,470,535
4,4,concurrent,471,504
4,4,concurrent,472,501
4,4,concurrent,473,498
4,4,concurrent,474,579
4,4,concurrent,475,467
4,4,concurrent,476,455
4,4,concurrent,477,429
4,4,concurrent,478,462
4,4,concurrent,479,461
4,4,concurrent,480,476
4,4,concurrent,481,468
4,4,concurrent,482,484
4,4,concurrent,483,505
4,4,concurrent,484,516
4,4,concurrent,485,493
4,4,concurrent,486,500
4,4,concurrent,487,504
4,4,concurrent,488,512
4,4,concurrent,489,456
4,4,concurrent,490,515
4,4,concurrent,491,501
4,4,concurrent,492,496
4,4,concurrent,493,503
4,4,concurrent,494,499
4,4,concurrent,495,508
4,4,concurrent,496,509
4,4,concurrent,497,507
4,4,concurrent,498,504
4,4,concurrent,499,524
4,4,concurrent,500,480
4,4,concurrent,501,502
4,4,concurrent,502,482
4,4,concurrent,503,471
4,4,concurrent,504,471
4,4,concurrent,505,470
4,4,concurrent,506,470
4,4,concurrent,507,497
4,4,concurrent,508,487
4,4,concurrent,509,497
4,4,concurrent,510,496
4,4,concurrent,511,505
4,4,concurrent,512,514
4,4,concurrent,513,456
4,4,concurrent,514,453
4,4,concurrent,515,459
4,4,concurrent,516,460
4,4,concurrent,517,471
4,4,concurrent,518,451
4,4,concurrent,519,462
4,4,concurrent,520,453
4,4,concurrent,521,452
4,4,concurrent,522,433
4,4,concurrent,523,470
4,4,concurrent,524,465
4,4,concurrent,525,475
4,4,concurrent,526,505
4,4,concurrent,527,501
4,4,concurrent,528,497
4,4,concurrent,529,458
4,4,concurrent,530,486
4,4,concurrent,531,476
4,4,concurrent,532,528
4,4,concurrent,533,501
4,4,concurrent,534,506
4,4,concurrent,535,500
4,4,concurrent,536,492
4,4,concurrent,537,500
4,4,concurrent,538,633
4,4,concurrent,539,473
4,4,concurrent,540,503
4,4,concurrent,541,615
4,4,concurrent,542,479
4,4,concurrent,543,452
4,4,concurrent,544,489
4,4,concurrent,545,469
4,4,concurrent,546,425
4,4,concurrent,547,459
4,4,concurrent,548,422
4,4,concurrent,549,431
4,4,concurrent,550,453
4,4,concurrent,551,450
4,4,concurrent,552,455
4,4,concurrent,553,473
4,4,concurrent,554,453
4,4,concurrent,555,444
4,4,concurrent,556,447
4,4,concurrent,557,422
4,4,concurrent,558,427
4,4,concurrent,559,458
4,4,concurrent,560,440
4,4,concurrent,561,439
4,4,concurrent,562,456
4,4,concurrent,563,469
4,4,concurrent,564,436
4,4,concurrent,565,404
4,4,concurrent,566,413
4,4,concurrent,567,395
4,4,concurrent,568,426
4,4,concurrent,569,424
4,4,concurrent,570,424
4,4,concurrent,571,423
4,4,concurrent,572,519
4,4,concurrent,573,476
4,4,concurrent,574,481
4,4,concurrent,575,525
4,4,concurrent,576,523
4,4,concurrent,577,446
4,4,concurrent,578,506
4,4,concurrent,579,497
4,4,concurrent,580,531
4,4,concurrent,581,487
4,4,concurrent,582,521
4,4,concurrent,583,508
4,4,concurrent,584,504
4,4,concurrent,585,500
4,4,concurrent,586,504
4,4,concurrent,587,502
4,4,concurrent,588,501
4,4,concurrent,589,497
4,4,concurrent,590,495
4,4,concurrent,591,505
4,4,concurrent,592,510
4,4,concurrent,593,481
4,4,concurrent,594,543
4,4,concurrent,595,505
4,4,concurrent,596,527
4,4,concurrent,597,471
4,4,concurrent,598,801
4,4,concurrent,599,446
4,4,concurrent,600,420
4,4,concurrent,601,472
4,4,concurrent,602,490
4,4,concurrent,603,489
4,4,concurrent,604,481
4,4,concurrent,605,473
4,4,concurrent,606,448
4,4,concurrent,607,504
4,4,concurrent,608,503
4,4,concurrent,609,482
4,4,concurrent,610,501
4,4,concurrent,611,512
4,4,concurrent,612,476
4,4,concurrent,613,462
4,4,concurrent,614,486
4,4,concurrent,615,701
4,4,concurrent,616,699
4,4,concurrent,617,500
4,4,concurrent,618,526
4,4,concurrent,619,456
4,4,concurrent,620,527
4,4,concurrent,621,495
4,4,concurrent,622,474
4,4,concurrent,623,500
4,4,concurrent,624,449
4,4,concurrent,625,449
4,4,concurrent,626,498
4,4,concurrent,627,521
4,4,concurrent,628,568
4,4,concurrent,629,504
4,4,concurrent,630,491
4,4,concurrent,631,525
4,4,concurrent,632,643
4,4,concurrent,633,762
4,4,concurrent,634,591
4,4,concurrent,635,487
4,4,concurrent,636,529
4,4,concurrent,637,486
4,4,concurrent,638,533
4,4,concurrent,639,519
4,4,concurrent,640,493
4,4,concurrent,641,463
4,4,concurrent,642,538
4,4,concurrent,643,534
4,4,concurrent,644,510
4,4,concurrent,645,540
4,4,concurrent,646,567
4,4,concurrent,647,517
4,4,concurrent,648,525
4,4,concurrent,649,505
4,4,concurrent,650,552
4,4,concurrent,651,576
4,4,concurrent,652,490
4,4,concurrent,653,465
4,4,concurrent,654,452
4,4,concurrent,655,527
4,4,concurrent,656,719
4,4,concurrent,657,495
4,4,concurrent,658,612
4,4,concurrent,659,513
4,4,concurrent,660,521
4,4,concurrent,661,508
4,4,concurrent,662,563
4,4,concurrent,663,573
4,4,concurrent,664,453
4,4,concurrent,665,452
4,4,concurrent,666,519
4,4,concurrent,667,505
4,4,concurrent,668,495
4,4,concurrent,669,458
4,4,concurrent,670,487
4,4,concurrent,671,480
4,4,concurrent,672,451
4,4,concurrent,673,471
4,4,concurrent,674,476
4,4,concurrent,675,489
4,4,concurrent,676,454
4,4,concurrent,677,482
4,4,concurrent,678,493
4,4,concurrent,679,463
4,4,concurrent,680,556
4,4,concurrent,681,507
4,4,concurrent,682,514
4,4,concurrent,683,525
4,4,concurrent,684,431
4,4,concurrent,685,517
4,4,concurrent,686,509
4,4,concurrent,687,508
4,4,concurrent,688,437
4,4,concurrent,689,432
4,4,concurrent,690,429
4,4,concurrent,691,492
4,4,concurrent,692,460
4,4,concurrent,693,505
4,4,concurrent,694,566
4,4,concurrent,695,472
4,4,concurrent,696,506
4,4,concurrent,697,565
4,4,concurrent,698,493
4,4,concurrent,699,573
4,4,concurrent,700,581
4,4,concurrent,701,469
4,4,concurrent,702,539
4,4,concurrent,703,448
4,4,concurrent,704,516
4,4,concurrent,705,466
4,4,concurrent,706,503
4,4,concurrent,707,515
4,4,concurrent,708,456
4,4,concurrent,709,449
4,4,concurrent,710,487
4,4,concurrent,711,462
4,4,concurrent,712,445
4,4,concurrent,713,442
4,4,concurrent,714,439
4,4,concurrent,715,445
4,4,concurrent,716,459
4,4,concurrent,717,463
4,4,concurrent,718,473
4,4,concurrent,719,508
4,4,concurrent,720,438
4,4,concurrent,721,461
4,4,concurrent,722,478
4,4,concurrent,723,506
4,4,concurrent,724,496
4,4,concurrent,725,652
4,4,concurrent,726,497
4,4,concurrent,727,429
4,4,concurrent,728,457
4,4,concurrent,729,500
4,4,concurrent,730,559
4,4,concurrent,731,488
4,4,concurrent,732,478
4,4,concurrent,733,481
4,4,concurrent,734,488
4,4,concurrent,735,459
4,4,concurrent,736,450
4,4,concurrent,737,472
4,4,concurrent,738,475
4,4,concurrent,739,478
4,4,concurrent,740,465
4,4,concurrent,741,515
4,4,concurrent,742,473
4,4,concurrent,743,501
4,4,concurrent,744,472
4,4,concurrent,745,435
4,4,concurrent,746,445
4,4,concurrent,747,503
4,4,concurrent,748,452
4,4,concurrent,749,433
4,4,concurrent,750,448
4,4,concurrent,751,452
4,4,concurrent,752,445
4,4,concurrent,753,476
4,4,concurrent,754,422
4,4,concurrent,755,479
4,4,concurrent,756,458
4,4,concurrent,757,432
4,4,concurrent,758,641
4,4,concurrent,759,1211
4,4,concurrent,760,734
4,4,concurrent,761,857
4,4,concurrent,762,749
4,4,concurrent,763,695
4,4,concurrent,764,653
4,4,concurrent,765,738
4,4,concurrent,766,735
4,4,concurrent,767,615
4,4,concurrent,768,567
4,4,concurrent,769,591
4,4,concurrent,770,590
4,4,concurrent,771,589
4,4,concurrent,772,495
4,4,concurrent,773,526
4,4,concurrent,774,569
4,4,concurrent,775,566
4,4,concurrent,776,614
4,4,concurrent,777,874
4,4,concurrent,778,940
4,4,concurrent,779,675
4,4,concurrent,780,864
4,4,concurrent,781,666
4,4,concurrent,782,565
4,4,concurrent,783,645
4,4,concurrent,784,603
4,4,concurrent,785,635
4,4,concurrent,786,642
4,4,concurrent,787,681
4,4,concurrent,788,774
4,4,concurrent,789,602
4,4,concurrent,790,625
4,4,concurrent,791,682
4,4,concurrent,792,636
4,4,concurrent,793,577
4,4,concurrent,794,603
4,4,concurrent,795,561
4,4,concurrent,796,649
4,4,concurrent,797,534
4,4,concurrent,798,635
4,4,concurrent,799,556
4,4,concurrent,800,615
4,4,concurrent,801,574
4,4,concurrent,802,568
4,4,concurrent,803,569
4,4,concurrent,804,709
4,4,concurrent,805,692
4,4,concurrent,806,735
4,4,concurrent,807,675
4,4,concurrent,808,592
4,4,concurrent,809,541
4,4,concurrent,810,550
4,4,concurrent,811,581
4,4,concurrent,812,604
4,4,concurrent,813,738
4,4,concurrent,814,780
4,4,concurrent,815,993
4,4,concurrent,816,501
4,4,concurrent,817,557
4,4,concurrent,818,575
4,4,concurrent,819,512
4,4,concurrent,820,559
4,4,concurrent,821,664
4,4,concurrent,822,647
4,4,concurrent,823,575
4,4,concurrent,824,548
4,4,concurrent,825,519
4,4,concurrent,826,565
4,4,concurrent,827,502
4,4,concurrent,828,603
4,4,concurrent,829,584
4,4,concurrent,830,586
4,4,concurrent,831,987
4,4,concurrent,832,529
4,4,concurrent,833,593
4,4,concurrent,834,894
4,4,concurrent,835,929
4,4,concurrent,836,470
4,4,concurrent,837,566
4,4,concurrent,838,1231
4,4,concurrent,839,604
4,4,concurrent,840,960
4,4,concurrent,841,981
4,4,concurrent,842,1286
4,4,concurrent,843,539
4,4,concurrent,844,505
4,4,concurrent,845,450
4,4,concurrent,846,515
4,4,concurrent,847,481
4,4,concurrent,848,551
4,4,concurrent,849,471
4,4,concurrent,850,491
4,4,concurrent,851,466
4,4,concurrent,852,459
4,4,concurrent,853,574
4,4,concurrent,854,527
4,4,concurrent,855,530
4,4,concurrent,856,484
4,4,concurrent,857,468
4,4,concurrent,858,499
4,4,concurrent,859,542
4,4,concurrent,860,546
4,4,concurrent,861,490
4,4,concurrent,862,522
4,4,concurrent,863,526
4,4,concurrent,864,507
4,4,concurrent,865,500
4,4,concurrent,866,477
4,4,concurrent,867,461
4,4,concurrent,868,485
4,4,concurrent,869,532
4,4,concurrent,870,477
4,4,concurrent,871,466
4,4,concurrent,872,506
4,4,concurrent,873,561
4,4,concurrent,874,470
4,4,concurrent,875,499
4,4,concurrent,876,528
4,4,concurrent,877,482
4,4,concurrent,878,501
4,4,concurrent,879,474
4,4,concurrent,880,470
4,4,concurrent,881,469
4,4,concurrent,882,517
4,4,concurrent,883,470
4,4,concurrent,884,446
4,4,concurrent,885,525
4,4,concurrent,886,533
4,4,concurrent,887,548
4,4,concurrent,888,502
4,4,concurrent,889,432
4,4,concurrent,890,476
4,4,concurrent,891,431
4,4,concurrent,892,440
4,4,concurrent,893,410
4,4,concurrent,894,439
4,4,concurrent,895,454
4,4,concurrent,896,417
4,4,concurrent,897,428
4,4,concurrent,898,436
4,4,concurrent,899,437
4,4,concurrent,900,437
4,4,concurrent,901,476
4,4,concurrent,902,477
4,4,concurrent,903,453
4,4,concurrent,904,461
4,4,concurrent,905,470
4,4,concurrent,906,438
4,4,concurrent,907,443
4,4,concurrent,908,446
4,4,concurrent,909,430
4,4,concurrent,910,430
4,4,concurrent,911,421
4,4,concurrent,912,420
4,4,concurrent,913,460
4,4,concurrent,914,445
4,4,concurrent,915,454
4,4,concurrent,916,480
4,4,concurrent,917,510
4,4,concurrent,918,466
4,4,concurrent,919,461
4,4,concurrent,920,605
4,4,concurrent,921,539
4,4,concurrent,922,534
4,4,concurrent,923,543
4,4,concurrent,924,474
4,4,concurrent,925,511
4,4,concurrent,926,474
4,4,concurrent,927,487
4,4,concurrent,928,439
4,4,concurrent,929,458
4,4,concurrent,930,456
4,4,concurrent,931,467
4,4,concurrent,932,435
4,4,concurrent,933,469
4,4,concurrent,934,437
4,4,concurrent,935,432
4,4,concurrent,936,438
4,4,concurrent,937,434
4,4,concurrent,938,468
4,4,concurrent,939,459
4,4,concurrent,940,423
4,4,concurrent,941,435
4,4,concurrent,942,477
4,4,concurrent,943,427
4,4,concurrent,944,422
4,4,concurrent,945,440
4,4,concurrent,946,442
4,4,concurrent,947,478
4,4,concurrent,948,509
4,4,concurrent,949,542
4,4,concurrent,950,575
4,4,concurrent,951,663
4,4,concurrent,952,548
4,4,concurrent,953,741
4,4,concurrent,954,787
4,4,concurrent,955,769
4,4,concurrent,956,820
4,4,concurrent,957,638
4,4,concurrent,958,631
4,4,concurrent,959,630
4,4,concurrent,960,592
4,4,concurrent,961,580
4,4,concurrent,962,631
4,4,concurrent,963,501
4,4,concurrent,964,531
4,4,concurrent,965,532
4,4,concurrent,966,505
4,4,concurrent,967,591
4,4,concurrent,968,503
4,4,concurrent,969,662
4,4,concurrent,970,511
4,4,concurrent,971,562
4,4,concurrent,972,517
4,4,concurrent,973,536
4,4,concurrent,974,507
4,4,concurrent,975,478
4,4,concurrent,976,479
4,4,concurrent,977,534
4,4,concurrent,978,473
4,4,concurrent,979,492
4,4,concurrent,980,604
4,4,concurrent,981,562
4,4,concurrent,982,547
4,4,concurrent,983,585
4,4,concurrent,984,587
4,4,concurrent,985,701
4,4,concurrent,986,776
4,4,concurrent,987,609
4,4,concurrent,988,543
4,4,concurrent,989,697
4,4,concurrent,990,526
4,4,concurrent,991,524
4,4,concurrent,992,525
4,4,concurrent,993,542
4,4,concurrent,994,515
4,4,concurrent,995,520
4,4,concurrent,996,510
4,4,concurrent,997,556
4,4,concurrent,998,528
4,4,concurrent,999,588
5,3,cpu_base,0,208
5,3,cpu_base,1,198
5,3,cpu_base,2,200
5,3,cpu_base,3,187
5,3,cpu_base,4,260
5,3,cpu_base,5,206
5,3,cpu_base,6,178
5,3,cpu_base,7,165
5,3,cpu_base,8,205
5,3,cpu_base,9,198
5,3,cpu_base,10,196
5,3,cpu_base,11,198
5,3,cpu_base,12,201
5,3,cpu_base,13,194
5,3,cpu_base,14,211
5,3,cpu_base,15,216
5,3,cpu_base,16,215
5,3,cpu_base,17,222
5,3,cpu_base,18,178
5,3,cpu_base,19,189
5,3,cpu_base,20,201
5,3,cpu_base,21,198
5,3,cpu_base,22,171
5,3,cpu_base,23,184
5,3,cpu_base,24,186
5,3,cpu_base,25,196
5,3,cpu_base,26,199
5,3,cpu_base,27,176
5,3,cpu_base,28,204
5,3,cpu_base,29,189
5,3,cpu_base,30,192
5,3,cpu_base,31,201
5,3,cpu_base,32,187
5,3,cpu_base,33,194
5,3,cpu_base,34,199
5,3,cpu_base,35,207
5,3,cpu_base,36,214
5,3,cpu_base,37,188
5,3,cpu_base,38,179
5,3,cpu_base,39,186
5,3,cpu_base,40,195
5,3,cpu_base,41,203
5,3,cpu_base,42,224
5,3,cpu_base,43,201
5,3,cpu_base,44,209
5,3,cpu_base,45,190
5,3,cpu_base,46,201
5,3,cpu_base,47,208
5,3,cpu_base,48,200
5,3,cpu_base,49,196
5,3,cpu_base,50,217
5,3,cpu_base,51,201
5,3,cpu_base,52,191
5,3,cpu_base,53,207
5,3,cpu_base,54,185
5,3,cpu_base,55,199
5,3,cpu_base,56,191
5,3,cpu_base,57,197
5,3,cpu_base,58,194
5,3,cpu_base,59,410
5,3,cpu_base,60,297
5,3,cpu_base,61,209
5,3,cpu_base,62,197
5,3,cpu_base,63,207
5,3,cpu_base,64,197
5,3,cpu_base,65,189
5,3,cpu_base,66,204
5,3,cpu_base,67,192
5,3,cpu_base,68,196
5,3,cpu_base,69,189
5,3,cpu_base,70,200
5,3,cpu_base,71,206
5,3,cpu_base,72,220
5,3,cpu_base,73,216
5,3,cpu_base,74,254
5,3,cpu_base,75,195
5,3,cpu_base,76,229
5,3,cpu_base,77,192
5,3,cpu_base,78,207
5,3,cpu_base,79,195
5,3,cpu_base,80,210
5,3,cpu_base,81,268
5,3,cpu_base,82,250
5,3,cpu_base,83,227
5,3,cpu_base,84,233
5,3,cpu_base,85,292
5,3,cpu_base,86,258
5,3,cpu_base,87,243
5,3,cpu_base,88,213
5,3,cpu_base,89,211
5,3,cpu_base,90,213
5,3,cpu_base,91,207
5,3,cpu_base,92,225
5,3,cpu_base,93,221
5,3,cpu_base,94,221
5,3,cpu_base,95,254
5,3,cpu_base,96,239
5,3,cpu_base,97,227
5,3,cpu_base,98,217
5,3,cpu_base,99,323
5,3,cpu_base,100,258
5,3,cpu_base,101,256
5,3,cpu_base,102,274
5,3,cpu_base,103,279
5,3,cpu_base,104,275
5,3,cpu_base,105,273
5,3,cpu_base,106,241
5,3,cpu_base,107,259
5,3,cpu_base,108,248
5,3,cpu_base,109,267
5,3,cpu_base,110,262
5,3,cpu_base,111,252
5,3,cpu_base,112,253
5,3,cpu_base,113,294
5,3,cpu_base,114,239
5,3,cpu_base,115,201
5,3,cpu_base,116,179
5,3,cpu_base,117,177
5,3,cpu_base,118,189
5,3,cpu_base,119,156
5,3,cpu_base,120,187
5,3,cpu_base,121,191
5,3,cpu_base,122,150
5,3,cpu_base,123,165
5,3,cpu_base,124,193
5,3,cpu_base,125,170
5,3,cpu_base,126,534
5,3,cpu_base,127,384
5,3,cpu_base,128,276
5,3,cpu_base,129,284
5,3,cpu_base,130,266
5,3,cpu_base,131,255
5,3,cpu_base,132,306
5,3,cpu_base,133,287
5,3,cpu_base,134,258
5,3,cpu_base,135,268
5,3,cpu_base,136,256
5,3,cpu_base,137,230
5,3,cpu_base,138,526
5,3,cpu_base,139,717
5,3,cpu_base,140,347
5,3,cpu_base,141,234
5,3,cpu_base,142,368
5,3,cpu_base,143,351
5,3,cpu_base,144,359
5,3,cpu_base,145,326
5,3,cpu_base,146,266
5,3,cpu_base,147,294
5,3,cpu_base,148,275
5,3,cpu_base,149,306
5,3,cpu_base,150,323
5,3,cpu_base,151,451
5,3,cpu_base,152,534
5,3,cpu_base,153,295
5,3,cpu_base,154,278
5,3,cpu_base,155,342
5,3,cpu_base,156,402
5,3,cpu_base,157,297
5,3,cpu_base,158,258
5,3,cpu_base,159,341
5,3,cpu_base,160,284
5,3,cpu_base,161,395
5,3,cpu_base,162,367
5,3,cpu_base,163,326
5,3,cpu_base,164,426
5,3,cpu_base,165,425
5,3,cpu_base,166,203
5,3,cpu_base,167,157
5,3,cpu_base,168,190
5,3,cpu_base,169,200
5,3,cpu_base,170,184
5,3,cpu_base,171,178
5,3,cpu_base,172,176
5,3,cpu_base,173,184
5,3,cpu_base,174,389
5,3,cpu_base,175,284
5,3,cpu_base,176,224
5,3,cpu_base,177,214
5,3,cpu_base,178,184
5,3,cpu_base,179,206
5,3,cpu_base,180,192
5,3,cpu_base,181,197
5,3,cpu_base,182,160
5,3,cpu_base,183,187
5,3,cpu_base,184,208
5,3,cpu_base,185,280
5,3,cpu_base,186,266
5,3,cpu_base,187,205
5,3,cpu_base,188,206
5,3,cpu_base,189,216
5,3,cpu_base,190,208
5,3,cpu_base,191,193
5,3,cpu_base,192,203
5,3,cpu_base,193,202
5,3,cpu_base,194,178
5,3,cpu_base,195,244
5,3,cpu_base,196,194
5,3,cpu_base,197,175
5,3,cpu_base,198,195
5,3,cpu_base,199,196
5,3,cpu_base,200,194
5,3,cpu_base,201,180
5,3,cpu_base,202,189
5,3,cpu_base,203,200
5,3,cpu_base,204,205
5,3,cpu_base,205,207
5,3,cpu_base,206,178
5,3,cpu_base,207,202
5,3,cpu_base,208,222
5,3,cpu_base,209,225
5,3,cpu_base,210,183
5,3,cpu_base,211,193
5,3,cpu_base,212,198
5,3,cpu_base,213,222
5,3,cpu_base,214,192
5,3,cpu_base,215,205
5,3,cpu_base,216,184
5,3,cpu_base,217,198
5,3,cpu_base,218,188
5,3,cpu_base,219,205
5,3,cpu_base,220,188
5,3,cpu_base,221,237
5,3,cpu_base,222,251
5,3,cpu_base,223,180
5,3,cpu_base,224,195
5,3,cpu_base,225,234
5,3,cpu_base,226,227
5,3,cpu_base,227,227
5,3,cpu_base,228,210
5,3,cpu_base,229,236
5,3,cpu_base,230,241
5,3,cpu_base,231,204
5,3,cpu_base,232,200
5,3,cpu_base,233,203
5,3,cpu_base,234,196
5,3,cpu_base,235,200
5,3,cpu_base,236,219
5,3,cpu_base,237,193
5,3,cpu_base,238,201
5,3,cpu_base,239,214
5,3,cpu_base,240,193
5,3,cpu_base,241,212
5,3,cpu_base,242,189
5,3,cpu_base,243,222
5,3,cpu_base,244,215
5,3,cpu_base,245,232
5,3,cpu_base,246,401
5,3,cpu_base,247,271
5,3,cpu_base,248,194
5,3,cpu_base,249,208
5,3,cpu_base,250,196
5,3,cpu_base,251,188
5,3,cpu_base,252,177
5,3,cpu_base,253,173
5,3,cpu_base,254,165
5,3,cpu_base,255,161
5,3,cpu_base,256,183
5,3,cpu_base,257,166
5,3,cpu_base,258,150
5,3,cpu_base,259,169
5,3,cpu_base,260,154
5,3,cpu_base,261,219
5,3,cpu_base,262,163
5,3,cpu_base,263,172
5,3,cpu_base,264,180
5,3,cpu_base,265,164
5,3,cpu_base,266,155
5,3,cpu_base,267,170
5,3,cpu_base,268,162
5,3,cpu_base,269,168
5,3,cpu_base,270,149
5,3,cpu_base,271,165
5,3,cpu_base,272,175
5,3,cpu_base,273,190
5,3,cpu_base,274,150
5,3,cpu_base,275,172
5,3,cpu_base,276,160
5,3,cpu_base,277,156
5,3,cpu_base,278,163
5,3,cpu_base,279,170
5,3,cpu_base,280,180
5,3,cpu_base,281,168
5,3,cpu_base,282,169
5,3,cpu_base,283,180
5,3,cpu_base,284,171
5,3,cpu_base,285,185
5,3,cpu_base,286,176
5,3,cpu_base,287,175
5,3,cpu_base,288,176
5,3,cpu_base,289,186
5,3,cpu_base,290,177
5,3,cpu_base,291,172
5,3,cpu_base,292,158
5,3,cpu_base,293,201
5,3,cpu_base,294,205
5,3,cpu_base,295,155
5,3,cpu_base,296,146
5,3,cpu_base,297,177
5,3,cpu_base,298,205
5,3,cpu_base,299,171
5,3,cpu_base,300,214
5,3,cpu_base,301,154
5,3,cpu_base,302,200
5,3,cpu_base,303,166
5,3,cpu_base,304,161
5,3,cpu_base,305,154
5,3,cpu_base,306,170
5,3,cpu_base,307,184
5,3,cpu_base,308,182
5,3,cpu_base,309,167
5,3,cpu_base,310,172
5,3,cpu_base,311,182
5,3,cpu_base,312,171
5,3,cpu_base,313,165
5,3,cpu_base,314,151
5,3,cpu_base,315,172
5,3,cpu_base,316,197
5,3,cpu_base,317,170
5,3,cpu_base,318,209
5,3,cpu_base,319,162
5,3,cpu_base,320,176
5,3,cpu_base,321,189
5,3,cpu_base,322,162
5,3,cpu_base,323,173
5,3,cpu_base,324,151
5,3,cpu_base,325,161
5,3,cpu_base,326,189
5,3,cpu_base,327,209
5,3,cpu_base,328,165
5,3,cpu_base,329,176
5,3,cpu_base,330,171
5,3,cpu_base,331,170
5,3,cpu_base,332,149
5,3,cpu_base,333,257
5,3,cpu_base,334,171
5,3,cpu_base,335,178
5,3,cpu_base,336,171
5,3,cpu_base,337,167
5,3,cpu_base,338,178
5,3,cpu_base,339,188
5,3,cpu_base,340,162
5,3,cpu_base,341,182
5,3,cpu_base,342,176
5,3,cpu_base,343,187
5,3,cpu_base,344,177
5,3,cpu_base,345,182
5,3,cpu_base,346,171
5,3,cpu_base,347,158
5,3,cpu_base,348,189
5,3,cpu_base,349,164
5,3,cpu_base,350,156
5,3,cpu_base,351,170
5,3,cpu_base,352,169
5,3,cpu_base,353,190
5,3,cpu_base,354,167
5,3,cpu_base,355,174
5,3,cpu_base,356,180
5,3,cpu_base,357,187
5,3,cpu_base,358,189
5,3,cpu_base,359,173
5,3,cpu_base,360,176
5,3,cpu_base,361,185
5,3,cpu_base,362,163
5,3,cpu_base,363,191
5,3,cpu_base,364,177
5,3,cpu_base,365,174
5,3,cpu_base,366,183
5,3,cpu_base,367,170
5,3,cpu_base,368,152
5,3,cpu_base,369,174
5,3,cpu_base,370,165
5,3,cpu_base,371,180
5,3,cpu_base,372,158
5,3,cpu_base,373,179
5,3,cpu_base,374,218
5,3,cpu_base,375,174
5,3,cpu_base,376,179
5,3,cpu_base,377,199
5,3,cpu_base,378,181
5,3,cpu_base,379,173
5,3,cpu_base,380,176
5,3,cpu_base,381,167
5,3,cpu_base,382,176
5,3,cpu_base,383,175
5,3,cpu_base,384,159
5,3,cpu_base,385,165
5,3,cpu_base,386,149
5,3,cpu_base,387,170
5,3,cpu_base,388,183
5,3,cpu_base,389,189
5,3,cpu_base,390,174
5,3,cpu_base,391,180
5,3,cpu_base,392,168
5,3,cpu_base,393,176
5,3,cpu_base,394,179
5,3,cpu_base,395,167
5,3,cpu_base,396,184
5,3,cpu_base,397,170
5,3,cpu_base,398,184
5,3,cpu_base,399,181
5,3,cpu_base,400,188
5,3,cpu_base,401,194
5,3,cpu_base,402,172
5,3,cpu_base,403,164
5,3,cpu_base,404,157
5,3,cpu_base,405,189
5,3,cpu_base,406,191
5,3,cpu_base,407,195
5,3,cpu_base,408,217
5,3,cpu_base,409,202
5,3,cpu_base,410,152
5,3,cpu_base,411,176
5,3,cpu_base,412,191
5,3,cpu_base,413,192
5,3,cpu_base,414,170
5,3,cpu_base,415,167
5,3,cpu_base,416,158
5,3,cpu_base,417,194
5,3,cpu_base,418,200
5,3,cpu_base,419,234
5,3,cpu_base,420,253
5,3,cpu_base,421,207
5,3,cpu_base,422,163
5,3,cpu_base,423,186
5,3,cpu_base,424,184
5,3,cpu_base,425,167
5,3,cpu_base,426,169
5,3,cpu_base,427,185
5,3,cpu_base,428,211
5,3,cpu_base,429,185
5,3,cpu_base,430,182
5,3,cpu_base,431,174
5,3,cpu_base,432,186
5,3,cpu_base,433,179
5,3,cpu_base,434,162
5,3,cpu_base,435,179
5,3,cpu_base,436,173
5,3,cpu_base,437,159
5,3,cpu_base,438,164
5,3,cpu_base,439,170
5,3,cpu_base,440,198
5,3,cpu_base,441,193
5,3,cpu_base,442,176
5,3,cpu_base,443,172
5,3,cpu_base,444,154
5,3,cpu_base,445,171
5,3,cpu_base,446,192
5,3,cpu_base,447,166
5,3,cpu_base,448,169
5,3,cpu_base,449,164
5,3,cpu_base,450,176
5,3,cpu_base,451,183
5,3,cpu_base,452,165
5,3,cpu_base,453,167
5,3,cpu_base,454,170
5,3,cpu_base,455,162
5,3,cpu_base,456,178
5,3,cpu_base,457,182
5,3,cpu_base,458,194
5,3,cpu_base,459,159
5,3,cpu_base,460,177
5,3,cpu_base,461,186
5,3,cpu_base,462,178
5,3,cpu_base,463,164
5,3,cpu_base,464,194
5,3,cpu_base,465,191
5,3,cpu_base,466,180
5,3,cpu_base,467,166
5,3,cpu_base,468,189
5,3,cpu_base,469,172
5,3,cpu_base,470,176
5,3,cpu_base,471,189
5,3,cpu_base,472,177
5,3,cpu_base,473,155
5,3,cpu_base,474,177
5,3,cpu_base,475,167
5,3,cpu_base,476,171
5,3,cpu_base,477,188
5,3,cpu_base,478,156
5,3,cpu_base,479,186
5,3,cpu_base,480,176
5,3,cpu_base,481,176
5,3,cpu_base,482,185
5,3,cpu_base,483,188
5,3,cpu_base,484,268
5,3,cpu_base,485,173
5,3,cpu_base,486,181
5,3,cpu_base,487,176
5,3,cpu_base,488,177
5,3,cpu_base,489,173
5,3,cpu_base,490,146
5,3,cpu_base,491,154
5,3,cpu_base,492,172
5,3,cpu_base,493,176
5,3,cpu_base,494,211
5,3,cpu_base,495,195
5,3,cpu_base,496,208
5,3,cpu_base,497,211
5,3,cpu_base,498,157
5,3,cpu_base,499,176
5,3,cpu_base,500,168
5,3,cpu_base,501,176
5,3,cpu_base,502,168
5,3,cpu_base,503,182
5,3,cpu_base,504,159
5,3,cpu_base,505,276
5,3,cpu_base,506,306
5,3,cpu_base,507,248
5,3,cpu_base,508,249
5,3,cpu_base,509,194
5,3,cpu_base,510,195
5,3,cpu_base,511,181
5,3,cpu_base,512,182
5,3,cpu_base,513,176
5,3,cpu_base,514,182
5,3,cpu_base,515,176
5,3,cpu_base,516,185
5,3,cpu_base,517,170
5,3,cpu_base,518,175
5,3,cpu_base,519,180
5,3,cpu_base,520,166
5,3,cpu_base,521,187
5,3,cpu_base,522,250
5,3,cpu_base,523,276
5,3,cpu_base,524,198
5,3,cpu_base,525,197
5,3,cpu_base,526,193
5,3,cpu_base,527,191
5,3,cpu_base,528,202
5,3,cpu_base,529,187
5,3,cpu_base,530,189
5,3,cpu_base,531,169
5,3,cpu_base,532,171
5,3,cpu_base,533,176
5,3,cpu_base,534,156
5,3,cpu_base,535,178
5,3,cpu_base,536,217
5,3,cpu_base,537,188
5,3,cpu_base,538,174
5,3,cpu_base,539,162
5,3,cpu_base,540,181
5,3,cpu_base,541,173
5,3,cpu_base,542,171
5,3,cpu_base,543,178
5,3,cpu_base,544,174
5,3,cpu_base,545,173
5,3,cpu_base,546,168
5,3,cpu_base,547,201
5,3,cpu_base,548,218
5,3,cpu_base,549,178
5,3,cpu_base,550,171
5,3,cpu_base,551,162
5,3,cpu_base,552,161
5,3,cpu_base,553,171
5,3,cpu_base,554,191
5,3,cpu_base,555,171
5,3,cpu_base,556,168
5,3,cpu_base,557,165
5,3,cpu_base,558,154
5,3,cpu_base,559,195
5,3,cpu_base,560,176
5,3,cpu_base,561,195
5,3,cpu_base,562,168
5,3,cpu_base,563,185
5,3,cpu_base,564,181
5,3,cpu_base,565,171
5,3,cpu_base,566,164
5,3,cpu_base,567,166
5,3,cpu_base,568,188
5,3,cpu_base,569,184
5,3,cpu_base,570,196
5,3,cpu_base,571,166
5,3,cpu_base,572,187
5,3,cpu_base,573,242
5,3,cpu_base,574,166
5,3,cpu_base,575,158
5,3,cpu_base,576,189
5,3,cpu_base,577,186
5,3,cpu_base,578,150
5,3,cpu_base,579,189
5,3,cpu_base,580,168
5,3,cpu_base,581,174
5,3,cpu_base,582,190
5,3,cpu_base,583,184
5,3,cpu_base,584,185
5,3,cpu_base,585,162
5,3,cpu_base,586,175
5,3,cpu_base,587,170
5,3,cpu_base,588,165
5,3,cpu_base,589,198
5,3,cpu_base,590,330
5,3,cpu_base,591,170
5,3,cpu_base,592,158
5,3,cpu_base,593,173
5,3,cpu_base,594,189
5,3,cpu_base,595,205
5,3,cpu_base,596,175
5,3,cpu_base,597,178
5,3,cpu_base,598,184
5,3,cpu_base,599,166
5,3,cpu_base,600,190
5,3,cpu_base,601,177
5,3,cpu_base,602,182
5,3,cpu_base,603,181
5,3,cpu_base,604,177
5,3,cpu_base,605,193
5,3,cpu_base,606,156
5,3,cpu_base,607,185
5,3,cpu_base,608,198
5,3,cpu_base,609,173
5,3,cpu_base,610,155
5,3,cpu_base,611,174
5,3,cpu_base,612,167
5,3,cpu_base,613,155
5,3,cpu_base,614,168
5,3,cpu_base,615,159
5,3,cpu_base,616,174
5,3,cpu_base,617,173
5,3,cpu_base,618,185
5,3,cpu_base,619,182
5,3,cpu_base,620,193
5,3,cpu_base,621,195
5,3,cpu_base,622,178
5,3,cpu_base,623,157
5,3,cpu_base,624,171
5,3,cpu_base,625,163
5,3,cpu_base,626,178
5,3,cpu_base,627,160
5,3,cpu_base,628,155
5,3,cpu_base,629,168
5,3,cpu_base,630,190
5,3,cpu_base,631,179
5,3,cpu_base,632,193
5,3,cpu_base,633,179
5,3,cpu_base,634,204
5,3,cpu_base,635,179
5,3,cpu_base,636,181
5,3,cpu_base,637,184
5,3,cpu_base,638,167
5,3,cpu_base,639,167
5,3,cpu_base,640,172
5,3,cpu_base,641,210
5,3,cpu_base,642,194
5,3,cpu_base,643,178
5,3,cpu_base,644,182
5,3,cpu_base,645,182
5,3,cpu_base,646,215
5,3,cpu_base,647,155
5,3,cpu_base,648,180
5,3,cpu_base,649,184
5,3,cpu_base,650,174
5,3,cpu_base,651,170
5,3,cpu_base,652,167
5,3,cpu_base,653,178
5,3,cpu_base,654,191
5,3,cpu_base,655,181
5,3,cpu_base,656,184
5,3,cpu_base,657,180
5,3,cpu_base,658,182
5,3,cpu_base,659,169
5,3,cpu_base,660,168
5,3,cpu_base,661,185
5,3,cpu_base,662,166
5,3,cpu_base,663,147
5,3,cpu_base,664,157
5,3,cpu_base,665,166
5,3,cpu_base,666,169
5,3,cpu_base,667,168
5,3,cpu_base,668,177
5,3,cpu_base,669,196
5,3,cpu_base,670,178
5,3,cpu_base,671,158
5,3,cpu_base,672,186
5,3,cpu_base,673,183
5,3,cpu_base,674,210
5,3,cpu_base,675,178
5,3,cpu_base,676,316
5,3,cpu_base,677,308
5,3,cpu_base,678,250
5,3,cpu_base,679,237
5,3,cpu_base,680,279
5,3,cpu_base,681,226
5,3,cpu_base,682,201
5,3,cpu_base,683,292
5,3,cpu_base,684,255
5,3,cpu_base,685,217
5,3,cpu_base,686,187
5,3,cpu_base,687,197
5,3,cpu_base,688,201
5,3,cpu_base,689,199
5,3,cpu_base,690,198
5,3,cpu_base,691,192
5,3,cpu_base,692,181
5,3,cpu_base,693,164
5,3,cpu_base,694,200
5,3,cpu_base,695,189
5,3,cpu_base,696,263
5,3,cpu_base,697,194
5,3,cpu_base,698,210
5,3,cpu_base,699,197
5,3,cpu_base,700,200
5,3,cpu_base,701,191
5,3,cpu_base,702,195
5,3,cpu_base,703,219
5,3,cpu_base,704,196
5,3,cpu_base,705,189
5,3,cpu_base,706,216
5,3,cpu_base,707,187
5,3,cpu_base,708,173
5,3,cpu_base,709,188
5,3,cpu_base,710,205
5,3,cpu_base,711,196
5,3,cpu_base,712,184
5,3,cpu_base,713,194
5,3,cpu_base,714,192
5,3,cpu_base,715,222
5,3,cpu_base,716,200
5,3,cpu_base,717,191
5,3,cpu_base,718,207
5,3,cpu_base,719,192
5,3,cpu_base,720,195
5,3,cpu_base,721,227
5,3,cpu_base,722,208
5,3,cpu_base,723,191
5,3,cpu_base,724,177
5,3,cpu_base,725,198
5,3,cpu_base,726,203
5,3,cpu_base,727,200
5,3,cpu_base,728,218
5,3,cpu_base,729,196
5,3,cpu_base,730,196
5,3,cpu_base,731,198
5,3,cpu_base,732,195
5,3,cpu_base,733,203
5,3,cpu_base,734,193
5,3,cpu_base,735,220
5,3,cpu_base,736,182
5,3,cpu_base,737,194
5,3,cpu_base,738,197
5,3,cpu_base,739,164
5,3,cpu_base,740,191
5,3,cpu_base,741,194
5,3,cpu_base,742,213
5,3,cpu_base,743,207
5,3,cpu_base,744,199
5,3,cpu_base,745,236
5,3,cpu_base,746,200
5,3,cpu_base,747,203
5,3,cpu_base,748,206
5,3,cpu_base,749,213
5,3,cpu_base,750,201
5,3,cpu_base,751,189
5,3,cpu_base,752,276
5,3,cpu_base,753,278
5,3,cpu_base,754,270
5,3,cpu_base,755,270
5,3,cpu_base,756,294
5,3,cpu_base,757,247
5,3,cpu_base,758,260
5,3,cpu_base,759,278
5,3,cpu_base,760,266
5,3,cpu_base,761,276
5,3,cpu_base,762,271
5,3,cpu_base,763,269
5,3,cpu_base,764,334
5,3,cpu_base,765,311
5,3,cpu_base,766,288
5,3,cpu_base,767,319
5,3,cpu_base,768,339
5,3,cpu_base,769,273
5,3,cpu_base,770,193
5,3,cpu_base,771,192
5,3,cpu_base,772,235
5,3,cpu_base,773,208
5,3,cpu_base,774,234
5,3,cpu_base,775,207
5,3,cpu_base,776,171
5,3,cpu_base,777,193
5,3,cpu_base,778,194
5,3,cpu_base,779,208
5,3,cpu_base,780,212
5,3,cpu_base,781,218
5,3,cpu_base,782,187
5,3,cpu_base,783,197
5,3,cpu_base,784,178
5,3,cpu_base,785,170
5,3,cpu_base,786,224
5,3,cpu_base,787,183
5,3,cpu_base,788,182
5,3,cpu_base,789,158
5,3,cpu_base,790,143
5,3,cpu_base,791,154
5,3,cpu_base,792,150
5,3,cpu_base,793,143
5,3,cpu_base,794,142
5,3,cpu_base,795,142
5,3,cpu_base,796,185
5,3,cpu_base,797,147
5,3,cpu_base,798,151
5,3,cpu_base,799,142
5,3,cpu_base,800,142
5,3,cpu_base,801,146
5,3,cpu_base,802,142
5,3,cpu_base,803,154
5,3,cpu_base,804,158
5,3,cpu_base,805,159
5,3,cpu_base,806,188
5,3,cpu_base,807,188
5,3,cpu_base,808,164
5,3,cpu_base,809,167
5,3,cpu_base,810,147
5,3,cpu_base,811,149
5,3,cpu_base,812,169
5,3,cpu_base,813,146
5,3,cpu_base,814,151
5,3,cpu_base,815,142
5,3,cpu_base,816,158
5,3,cpu_base,817,153
5,3,cpu_base,818,145
5,3,cpu_base,819,152
5,3,cpu_base,820,147
5,3,cpu_base,821,143
5,3,cpu_base,822,142
5,3,cpu_base,823,163
5,3,cpu_base,824,149
5,3,cpu_base,825,141
5,3,cpu_base,826,154
5,3,cpu_base,827,141
5,3,cpu_base,828,142
5,3,cpu_base,829,141
5,3,cpu_base,830,244
5,3,cpu_base,831,192
5,3,cpu_base,832,236
5,3,cpu_base,833,197
5,3,cpu_base,834,188
5,3,cpu_base,835,196
5,3,cpu_base,836,145
5,3,cpu_base,837,144
5,3,cpu_base,838,142
5,3,cpu_base,839,167
5,3,cpu_base,840,142
5,3,cpu_base,841,145
5,3,cpu_base,842,150
5,3,cpu_base,843,155
5,3,cpu_base,844,145
5,3,cpu_base,845,145
5,3,cpu_base,846,161
5,3,cpu_base,847,151
5,3,cpu_base,848,146
5,3,cpu_base,849,154
5,3,cpu_base,850,142
5,3,cpu_base,851,143
5,3,cpu_base,852,141
5,3,cpu_base,853,159
5,3,cpu_base,854,142
5,3,cpu_base,855,155
5,3,cpu_base,856,157
5,3,cpu_base,857,142
5,3,cpu_base,858,147
5,3,cpu_base,859,142
5,3,cpu_base,860,162
5,3,cpu_base,861,143
5,3,cpu_base,862,142
5,3,cpu_base,863,154
5,3,cpu_base,864,142
5,3,cpu_base,865,141
5,3,cpu_base,866,142
5,3,cpu_base,867,155
5,3,cpu_base,868,143
5,3,cpu_base,869,149
5,3,cpu_base,870,149
5,3,cpu_base,871,150
5,3,cpu_base,872,146
5,3,cpu_base,873,142
5,3,cpu_base,874,159
5,3,cpu_base,875,144
5,3,cpu_base,876,142
5,3,cpu_base,877,151
5,3,cpu_base,878,145
5,3,cpu_base,879,141
5,3,cpu_base,880,141
5,3,cpu_base,881,145
5,3,cpu_base,882,149
5,3,cpu_base,883,141
5,3,cpu_base,884,142
5,3,cpu_base,885,150
5,3,cpu_base,886,140
5,3,cpu_base,887,158
5,3,cpu_base,888,155
5,3,cpu_base,889,142
5,3,cpu_base,890,142
5,3,cpu_base,891,140
5,3,cpu_base,892,141
5,3,cpu_base,893,140
5,3,cpu_base,894,140
5,3,cpu_base,895,173
5,3,cpu_base,896,148
5,3,cpu_base,897,141
5,3,cpu_base,898,145
5,3,cpu_base,899,146
5,3,cpu_base,900,142
5,3,cpu_base,901,148
5,3,cpu_base,902,148
5,3,cpu_base,903,142
5,3,cpu_base,904,141
5,3,cpu_base,905,141
5,3,cpu_base,906,142
5,3,cpu_base,907,141
5,3,cpu_base,908,141
5,3,cpu_base,909,148
5,3,cpu_base,910,149
5,3,cpu_base,911,143
5,3,cpu_base,912,143
5,3,cpu_base,913,150
5,3,cpu_base,914,141
5,3,cpu_base,915,144
5,3,cpu_base,916,145
5,3,cpu_base,917,140
5,3,cpu_base,918,141
5,3,cpu_base,919,141
5,3,cpu_base,920,141
5,3,cpu_base,921,141
5,3,cpu_base,922,142
5,3,cpu_base,923,142
5,3,cpu_base,924,144
5,3,cpu_base,925,143
5,3,cpu_base,926,144
5,3,cpu_base,927,145
5,3,cpu_base,928,141
5,3,cpu_base,929,151
5,3,cpu_base,930,144
5,3,cpu_base,931,142
5,3,cpu_base,932,140
5,3,cpu_base,933,141
5,3,cpu_base,934,141
5,3,cpu_base,935,141
5,3,cpu_base,936,214
5,3,cpu_base,937,197
5,3,cpu_base,938,144
5,3,cpu_base,939,157
5,3,cpu_base,940,160
5,3,cpu_base,941,166
5,3,cpu_base,942,157
5,3,cpu_base,943,144
5,3,cpu_base,944,143
5,3,cpu_base,945,143
5,3,cpu_base,946,143
5,3,cpu_base,947,163
5,3,cpu_base,948,153
5,3,cpu_base,949,142
5,3,cpu_base,950,149
5,3,cpu_base,951,164
5,3,cpu_base,952,144
5,3,cpu_base,953,171
5,3,cpu_base,954,157
5,3,cpu_base,955,155
5,3,cpu_base,956,142
5,3,cpu_base,957,145
5,3,cpu_base,958,155
5,3,cpu_base,959,149
5,3,cpu_base,960,144
5,3,cpu_base,961,150
5,3,cpu_base,962,146
5,3,cpu_base,963,170
5,3,cpu_base,964,172
5,3,cpu_base,965,154
5,3,cpu_base,966,142
5,3,cpu_base,967,143
5,3,cpu_base,968,151
5,3,cpu_base,969,142
5,3,cpu_base,970,142
5,3,cpu_base,971,143
5,3,cpu_base,972,159
5,3,cpu_base,973,146
5,3,cpu_base,974,175
5,3,cpu_base,975,147
5,3,cpu_base,976,171
5,3,cpu_base,977,160
5,3,cpu_base,978,143
5,3,cpu_base,979,142
5,3,cpu_base,980,142
5,3,cpu_base,981,150
5,3,cpu_base,982,142
5,3,cpu_base,983,143
5,3,cpu_base,984,162
5,3,cpu_base,985,144
5,3,cpu_base,986,164
5,3,cpu_base,987,162
5,3,cpu_base,988,172
5,3,cpu_base,989,148
5,3,cpu_base,990,150
5,3,cpu_base,991,150
5,3,cpu_base,992,142
5,3,cpu_base,993,142
5,3,cpu_base,994,144
5,3,cpu_base,995,147
5,3,cpu_base,996,145
5,3,cpu_base,997,164
5,3,cpu_base,998,183
5,3,cpu_base,999,166
5,3,serial,0,459
5,3,serial,1,458
5,3,serial,2,456
5,3,serial,3,465
5,3,serial,4,463
5,3,serial,5,456
5,3,serial,6,471
5,3,serial,7,480
5,3,serial,8,455
5,3,serial,9,445
5,3,serial,10,455
5,3,serial,11,493
5,3,serial,12,513
5,3,serial,13,458
5,3,serial,14,493
5,3,serial,15,806
5,3,serial,16,497
5,3,serial,17,450
5,3,serial,18,460
5,3,serial,19,471
5,3,serial,20,450
5,3,serial,21,464
5,3,serial,22,452
5,3,serial,23,506
5,3,serial,24,451
5,3,serial,25,455
5,3,serial,26,444
5,3,serial,27,458
5,3,serial,28,460
5,3,serial,29,433
5,3,serial,30,458
5,3,serial,31,458
5,3,serial,32,468
5,3,serial,33,450
5,3,serial,34,447
5,3,serial,35,472
5,3,serial,36,465
5,3,serial,37,469
5,3,serial,38,472
5,3,serial,39,456
5,3,serial,40,447
5,3,serial,41,468
5,3,serial,42,454
5,3,serial,43,474
5,3,serial,44,612
5,3,serial,45,518
5,3,serial,46,518
5,3,serial,47,470
5,3,serial,48,460
5,3,serial,49,515
5,3,serial,50,466
5,3,serial,51,451
5,3,serial,52,493
5,3,serial,53,489
5,3,serial,54,468
5,3,serial,55,513
5,3,serial,56,465
5,3,serial,57,466
5,3,serial,58,459
5,3,serial,59,453
5,3,serial,60,465
5,3,serial,61,463
5,3,serial,62,464
5,3,serial,63,460
5,3,serial,64,461
5,3,serial,65,468
5,3,serial,66,455
5,3,serial,67,472
5,3,serial,68,458
5,3,serial,69,471
5,3,serial,70,458
5,3,serial,71,465
5,3,serial,72,453
5,3,serial,73,462
5,3,serial,74,460
5,3,serial,75,460
5,3,serial,76,470
5,3,serial,77,495
5,3,serial,78,477
5,3,serial,79,467
5,3,serial,80,470
5,3,serial,81,462
5,3,serial,82,462
5,3,serial,83,488
5,3,serial,84,476
5,3,serial,85,473
5,3,serial,86,453
5,3,serial,87,459
5,3,serial,88,525
5,3,serial,89,752
5,3,serial,90,591
5,3,serial,91,615
5,3,serial,92,717
5,3,serial,93,760
5,3,serial,94,1434
5,3,serial,95,18484
5,3,serial,96,1107
5,3,serial,97,624
5,3,serial,98,595
5,3,serial,99,533
5,3,serial,100,532
5,3,serial,101,536
5,3,serial,102,522
5,3,serial,103,513
5,3,serial,104,579
5,3,serial,105,639
5,3,serial,106,700
5,3,serial,107,711
5,3,serial,108,618
5,3,serial,109,630
5,3,serial,110,527
5,3,serial,111,657
5,3,serial,112,670
5,3,serial,113,862
5,3,serial,114,587
5,3,serial,115,520
5,3,serial,116,493
5,3,serial,117,508
5,3,serial,118,545
5,3,serial,119,563
5,3,serial,120,533
5,3,serial,121,825
5,3,serial,122,776
5,3,serial,123,1141
5,3,serial,124,747
5,3,serial,125,591
5,3,serial,126,510
5,3,serial,127,535
5,3,serial,128,492
5,3,serial,129,501
5,3,serial,130,472
5,3,serial,131,487
5,3,serial,132,489
5,3,serial,133,483
5,3,serial,134,511
5,3,serial,135,541
5,3,serial,136,561
5,3,serial,137,514
5,3,serial,138,657
5,3,serial,139,647
5,3,serial,140,549
5,3,serial,141,510
5,3,serial,142,478
5,3,serial,143,504
5,3,serial,144,433
5,3,serial,145,438
5,3,serial,146,453
5,3,serial,147,445
5,3,serial,148,466
5,3,serial,149,527
5,3,serial,150,601
5,3,serial,151,657
5,3,serial,152,606
5,3,serial,153,606
5,3,serial,154,634
5,3,serial,155,656
5,3,serial,156,708
5,3,serial,157,651
5,3,serial,158,646
5,3,serial,159,630
5,3,serial,160,588
5,3,serial,161,539
5,3,serial,162,489
5,3,serial,163,514
5,3,serial,164,592
5,3,serial,165,617
5,3,serial,166,564
5,3,serial,167,548
5,3,serial,168,474
5,3,serial,169,479
5,3,serial,170,491
5,3,serial,171,572
5,3,serial,172,473
5,3,serial,173,466
5,3,serial,174,455
5,3,serial,175,831
5,3,serial,176,782
5,3,serial,177,635
5,3,serial,178,663
5,3,serial,179,959
5,3,serial,180,641
5,3,serial,181,957
5,3,serial,182,589
5,3,serial,183,853
5,3,serial,184,540
5,3,serial,185,515
5,3,serial,186,575
5,3,serial,187,527
5,3,serial,188,548
5,3,serial,189,924
5,3,serial,190,884
5,3,serial,191,812
5,3,serial,192,944
5,3,serial,193,853
5,3,serial,194,537
5,3,serial,195,877
5,3,serial,196,856
5,3,serial,197,699
5,3,serial,198,516
5,3,serial,199,547
5,3,serial,200,542
5,3,serial,201,538
5,3,serial,202,634
5,3,serial,203,825
5,3,serial,204,479
5,3,serial,205,502
5,3,serial,206,532
5,3,serial,207,554
5,3,serial,208,584
5,3,serial,209,590
5,3,serial,210,533
5,3,serial,211,515
5,3,serial,212,502
5,3,serial,213,499
5,3,serial,214,566
5,3,serial,215,590
5,3,serial,216,546
5,3,serial,217,546
5,3,serial,218,534
5,3,serial,219,509
5,3,serial,220,611
5,3,serial,221,531
5,3,serial,222,529
5,3,serial,223,589
5,3,serial,224,568
5,3,serial,225,651
5,3,serial,226,641
5,3,serial,227,632
5,3,serial,228,663
5,3,serial,229,611
5,3,serial,230,734
5,3,serial,231,730
5,3,serial,232,518
5,3,serial,233,527
5,3,serial,234,540
5,3,serial,235,493
5,3,serial,236,485
5,3,serial,237,528
5,3,serial,238,541
5,3,serial,239,501
5,3,serial,240,551
5,3,serial,241,570
5,3,serial,242,537
5,3,serial,243,776
5,3,serial,244,535
5,3,serial,245,812
5,3,serial,246,804
5,3,serial,247,542
5,3,serial,248,826
5,3,serial,249,916
5,3,serial,250,986
5,3,serial,251,578
5,3,serial,252,534
5,3,serial,253,611
5,3,serial,254,683
5,3,serial,255,615
5,3,serial,256,609
5,3,serial,257,589
5,3,serial,258,755
5,3,serial,259,558
5,3,serial,260,494
5,3,serial,261,574
5,3,serial,262,616
5,3,serial,263,529
5,3,serial,264,525
5,3,serial,265,495
5,3,serial,266,537
5,3,serial,267,514
5,3,serial,268,610
5,3,serial,269,478
5,3,serial,270,496
5,3,serial,271,543
5,3,serial,272,544
5,3,serial,273,464
5,3,serial,274,471
5,3,serial,275,533
5,3,serial,276,585
5,3,serial,277,478
5,3,serial,278,525
5,3,serial,279,592
5,3,serial,280,1021
5,3,serial,281,674
5,3,serial,282,678
5,3,serial,283,582
5,3,serial,284,594
5,3,serial,285,655
5,3,serial,286,535
5,3,serial,287,681
5,3,serial,288,609
5,3,serial,289,567
5,3,serial,290,587
5,3,serial,291,550
5,3,serial,292,590
5,3,serial,293,536
5,3,serial,294,559
5,3,serial,295,616
5,3,serial,296,556
5,3,serial,297,572
5,3,serial,298,520
5,3,serial,299,514
5,3,serial,300,519
5,3,serial,301,688
5,3,serial,302,597
5,3,serial,303,941
5,3,serial,304,846
5,3,serial,305,830
5,3,serial,306,539
5,3,serial,307,546
5,3,serial,308,484
5,3,serial,309,526
5,3,serial,310,530
5,3,serial,311,501
5,3,serial,312,506
5,3,serial,313,486
5,3,serial,314,459
5,3,serial,315,483
5,3,serial,316,505
5,3,serial,317,769
5,3,serial,318,615
5,3,serial,319,493
5,3,serial,320,502
5,3,serial,321,552
5,3,serial,322,490
5,3,serial,323,508
5,3,serial,324,531
5,3,serial,325,518
5,3,serial,326,484
5,3,serial,327,565
5,3,serial,328,796
5,3,serial,329,874
5,3,serial,330,861
5,3,serial,331,531
5,3,serial,332,608
5,3,serial,333,557
5,3,serial,334,550
5,3,serial,335,550
5,3,serial,336,517
5,3,serial,337,519
5,3,serial,338,522
5,3,serial,339,594
5,3,serial,340,603
5,3,serial,341,532
5,3,serial,342,509
5,3,serial,343,593
5,3,serial,344,591
5,3,serial,345,536
5,3,serial,346,557
5,3,serial,347,585
5,3,serial,348,637
5,3,serial,349,811
5,3,serial,350,707
5,3,serial,351,951
5,3,serial,352,598
5,3,serial,353,876
5,3,serial,354,837
5,3,serial,355,619
5,3,serial,356,531
5,3,serial,357,603
5,3,serial,358,703
5,3,serial,359,762
5,3,serial,360,844
5,3,serial,361,528
5,3,serial,362,529
5,3,serial,363,468
5,3,serial,364,485
5,3,serial,365,509
5,3,serial,366,599
5,3,serial,367,872
5,3,serial,368,559
5,3,serial,369,536
5,3,serial,370,557
5,3,serial,371,523
5,3,serial,372,537
5,3,serial,373,527
5,3,serial,374,516
5,3,serial,375,481
5,3,serial,376,596
5,3,serial,377,785
5,3,serial,378,523
5,3,serial,379,527
5,3,serial,380,527
5,3,serial,381,516
5,3,serial,382,542
5,3,serial,383,560
5,3,serial,384,504
5,3,serial,385,591
5,3,serial,386,530
5,3,serial,387,522
5,3,serial,388,849
5,3,serial,389,505
5,3,serial,390,560
5,3,serial,391,513
5,3,serial,392,543
5,3,serial,393,514
5,3,serial,394,528
5,3,serial,395,487
5,3,serial,396,525
5,3,serial,397,593
5,3,serial,398,542
5,3,serial,399,884
5,3,serial,400,574
5,3,serial,401,644
5,3,serial,402,871
5,3,serial,403,547
5,3,serial,404,650
5,3,serial,405,828
5,3,serial,406,500
5,3,serial,407,485
5,3,serial,408,535
5,3,serial,409,530
5,3,serial,410,549
5,3,serial,411,565
5,3,serial,412,572
5,3,serial,413,602
5,3,serial,414,864
5,3,serial,415,878
5,3,serial,416,569
5,3,serial,417,556
5,3,serial,418,600
5,3,serial,419,888
5,3,serial,420,543
5,3,serial,421,798
5,3,serial,422,487
5,3,serial,423,460
5,3,serial,424,446
5,3,serial,425,474
5,3,serial,426,446
5,3,serial,427,434
5,3,serial,428,452
5,3,serial,429,481
5,3,serial,430,469
5,3,serial,431,463
5,3,serial,432,478
5,3,serial,433,458
5,3,serial,434,462
5,3,serial,435,492
5,3,serial,436,461
5,3,serial,437,461
5,3,serial,438,469
5,3,serial,439,606
5,3,serial,440,598
5,3,serial,441,489
5,3,serial,442,560
5,3,serial,443,551
5,3,serial,444,463
5,3,serial,445,458
5,3,serial,446,446
5,3,serial,447,477
5,3,serial,448,464
5,3,serial,449,439
5,3,serial,450,446
5,3,serial,451,444
5,3,serial,452,434
5,3,serial,453,430
5,3,serial,454,426
5,3,serial,455,437
5,3,serial,456,447
5,3,serial,457,419
5,3,serial,458,424
5,3,serial,459,413
5,3,serial,460,403
5,3,serial,461,412
5,3,serial,462,437
5,3,serial,463,404
5,3,serial,464,429
5,3,serial,465,443
5,3,serial,466,419
5,3,serial,467,415
5,3,serial,468,415
5,3,serial,469,412
5,3,serial,470,405
5,3,serial,471,488
5,3,serial,472,406
5,3,serial,473,399
5,3,serial,474,568
5,3,serial,475,572
5,3,serial,476,514
5,3,serial,477,527
5,3,serial,478,519
5,3,serial,479,511
5,3,serial,480,562
5,3,serial,481,568
5,3,serial,482,548
5,3,serial,483,575
5,3,serial,484,513
5,3,serial,485,543
5,3,serial,486,537
5,3,serial,487,500
5,3,serial,488,516
5,3,serial,489,555
5,3,serial,490,562
5,3,serial,491,546
5,3,serial,492,570
5,3,serial,493,558
5,3,serial,494,552
5,3,serial,495,540
5,3,serial,496,555
5,3,serial,497,542
5,3,serial,498,519
5,3,serial,499,518
5,3,serial,500,450
5,3,serial,501,445
5,3,serial,502,605
5,3,serial,503,516
5,3,serial,504,691
5,3,serial,505,522
5,3,serial,506,465
5,3,serial,507,464
5,3,serial,508,464
5,3,serial,509,461
5,3,serial,510,459
5,3,serial,511,463
5,3,serial,512,457
5,3,serial,513,460
5,3,serial,514,460
5,3,serial,515,483
5,3,serial,516,457
5,3,serial,517,466
5,3,serial,518,458
5,3,serial,519,463
5,3,serial,520,455
5,3,serial,521,460
5,3,serial,522,461
5,3,serial,523,470
5,3,serial,524,461
5,3,serial,525,472
5,3,serial,526,455
5,3,serial,527,456
5,3,serial,528,463
5,3,serial,529,462
5,3,serial,530,496
5,3,serial,531,456
5,3,serial,532,486
5,3,serial,533,479
5,3,serial,534,533
5,3,serial,535,554
5,3,serial,536,506
5,3,serial,537,483
5,3,serial,538,500
5,3,serial,539,465
5,3,serial,540,473
5,3,serial,541,471
5,3,serial,542,472
5,3,serial,543,462
5,3,serial,544,460
5,3,serial,545,461
5,3,serial,546,457
5,3,serial,547,456
5,3,serial,548,469
5,3,serial,549,470
5,3,serial,550,471
5,3,serial,551,456
5,3,serial,552,456
5,3,serial,553,492
5,3,serial,554,454
5,3,serial,555,483
5,3,serial,556,467
5,3,serial,557,464
5,3,serial,558,475
5,3,serial,559,471
5,3,serial,560,478
5,3,serial,561,461
5,3,serial,562,470
5,3,serial,563,455
5,3,serial,564,453
5,3,serial,565,459
5,3,serial,566,470
5,3,serial,567,457
5,3,serial,568,537
5,3,serial,569,465
5,3,serial,570,467
5,3,serial,571,456
5,3,serial,572,461
5,3,serial,573,457
5,3,serial,574,454
5,3,serial,575,450
5,3,serial,576,462
5,3,serial,577,454
5,3,serial,578,455
5,3,serial,579,454
5,3,serial,580,465
5,3,serial,581,456
5,3,serial,582,461
5,3,serial,583,461
5,3,serial,584,464
5,3,serial,585,463
5,3,serial,586,466
5,3,serial,587,462
5,3,serial,588,456
5,3,serial,589,453
5,3,serial,590,457
5,3,serial,591,453
5,3,serial,592,456
5,3,serial,593,467
5,3,serial,594,450
5,3,serial,595,461
5,3,serial,596,463
5,3,serial,597,482
5,3,serial,598,454
5,3,serial,599,458
5,3,serial,600,456
5,3,serial,601,458
5,3,serial,602,556
5,3,serial,603,464
5,3,serial,604,457
5,3,serial,605,452
5,3,serial,606,452
5,3,serial,607,458
5,3,serial,608,460
5,3,serial,609,461
5,3,serial,610,454
5,3,serial,611,449
5,3,serial,612,453
5,3,serial,613,452
5,3,serial,614,461
5,3,serial,615,456
5,3,serial,616,452
5,3,serial,617,479
5,3,serial,618,464
5,3,serial,619,454
5,3,serial,620,458
5,3,serial,621,458
5,3,serial,622,464
5,3,serial,623,451
5,3,serial,624,453
5,3,serial,625,459
5,3,serial,626,455
5,3,serial,627,461
5,3,serial,628,454
5,3,serial,629,453
5,3,serial,630,456
5,3,serial,631,459
5,3,serial,632,463
5,3,serial,633,451
5,3,serial,634,559
5,3,serial,635,552
5,3,serial,636,521
5,3,serial,637,588
5,3,serial,638,852
5,3,serial,639,581
5,3,serial,640,507
5,3,serial,641,534
5,3,serial,642,562
5,3,serial,643,507
5,3,serial,644,513
5,3,serial,645,506
5,3,serial,646,484
5,3,serial,647,478
5,3,serial,648,598
5,3,serial,649,805
5,3,serial,650,516
5,3,serial,651,583
5,3,serial,652,497
5,3,serial,653,534
5,3,serial,654,501
5,3,serial,655,503
5,3,serial,656,483
5,3,serial,657,508
5,3,serial,658,485
5,3,serial,659,488
5,3,serial,660,485
5,3,serial,661,504
5,3,serial,662,501
5,3,serial,663,524
5,3,serial,664,509
5,3,serial,665,597
5,3,serial,666,810
5,3,serial,667,525
5,3,serial,668,609
5,3,serial,669,625
5,3,serial,670,498
5,3,serial,671,470
5,3,serial,672,489
5,3,serial,673,477
5,3,serial,674,519
5,3,serial,675,475
5,3,serial,676,472
5,3,serial,677,469
5,3,serial,678,476
5,3,serial,679,482
5,3,serial,680,496
5,3,serial,681,475
5,3,serial,682,486
5,3,serial,683,474
5,3,serial,684,488
5,3,serial,685,484
5,3,serial,686,471
5,3,serial,687,470
5,3,serial,688,471
5,3,serial,689,476
5,3,serial,690,473
5,3,serial,691,470
5,3,serial,692,474
5,3,serial,693,593
5,3,serial,694,572
5,3,serial,695,561
5,3,serial,696,561
5,3,serial,697,544
5,3,serial,698,580
5,3,serial,699,546
5,3,serial,700,588
5,3,serial,701,561
5,3,serial,702,528
5,3,serial,703,685
5,3,serial,704,517
5,3,serial,705,530
5,3,serial,706,628
5,3,serial,707,528
5,3,serial,708,526
5,3,serial,709,510
5,3,serial,710,511
5,3,serial,711,497
5,3,serial,712,504
5,3,serial,713,495
5,3,serial,714,553
5,3,serial,715,582
5,3,serial,716,488
5,3,serial,717,507
5,3,serial,718,519
5,3,serial,719,511
5,3,serial,720,493
5,3,serial,721,498
5,3,serial,722,507
5,3,serial,723,556
5,3,serial,724,565
5,3,serial,725,569
5,3,serial,726,558
5,3,serial,727,536
5,3,serial,728,489
5,3,serial,729,492
5,3,serial,730,474
5,3,serial,731,521
5,3,serial,732,568
5,3,serial,733,540
5,3,serial,734,520
5,3,serial,735,536
5,3,serial,736,535
5,3,serial,737,520
5,3,serial,738,518
5,3,serial,739,514
5,3,serial,740,526
5,3,serial,741,514
5,3,serial,742,510
5,3,serial,743,512
5,3,serial,744,512
5,3,serial,745,512
5,3,serial,746,527
5,3,serial,747,521
5,3,serial,748,523
5,3,serial,749,513
5,3,serial,750,508
5,3,serial,751,620
5,3,serial,752,489
5,3,serial,753,468
5,3,serial,754,457
5,3,serial,755,462
5,3,serial,756,454
5,3,serial,757,461
5,3,serial,758,455
5,3,serial,759,463
5,3,serial,760,474
5,3,serial,761,464
5,3,serial,762,460
5,3,serial,763,459
5,3,serial,764,467
5,3,serial,765,470
5,3,serial,766,452
5,3,serial,767,464
5,3,serial,768,551
5,3,serial,769,815
5,3,serial,770,647
5,3,serial,771,677
5,3,serial,772,862
5,3,serial,773,658
5,3,serial,774,522
5,3,serial,775,486
5,3,serial,776,504
5,3,serial,777,555
5,3,serial,778,545
5,3,serial,779,641
5,3,serial,780,624
5,3,serial,781,930
5,3,serial,782,664
5,3,serial,783,632
5,3,serial,784,575
5,3,serial,785,538
5,3,serial,786,680
5,3,serial,787,1765
5,3,serial,788,1290
5,3,serial,789,818
5,3,serial,790,567
5,3,serial,791,629
5,3,serial,792,592
5,3,serial,793,575
5,3,serial,794,584
5,3,serial,795,604
5,3,serial,796,813
5,3,serial,797,584
5,3,serial,798,603
5,3,serial,799,546
5,3,serial,800,521
5,3,serial,801,608
5,3,serial,802,598
5,3,serial,803,562
5,3,serial,804,524
5,3,serial,805,515
5,3,serial,806,522
5,3,serial,807,514
5,3,serial,808,591
5,3,serial,809,1046
5,3,serial,810,854
5,3,serial,811,750
5,3,serial,812,751
5,3,serial,813,767
5,3,serial,814,761
5,3,serial,815,761
5,3,serial,816,750
5,3,serial,817,752
5,3,serial,818,766
5,3,serial,819,751
5,3,serial,820,754
5,3,serial,821,749
5,3,serial,822,812
5,3,serial,823,591
5,3,serial,824,544
5,3,serial,825,606
5,3,serial,826,578
5,3,serial,827,553
5,3,serial,828,524
5,3,serial,829,529
5,3,serial,830,537
5,3,serial,831,474
5,3,serial,832,523
5,3,serial,833,509
5,3,serial,834,533
5,3,serial,835,512
5,3,serial,836,495
5,3,serial,837,528
5,3,serial,838,615
5,3,serial,839,559
5,3,serial,840,664
5,3,serial,841,765
5,3,serial,842,496
5,3,serial,843,492
5,3,serial,844,481
5,3,serial,845,470
5,3,serial,846,475
5,3,serial,847,470
5,3,serial,848,478
5,3,serial,849,505
5,3,serial,850,484
5,3,serial,851,482
5,3,serial,852,656
5,3,serial,853,543
5,3,serial,854,508
5,3,serial,855,562
5,3,serial,856,508
5,3,serial,857,511
5,3,serial,858,499
5,3,serial,859,525
5,3,serial,860,508
5,3,serial,861,509
5,3,serial,862,512
5,3,serial,863,513
5,3,serial,864,506
5,3,serial,865,510
5,3,serial,866,506
5,3,serial,867,510
5,3,serial,868,504
5,3,serial,869,520
5,3,serial,870,499
5,3,serial,871,516
5,3,serial,872,517
5,3,serial,873,519
5,3,serial,874,509
5,3,serial,875,507
5,3,serial,876,519
5,3,serial,877,513
5,3,serial,878,534
5,3,serial,879,520
5,3,serial,880,511
5,3,serial,881,741
5,3,serial,882,496
5,3,serial,883,573
5,3,serial,884,576
5,3,serial,885,558
5,3,serial,886,566
5,3,serial,887,541
5,3,serial,888,546
5,3,serial,889,530
5,3,serial,890,534
5,3,serial,891,496
5,3,serial,892,530
5,3,serial,893,530
5,3,serial,894,541
5,3,serial,895,526
5,3,serial,896,562
5,3,serial,897,531
5,3,serial,898,489
5,3,serial,899,525
5,3,serial,900,560
5,3,serial,901,566
5,3,serial,902,564
5,3,serial,903,551
5,3,serial,904,783
5,3,serial,905,758
5,3,serial,906,752
5,3,serial,907,757
5,3,serial,908,751
5,3,serial,909,872
5,3,serial,910,674
5,3,serial,911,935
5,3,serial,912,1297
5,3,serial,913,913
5,3,serial,914,704
5,3,serial,915,837
5,3,serial,916,715
5,3,serial,917,629
5,3,serial,918,623
5,3,serial,919,588
5,3,serial,920,646
5,3,serial,921,585
5,3,serial,922,628
5,3,serial,923,597
5,3,serial,924,552
5,3,serial,925,604
5,3,serial,926,557
5,3,serial,927,630
5,3,serial,928,912
5,3,serial,929,673
5,3,serial,930,598
5,3,serial,931,642
5,3,serial,932,3429
5,3,serial,933,5745
5,3,serial,934,845
5,3,serial,935,763
5,3,serial,936,757
5,3,serial,937,928
5,3,serial,938,828
5,3,serial,939,827
5,3,serial,940,3418
5,3,serial,941,14524
5,3,serial,942,1196
5,3,serial,943,902
5,3,serial,944,753
5,3,serial,945,734
5,3,serial,946,920
5,3,serial,947,589
5,3,serial,948,590
5,3,serial,949,627
5,3,serial,950,882
5,3,serial,951,527
5,3,serial,952,559
5,3,serial,953,553
5,3,serial,954,541
5,3,serial,955,580
5,3,serial,956,550
5,3,serial,957,506
5,3,serial,958,540
5,3,serial,959,652
5,3,serial,960,610
5,3,serial,961,687
5,3,serial,962,512
5,3,serial,963,862
5,3,serial,964,571
5,3,serial,965,593
5,3,serial,966,563
5,3,serial,967,583
5,3,serial,968,600
5,3,serial,969,580
5,3,serial,970,650
5,3,serial,971,661
5,3,serial,972,670
5,3,serial,973,613
5,3,serial,974,699
5,3,serial,975,689
5,3,serial,976,640
5,3,serial,977,660
5,3,serial,978,697
5,3,serial,979,698
5,3,serial,980,711
5,3,serial,981,640
5,3,serial,982,633
5,3,serial,983,584
5,3,serial,984,606
5,3,serial,985,547
5,3,serial,986,548
5,3,serial,987,507
5,3,serial,988,668
5,3,serial,989,603
5,3,serial,990,537
5,3,serial,991,574
5,3,serial,992,585
5,3,serial,993,548
5,3,serial,994,558
5,3,serial,995,601
5,3,serial,996,585
5,3,serial,997,545
5,3,serial,998,536
5,3,serial,999,550
5,3,concurrent,0,580
5,3,concurrent,1,541
5,3,concurrent,2,584
5,3,concurrent,3,579
5,3,concurrent,4,569
5,3,concurrent,5,485
5,3,concurrent,6,566
5,3,concurrent,7,566
5,3,concurrent,8,537
5,3,concurrent,9,570
5,3,concurrent,10,588
5,3,concurrent,11,608
5,3,concurrent,12,493
5,3,concurrent,13,647
5,3,concurrent,14,601
5,3,concurrent,15,557
5,3,concurrent,16,617
5,3,concurrent,17,550
5,3,concurrent,18,810
5,3,concurrent,19,757
5,3,concurrent,20,579
5,3,concurrent,21,672
5,3,concurrent,22,615
5,3,concurrent,23,558
5,3,concurrent,24,544
5,3,concurrent,25,467
5,3,concurrent,26,436
5,3,concurrent,27,473
5,3,concurrent,28,407
5,3,concurrent,29,395
5,3,concurrent,30,446
5,3,concurrent,31,442
5,3,concurrent,32,490
5,3,concurrent,33,469
5,3,concurrent,34,527
5,3,concurrent,35,429
5,3,concurrent,36,417
5,3,concurrent,37,472
5,3,concurrent,38,410
5,3,concurrent,39,575
5,3,concurrent,40,418
5,3,concurrent,41,496
5,3,concurrent,42,506
5,3,concurrent,43,531
5,3,concurrent,44,532
5,3,concurrent,45,586
5,3,concurrent,46,537
5,3,concurrent,47,419
5,3,concurrent,48,443
5,3,concurrent,49,412
5,3,concurrent,50,397
5,3,concurrent,51,381
5,3,concurrent,52,374
5,3,concurrent,53,370
5,3,concurrent,54,418
5,3,concurrent,55,375
5,3,concurrent,56,393
5,3,concurrent,57,428
5,3,concurrent,58,394
5,3,concurrent,59,442
5,3,concurrent,60,416
5,3,concurrent,61,431
5,3,concurrent,62,383
5,3,concurrent,63,421
5,3,concurrent,64,381
5,3,concurrent,65,422
5,3,concurrent,66,404
5,3,concurrent,67,427
5,3,concurrent,68,380
5,3,concurrent,69,372
5,3,concurrent,70,377
5,3,concurrent,71,384
5,3,concurrent,72,373
5,3,concurrent,73,399
5,3,concurrent,74,398
5,3,concurrent,75,372
5,3,concurrent,76,453
5,3,concurrent,77,475
5,3,concurrent,78,438
5,3,concurrent,79,420
5,3,concurrent,80,456
5,3,concurrent,81,494
5,3,concurrent,82,505
5,3,concurrent,83,449
5,3,concurrent,84,480
5,3,concurrent,85,481
5,3,concurrent,86,483
5,3,concurrent,87,451
5,3,concurrent,88,471
5,3,concurrent,89,457
5,3,concurrent,90,452
5,3,concurrent,91,452
5,3,concurrent,92,449
5,3,concurrent,93,447
5,3,concurrent,94,448
5,3,concurrent,95,469
5,3,concurrent,96,456
5,3,concurrent,97,447
5,3,concurrent,98,501
5,3,concurrent,99,458
5,3,concurrent,100,473
5,3,concurrent,101,464
5,3,concurrent,102,455
5,3,concurrent,103,424
5,3,concurrent,104,790
5,3,concurrent,105,454
5,3,concurrent,106,443
5,3,concurrent,107,440
5,3,concurrent,108,449
5,3,concurrent,109,474
5,3,concurrent,110,535
5,3,concurrent,111,398
5,3,concurrent,112,432
5,3,concurrent,113,497
5,3,concurrent,114,480
5,3,concurrent,115,471
5,3,concurrent,116,468
5,3,concurrent,117,447
5,3,concurrent,118,459
5,3,concurrent,119,448
5,3,concurrent,120,459
5,3,concurrent,121,473
5,3,concurrent,122,481
5,3,concurrent,123,457
5,3,concurrent,124,475
5,3,concurrent,125,455
5,3,concurrent,126,439
5,3,concurrent,127,450
5,3,concurrent,128,446
5,3,concurrent,129,444
5,3,concurrent,130,456
5,3,concurrent,131,509
5,3,concurrent,132,446
5,3,concurrent,133,482
5,3,concurrent,134,448
5,3,concurrent,135,461
5,3,concurrent,136,494
5,3,concurrent,137,452
5,3,concurrent,138,457
5,3,concurrent,139,447
5,3,concurrent,140,443
5,3,concurrent,141,448
5,3,concurrent,142,527
5,3,concurrent,143,475
5,3,concurrent,144,496
5,3,concurrent,145,451
5,3,concurrent,146,476
5,3,concurrent,147,448
5,3,concurrent,148,448
5,3,concurrent,149,447
5,3,concurrent,150,480
5,3,concurrent,151,448
5,3,concurrent,152,458
5,3,concurrent,153,455
5,3,concurrent,154,455
5,3,concurrent,155,443
5,3,concurrent,156,447
5,3,concurrent,157,446
5,3,concurrent,158,474
5,3,concurrent,159,446
5,3,concurrent,160,497
5,3,concurrent,161,454
5,3,concurrent,162,475
5,3,concurrent,163,458
5,3,concurrent,164,473
5,3,concurrent,165,489
5,3,concurrent,166,479
5,3,concurrent,167,455
5,3,concurrent,168,449
5,3,concurrent,169,446
5,3,concurrent,170,462
5,3,concurrent,171,468
5,3,concurrent,172,446
5,3,concurrent,173,461
5,3,concurrent,174,474
5,3,concurrent,175,450
5,3,concurrent,176,728
5,3,concurrent,177,864
5,3,concurrent,178,842
5,3,concurrent,179,817
5,3,concurrent,180,827
5,3,concurrent,181,782
5,3,concurrent,182,778
5,3,concurrent,183,807
5,3,concurrent,184,832
5,3,concurrent,185,813
5,3,concurrent,186,795
5,3,concurrent,187,809
5,3,concurrent,188,814
5,3,concurrent,189,814
5,3,concurrent,190,826
5,3,concurrent,191,803
5,3,concurrent,192,812
5,3,concurrent,193,789
5,3,concurrent,194,844
5,3,concurrent,195,810
5,3,concurrent,196,594
5,3,concurrent,197,494
5,3,concurrent,198,461
5,3,concurrent,199,595
5,3,concurrent,200,492
5,3,concurrent,201,481
5,3,concurrent,202,457
5,3,concurrent,203,458
5,3,concurrent,204,451
5,3,concurrent,205,426
5,3,concurrent,206,450
5,3,concurrent,207,498
5,3,concurrent,208,554
5,3,concurrent,209,509
5,3,concurrent,210,516
5,3,concurrent,211,517
5,3,concurrent,212,532
5,3,concurrent,213,446
5,3,concurrent,214,504
5,3,concurrent,215,578
5,3,concurrent,216,438
5,3,concurrent,217,395
5,3,concurrent,218,490
5,3,concurrent,219,458
5,3,concurrent,220,522
5,3,concurrent,221,509
5,3,concurrent,222,496
5,3,concurrent,223,497
5,3,concurrent,224,571
5,3,concurrent,225,495
5,3,concurrent,226,800
5,3,concurrent,227,509
5,3,concurrent,228,555
5,3,concurrent,229,497
5,3,concurrent,230,590
5,3,concurrent,231,556
5,3,concurrent,232,557
5,3,concurrent,233,580
5,3,concurrent,234,562
5,3,concurrent,235,587
5,3,concurrent,236,502
5,3,concurrent,237,532
5,3,concurrent,238,565
5,3,concurrent,239,506
5,3,concurrent,240,532
5,3,concurrent,241,572
5,3,concurrent,242,571
5,3,concurrent,243,569
5,3,concurrent,244,563
5,3,concurrent,245,572
5,3,concurrent,246,555
5,3,concurrent,247,574
5,3,concurrent,248,558
5,3,concurrent,249,572
5,3,concurrent,250,567
5,3,concurrent,251,578
5,3,concurrent,252,577
5,3,concurrent,253,501
5,3,concurrent,254,511
5,3,concurrent,255,867
5,3,concurrent,256,515
5,3,concurrent,257,466
5,3,concurrent,258,481
5,3,concurrent,259,474
5,3,concurrent,260,489
5,3,concurrent,261,548
5,3,concurrent,262,678
5,3,concurrent,263,503
5,3,concurrent,264,507
5,3,concurrent,265,485
5,3,concurrent,266,493
5,3,concurrent,267,467
5,3,concurrent,268,486
5,3,concurrent,269,479
5,3,concurrent,270,508
5,3,concurrent,271,436
5,3,concurrent,272,488
5,3,concurrent,273,472
5,3,concurrent,274,475
5,3,concurrent,275,468
5,3,concurrent,276,529
5,3,concurrent,277,489
5,3,concurrent,278,475
5,3,concurrent,279,457
5,3,concurrent,280,468
5,3,concurrent,281,466
5,3,concurrent,282,440
5,3,concurrent,283,468
5,3,concurrent,284,443
5,3,concurrent,285,456
5,3,concurrent,286,519
5,3,concurrent,287,426
5,3,concurrent,288,483
5,3,concurrent,289,448
5,3,concurrent,290,469
5,3,concurrent,291,463
5,3,concurrent,292,485
5,3,concurrent,293,452
5,3,concurrent,294,455
5,3,concurrent,295,446
5,3,concurrent,296,424
5,3,concurrent,297,454
5,3,concurrent,298,429
5,3,concurrent,299,435
5,3,concurrent,300,452
5,3,concurrent,301,464
5,3,concurrent,302,452
5,3,concurrent,303,455
5,3,concurrent,304,441
5,3,concurrent,305,430
5,3,concurrent,306,429
5,3,concurrent,307,435
5,3,concurrent,308,449
5,3,concurrent,309,456
5,3,concurrent,310,485
5,3,concurrent,311,483
5,3,concurrent,312,466
5,3,concurrent,313,513
5,3,concurrent,314,484
5,3,concurrent,315,480
5,3,concurrent,316,462
5,3,concurrent,317,481
5,3,concurrent,318,471
5,3,concurrent,319,472
5,3,concurrent,320,546
5,3,concurrent,321,593
5,3,concurrent,322,535
5,3,concurrent,323,523
5,3,concurrent,324,525
5,3,concurrent,325,537
5,3,concurrent,326,681
5,3,concurrent,327,844
5,3,concurrent,328,818
5,3,concurrent,329,798
5,3,concurrent,330,813
5,3,concurrent,331,844
5,3,concurrent,332,824
5,3,concurrent,333,792
5,3,concurrent,334,819
5,3,concurrent,335,840
5,3,concurrent,336,587
5,3,concurrent,337,436
5,3,concurrent,338,450
5,3,concurrent,339,460
5,3,concurrent,340,473
5,3,concurrent,341,482
5,3,concurrent,342,455
5,3,concurrent,343,506
5,3,concurrent,344,594
5,3,concurrent,345,496
5,3,concurrent,346,548
5,3,concurrent,347,525
5,3,concurrent,348,500
5,3,concurrent,349,475
5,3,concurrent,350,461
5,3,concurrent,351,480
5,3,concurrent,352,518
5,3,concurrent,353,463
5,3,concurrent,354,471
5,3,concurrent,355,476
5,3,concurrent,356,499
5,3,concurrent,357,482
5,3,concurrent,358,557
5,3,concurrent,359,478
5,3,concurrent,360,450
5,3,concurrent,361,439
5,3,concurrent,362,477
5,3,concurrent,363,536
5,3,concurrent,364,510
5,3,concurrent,365,484
5,3,concurrent,366,490
5,3,concurrent,367,464
5,3,concurrent,368,461
5,3,concurrent,369,402
5,3,concurrent,370,506
5,3,concurrent,371,688
5,3,concurrent,372,572
5,3,concurrent,373,482
5,3,concurrent,374,441
5,3,concurrent,375,560
5,3,concurrent,376,514
5,3,concurrent,377,486
5,3,concurrent,378,480
5,3,concurrent,379,460
5,3,concurrent,380,499
5,3,concurrent,381,491
5,3,concurrent,382,462
5,3,concurrent,383,447
5,3,concurrent,384,456
5,3,concurrent,385,472
5,3,concurrent,386,449
5,3,concurrent,387,488
5,3,concurrent,388,468
5,3,concurrent,389,400
5,3,concurrent,390,433
5,3,concurrent,391,391
5,3,concurrent,392,435
5,3,concurrent,393,401
5,3,concurrent,394,408
5,3,concurrent,395,403
5,3,concurrent,396,424
5,3,concurrent,397,375
5,3,concurrent,398,382
5,3,concurrent,399,403
5,3,concurrent,400,407
5,3,concurrent,401,441
5,3,concurrent,402,437
5,3,concurrent,403,441
5,3,concurrent,404,445
5,3,concurrent,405,482
5,3,concurrent,406,468
5,3,concurrent,407,466
5,3,concurrent,408,527
5,3,concurrent,409,493
5,3,concurrent,410,422
5,3,concurrent,411,605
5,3,concurrent,412,518
5,3,concurrent,413,548
5,3,concurrent,414,494
5,3,concurrent,415,454
5,3,concurrent,416,451
5,3,concurrent,417,452
5,3,concurrent,418,494
5,3,concurrent,419,448
5,3,concurrent,420,453
5,3,concurrent,421,449
5,3,concurrent,422,460
5,3,concurrent,423,456
5,3,concurrent,424,444
5,3,concurrent,425,453
5,3,concurrent,426,471
5,3,concurrent,427,449
5,3,concurrent,428,479
5,3,concurrent,429,450
5,3,concurrent,430,453
5,3,concurrent,431,469
5,3,concurrent,432,474
5,3,concurrent,433,472
5,3,concurrent,434,471
5,3,concurrent,435,450
5,3,concurrent,436,459
5,3,concurrent,437,449
5,3,concurrent,438,449
5,3,concurrent,439,452
5,3,concurrent,440,449
5,3,concurrent,441,447
5,3,concurrent,442,480
5,3,concurrent,443,449
5,3,concurrent,444,544
5,3,concurrent,445,516
5,3,concurrent,446,480
5,3,concurrent,447,535
5,3,concurrent,448,488
5,3,concurrent,449,473
5,3,concurrent,450,522
5,3,concurrent,451,498
5,3,concurrent,452,487
5,3,concurrent,453,478
5,3,concurrent,454,495
5,3,concurrent,455,482
5,3,concurrent,456,522
5,3,concurrent,457,542
5,3,concurrent,458,550
5,3,concurrent,459,548
5,3,concurrent,460,527
5,3,concurrent,461,520
5,3,concurrent,462,456
5,3,concurrent,463,457
5,3,concurrent,464,451
5,3,concurrent,465,479
5,3,concurrent,466,479
5,3,concurrent,467,487
5,3,concurrent,468,488
5,3,concurrent,469,491
5,3,concurrent,470,493
5,3,concurrent,471,482
5,3,concurrent,472,466
5,3,concurrent,473,461
5,3,concurrent,474,553
5,3,concurrent,475,458
5,3,concurrent,476,492
5,3,concurrent,477,454
5,3,concurrent,478,488
5,3,concurrent,479,522
5,3,concurrent,480,698
5,3,concurrent,481,590
5,3,concurrent,482,448
5,3,concurrent,483,477
5,3,concurrent,484,465
5,3,concurrent,485,470
5,3,concurrent,486,477
5,3,concurrent,487,447
5,3,concurrent,488,469
5,3,concurrent,489,469
5,3,concurrent,490,459
5,3,concurrent,491,439
5,3,concurrent,492,444
5,3,concurrent,493,446
5,3,concurrent,494,440
5,3,concurrent,495,449
5,3,concurrent,496,448
5,3,concurrent,497,470
5,3,concurrent,498,476
5,3,concurrent,499,454
5,3,concurrent,500,464
5,3,concurrent,501,451
5,3,concurrent,502,443
5,3,concurrent,503,470
5,3,concurrent,504,436
5,3,concurrent,505,443
5,3,concurrent,506,455
5,3,concurrent,507,567
5,3,concurrent,508,563
5,3,concurrent,509,512
5,3,concurrent,510,401
5,3,concurrent,511,497
5,3,concurrent,512,450
5,3,concurrent,513,555
5,3,concurrent,514,481
5,3,concurrent,515,480
5,3,concurrent,516,1268
5,3,concurrent,517,473
5,3,concurrent,518,489
5,3,concurrent,519,451
5,3,concurrent,520,483
5,3,concurrent,521,481
5,3,concurrent,522,454
5,3,concurrent,523,457
5,3,concurrent,524,448
5,3,concurrent,525,453
5,3,concurrent,526,457
5,3,concurrent,527,448
5,3,concurrent,528,482
5,3,concurrent,529,497
5,3,concurrent,530,491
5,3,concurrent,531,450
5,3,concurrent,532,481
5,3,concurrent,533,452
5,3,concurrent,534,446
5,3,concurrent,535,448
5,3,concurrent,536,448
5,3,concurrent,537,507
5,3,concurrent,538,566
5,3,concurrent,539,579
5,3,concurrent,540,476
5,3,concurrent,541,540
5,3,concurrent,542,555
5,3,concurrent,543,480
5,3,concurrent,544,463
5,3,concurrent,545,475
5,3,concurrent,546,479
5,3,concurrent,547,480
5,3,concurrent,548,450
5,3,concurrent,549,457
5,3,concurrent,550,479
5,3,concurrent,551,475
5,3,concurrent,552,449
5,3,concurrent,553,498
5,3,concurrent,554,485
5,3,concurrent,555,480
5,3,concurrent,556,460
5,3,concurrent,557,454
5,3,concurrent,558,471
5,3,concurrent,559,506
5,3,concurrent,560,447
5,3,concurrent,561,442
5,3,concurrent,562,446
5,3,concurrent,563,487
5,3,concurrent,564,484
5,3,concurrent,565,445
5,3,concurrent,566,454
5,3,concurrent,567,571
5,3,concurrent,568,632
5,3,concurrent,569,565
5,3,concurrent,570,484
5,3,concurrent,571,475
5,3,concurrent,572,606
5,3,concurrent,573,442
5,3,concurrent,574,505
5,3,concurrent,575,492
5,3,concurrent,576,444
5,3,concurrent,577,391
5,3,concurrent,578,405
5,3,concurrent,579,391
5,3,concurrent,580,378
5,3,concurrent,581,446
5,3,concurrent,582,402
5,3,concurrent,583,377
5,3,concurrent,584,440
5,3,concurrent,585,414
5,3,concurrent,586,444
5,3,concurrent,587,496
5,3,concurrent,588,482
5,3,concurrent,589,404
5,3,concurrent,590,435
5,3,concurrent,591,474
5,3,concurrent,592,446
5,3,concurrent,593,442
5,3,concurrent,594,455
5,3,concurrent,595,454
5,3,concurrent,596,444
5,3,concurrent,597,481
5,3,concurrent,598,464
5,3,concurrent,599,522
5,3,concurrent,600,475
5,3,concurrent,601,431
5,3,concurrent,602,713
5,3,concurrent,603,533
5,3,concurrent,604,540
5,3,concurrent,605,544
5,3,concurrent,606,516
5,3,concurrent,607,507
5,3,concurrent,608,499
5,3,concurrent,609,539
5,3,concurrent,610,479
5,3,concurrent,611,545
5,3,concurrent,612,552
5,3,concurrent,613,510
5,3,concurrent,614,548
5,3,concurrent,615,544
5,3,concurrent,616,531
5,3,concurrent,617,553
5,3,concurrent,618,525
5,3,concurrent,619,541
5,3,concurrent,620,523
5,3,concurrent,621,500
5,3,concurrent,622,565
5,3,concurrent,623,492
5,3,concurrent,624,529
5,3,concurrent,625,574
5,3,concurrent,626,573
5,3,concurrent,627,571
5,3,concurrent,628,543
5,3,concurrent,629,553
5,3,concurrent,630,570
5,3,concurrent,631,880
5,3,concurrent,632,575
5,3,concurrent,633,566
5,3,concurrent,634,571
5,3,concurrent,635,529
5,3,concurrent,636,517
5,3,concurrent,637,476
5,3,concurrent,638,632
5,3,concurrent,639,553
5,3,concurrent,640,441
5,3,concurrent,641,437
5,3,concurrent,642,446
5,3,concurrent,643,469
5,3,concurrent,644,481
5,3,concurrent,645,446
5,3,concurrent,646,467
5,3,concurrent,647,442
5,3,concurrent,648,435
5,3,concurrent,649,430
5,3,concurrent,650,444
5,3,concurrent,651,444
5,3,concurrent,652,450
5,3,concurrent,653,476
5,3,concurrent,654,456
5,3,concurrent,655,457
5,3,concurrent,656,452
5,3,concurrent,657,452
5,3,concurrent,658,443
5,3,concurrent,659,465
5,3,concurrent,660,448
5,3,concurrent,661,449
5,3,concurrent,662,401
5,3,concurrent,663,475
5,3,concurrent,664,569
5,3,concurrent,665,580
5,3,concurrent,666,494
5,3,concurrent,667,518
5,3,concurrent,668,432
5,3,concurrent,669,399
5,3,concurrent,670,422
5,3,concurrent,671,378
5,3,concurrent,672,420
5,3,concurrent,673,392
5,3,concurrent,674,384
5,3,concurrent,675,384
5,3,concurrent,676,394
5,3,concurrent,677,392
5,3,concurrent,678,392
5,3,concurrent,679,381
5,3,concurrent,680,410
5,3,concurrent,681,394
5,3,concurrent,682,413
5,3,concurrent,683,403
5,3,concurrent,684,420
5,3,concurrent,685,427
5,3,concurrent,686,423
5,3,concurrent,687,405
5,3,concurrent,688,422
5,3,concurrent,689,375
5,3,concurrent,690,391
5,3,concurrent,691,426
5,3,concurrent,692,376
5,3,concurrent,693,413
5,3,concurrent,694,378
5,3,concurrent,695,396
5,3,concurrent,696,397
5,3,concurrent,697,395
5,3,concurrent,698,381
5,3,concurrent,699,364
5,3,concurrent,700,381
5,3,concurrent,701,414
5,3,concurrent,702,426
5,3,concurrent,703,483
5,3,concurrent,704,491
5,3,concurrent,705,478
5,3,concurrent,706,474
5,3,concurrent,707,456
5,3,concurrent,708,455
5,3,concurrent,709,477
5,3,concurrent,710,490
5,3,concurrent,711,459
5,3,concurrent,712,489
5,3,concurrent,713,456
5,3,concurrent,714,491
5,3,concurrent,715,479
5,3,concurrent,716,479
5,3,concurrent,717,504
5,3,concurrent,718,473
5,3,concurrent,719,476
5,3,concurrent,720,472
5,3,concurrent,721,484
5,3,concurrent,722,508
5,3,concurrent,723,455
5,3,concurrent,724,469
5,3,concurrent,725,470
5,3,concurrent,726,488
5,3,concurrent,727,446
5,3,concurrent,728,408
5,3,concurrent,729,609
5,3,concurrent,730,578
5,3,concurrent,731,449
5,3,concurrent,732,461
5,3,concurrent,733,448
5,3,concurrent,734,522
5,3,concurrent,735,437
5,3,concurrent,736,490
5,3,concurrent,737,524
5,3,concurrent,738,478
5,3,concurrent,739,471
5,3,concurrent,740,480
5,3,concurrent,741,475
5,3,concurrent,742,462
5,3,concurrent,743,487
5,3,concurrent,744,448
5,3,concurrent,745,390
5,3,concurrent,746,425
5,3,concurrent,747,456
5,3,concurrent,748,440
5,3,concurrent,749,447
5,3,concurrent,750,465
5,3,concurrent,751,450
5,3,concurrent,752,482
5,3,concurrent,753,447
5,3,concurrent,754,465
5,3,concurrent,755,451
5,3,concurrent,756,459
5,3,concurrent,757,450
5,3,concurrent,758,452
5,3,concurrent,759,447
5,3,concurrent,760,441
5,3,concurrent,761,451
5,3,concurrent,762,449
5,3,concurrent,763,468
5,3,concurrent,764,447
5,3,concurrent,765,458
5,3,concurrent,766,464
5,3,concurrent,767,446
5,3,concurrent,768,573
5,3,concurrent,769,469
5,3,concurrent,770,522
5,3,concurrent,771,575
5,3,concurrent,772,417
5,3,concurrent,773,421
5,3,concurrent,774,397
5,3,concurrent,775,428
5,3,concurrent,776,460
5,3,concurrent,777,377
5,3,concurrent,778,404
5,3,concurrent,779,408
5,3,concurrent,780,438
5,3,concurrent,781,388
5,3,concurrent,782,380
5,3,concurrent,783,391
5,3,concurrent,784,375
5,3,concurrent,785,401
5,3,concurrent,786,436
5,3,concurrent,787,373
5,3,concurrent,788,408
5,3,concurrent,789,423
5,3,concurrent,790,377
5,3,concurrent,791,387
5,3,concurrent,792,394
5,3,concurrent,793,409
5,3,concurrent,794,373
5,3,concurrent,795,411
5,3,concurrent,796,443
5,3,concurrent,797,451
5,3,concurrent,798,523
5,3,concurrent,799,415
5,3,concurrent,800,404
5,3,concurrent,801,401
5,3,concurrent,802,377
5,3,concurrent,803,421
5,3,concurrent,804,654
5,3,concurrent,805,597
5,3,concurrent,806,479
5,3,concurrent,807,388
5,3,concurrent,808,425
5,3,concurrent,809,370
5,3,concurrent,810,449
5,3,concurrent,811,428
5,3,concurrent,812,426
5,3,concurrent,813,383
5,3,concurrent,814,376
5,3,concurrent,815,472
5,3,concurrent,816,511
5,3,concurrent,817,505
5,3,concurrent,818,456
5,3,concurrent,819,456
5,3,concurrent,820,403
5,3,concurrent,821,406
5,3,concurrent,822,397
5,3,concurrent,823,380
5,3,concurrent,824,364
5,3,concurrent,825,372
5,3,concurrent,826,428
5,3,concurrent,827,454
5,3,concurrent,828,445
5,3,concurrent,829,463
5,3,concurrent,830,498
5,3,concurrent,831,422
5,3,concurrent,832,478
5,3,concurrent,833,473
5,3,concurrent,834,466
5,3,concurrent,835,457
5,3,concurrent,836,459
5,3,concurrent,837,451
5,3,concurrent,838,548
5,3,concurrent,839,540
5,3,concurrent,840,515
5,3,concurrent,841,502
5,3,concurrent,842,489
5,3,concurrent,843,488
5,3,concurrent,844,492
5,3,concurrent,845,468
5,3,concurrent,846,490
5,3,concurrent,847,474
5,3,concurrent,848,491
5,3,concurrent,849,487
5,3,concurrent,850,495
5,3,concurrent,851,482
5,3,concurrent,852,472
5,3,concurrent,853,450
5,3,concurrent,854,389
5,3,concurrent,855,443
5,3,concurrent,856,453
5,3,concurrent,857,487
5,3,concurrent,858,500
5,3,concurrent,859,484
5,3,concurrent,860,468
5,3,concurrent,861,482
5,3,concurrent,862,499
5,3,concurrent,863,459
5,3,concurrent,864,472
5,3,concurrent,865,410
5,3,concurrent,866,793
5,3,concurrent,867,443
5,3,concurrent,868,450
5,3,concurrent,869,467
5,3,concurrent,870,511
5,3,concurrent,871,439
5,3,concurrent,872,472
5,3,concurrent,873,455
5,3,concurrent,874,448
5,3,concurrent,875,508
5,3,concurrent,876,795
5,3,concurrent,877,827
5,3,concurrent,878,787
5,3,concurrent,879,802
5,3,concurrent,880,810
5,3,concurrent,881,812
5,3,concurrent,882,788
5,3,concurrent,883,804
5,3,concurrent,884,814
5,3,concurrent,885,809
5,3,concurrent,886,814
5,3,concurrent,887,841
5,3,concurrent,888,806
5,3,concurrent,889,700
5,3,concurrent,890,432
5,3,concurrent,891,461
5,3,concurrent,892,497
5,3,concurrent,893,459
5,3,concurrent,894,538
5,3,concurrent,895,475
5,3,concurrent,896,472
5,3,concurrent,897,462
5,3,concurrent,898,396
5,3,concurrent,899,391
5,3,concurrent,900,445
5,3,concurrent,901,399
5,3,concurrent,902,820
5,3,concurrent,903,852
5,3,concurrent,904,821
5,3,concurrent,905,825
5,3,concurrent,906,817
5,3,concurrent,907,814
5,3,concurrent,908,813
5,3,concurrent,909,792
5,3,concurrent,910,815
5,3,concurrent,911,782
5,3,concurrent,912,798
5,3,concurrent,913,805
5,3,concurrent,914,792
5,3,concurrent,915,796
5,3,concurrent,916,818
5,3,concurrent,917,534
5,3,concurrent,918,454
5,3,concurrent,919,430
5,3,concurrent,920,486
5,3,concurrent,921,490
5,3,concurrent,922,449
5,3,concurrent,923,500
5,3,concurrent,924,491
5,3,concurrent,925,485
5,3,concurrent,926,523
5,3,concurrent,927,484
5,3,concurrent,928,509
5,3,concurrent,929,503
5,3,concurrent,930,491
5,3,concurrent,931,488
5,3,concurrent,932,493
5,3,concurrent,933,506
5,3,concurrent,934,479
5,3,concurrent,935,423
5,3,concurrent,936,406
5,3,concurrent,937,412
5,3,concurrent,938,405
5,3,concurrent,939,423
5,3,concurrent,940,426
5,3,concurrent,941,455
5,3,concurrent,942,454
5,3,concurrent,943,493
5,3,concurrent,944,490
5,3,concurrent,945,473
5,3,concurrent,946,481
5,3,concurrent,947,449
5,3,concurrent,948,536
5,3,concurrent,949,517
5,3,concurrent,950,415
5,3,concurrent,951,430
5,3,concurrent,952,482
5,3,concurrent,953,528
5,3,concurrent,954,433
5,3,concurrent,955,413
5,3,concurrent,956,422
5,3,concurrent,957,426
5,3,concurrent,958,444
5,3,concurrent,959,410
5,3,concurrent,960,468
5,3,concurrent,961,396
5,3,concurrent,962,395
5,3,concurrent,963,377
5,3,concurrent,964,394
5,3,concurrent,965,410
5,3,concurrent,966,398
5,3,concurrent,967,457
5,3,concurrent,968,411
5,3,concurrent,969,379
5,3,concurrent,970,395
5,3,concurrent,971,456
5,3,concurrent,972,400
5,3,concurrent,973,394
5,3,concurrent,974,399
5,3,concurrent,975,406
5,3,concurrent,976,377
5,3,concurrent,977,368
5,3,concurrent,978,400
5,3,concurrent,979,385
5,3,concurrent,980,438
5,3,concurrent,981,472
5,3,concurrent,982,438
5,3,concurrent,983,452
5,3,concurrent,984,473
5,3,concurrent,985,533
5,3,concurrent,986,510
5,3,concurrent,987,584
5,3,concurrent,988,553
5,3,concurrent,989,534
5,3,concurrent,990,525
5,3,concurrent,991,523
5,3,concurrent,992,530
5,3,concurrent,993,553
5,3,concurrent,994,537
5,3,concurrent,995,521
5,3,concurrent,996,670
5,3,concurrent,997,654
5,3,concurrent,998,917
5,3,concurrent,999,1239
6,2,cpu_base,0,145
6,2,cpu_base,1,151
6,2,cpu_base,2,146
6,2,cpu_base,3,152
6,2,cpu_base,4,146
6,2,cpu_base,5,148
6,2,cpu_base,6,152
6,2,cpu_base,7,146
6,2,cpu_base,8,150
6,2,cpu_base,9,147
6,2,cpu_base,10,145
6,2,cpu_base,11,184
6,2,cpu_base,12,149
6,2,cpu_base,13,155
6,2,cpu_base,14,158
6,2,cpu_base,15,149
6,2,cpu_base,16,148
6,2,cpu_base,17,147
6,2,cpu_base,18,144
6,2,cpu_base,19,144
6,2,cpu_base,20,145
6,2,cpu_base,21,148
6,2,cpu_base,22,157
6,2,cpu_base,23,146
6,2,cpu_base,24,154
6,2,cpu_base,25,295
6,2,cpu_base,26,383
6,2,cpu_base,27,352
6,2,cpu_base,28,342
6,2,cpu_base,29,731
6,2,cpu_base,30,1665
6,2,cpu_base,31,551
6,2,cpu_base,32,302
6,2,cpu_base,33,269
6,2,cpu_base,34,329
6,2,cpu_base,35,286
6,2,cpu_base,36,278
6,2,cpu_base,37,294
6,2,cpu_base,38,1379
6,2,cpu_base,39,319
6,2,cpu_base,40,279
6,2,cpu_base,41,267
6,2,cpu_base,42,265
6,2,cpu_base,43,172
6,2,cpu_base,44,144
6,2,cpu_base,45,142
6,2,cpu_base,46,141
6,2,cpu_base,47,142
6,2,cpu_base,48,149
6,2,cpu_base,49,140
6,2,cpu_base,50,159
6,2,cpu_base,51,153
6,2,cpu_base,52,142
6,2,cpu_base,53,169
6,2,cpu_base,54,161
6,2,cpu_base,55,182
6,2,cpu_base,56,163
6,2,cpu_base,57,142
6,2,cpu_base,58,142
6,2,cpu_base,59,151
6,2,cpu_base,60,142
6,2,cpu_base,61,145
6,2,cpu_base,62,140
6,2,cpu_base,63,148
6,2,cpu_base,64,163
6,2,cpu_base,65,143
6,2,cpu_base,66,147
6,2,cpu_base,67,147
6,2,cpu_base,68,142
6,2,cpu_base,69,158
6,2,cpu_base,70,143
6,2,cpu_base,71,146
6,2,cpu_base,72,151
6,2,cpu_base,73,142
6,2,cpu_base,74,141
6,2,cpu_base,75,145
6,2,cpu_base,76,145
6,2,cpu_base,77,146
6,2,cpu_base,78,150
6,2,cpu_base,79,142
6,2,cpu_base,80,148
6,2,cpu_base,81,161
6,2,cpu_base,82,160
6,2,cpu_base,83,146
6,2,cpu_base,84,151
6,2,cpu_base,85,145
6,2,cpu_base,86,142
6,2,cpu_base,87,141
6,2,cpu_base,88,145
6,2,cpu_base,89,141
6,2,cpu_base,90,146
6,2,cpu_base,91,148
6,2,cpu_base,92,171
6,2,cpu_base,93,142
6,2,cpu_base,94,145
6,2,cpu_base,95,142
6,2,cpu_base,96,146
6,2,cpu_base,97,146
6,2,cpu_base,98,155
6,2,cpu_base,99,314
6,2,cpu_base,100,297
6,2,cpu_base,101,240
6,2,cpu_base,102,149
6,2,cpu_base,103,145
6,2,cpu_base,104,159
6,2,cpu_base,105,145
6,2,cpu_base,106,147
6,2,cpu_base,107,153
6,2,cpu_base,108,196
6,2,cpu_base,109,195
6,2,cpu_base,110,196
6,2,cpu_base,111,148
6,2,cpu_base,112,146
6,2,cpu_base,113,201
6,2,cpu_base,114,147
6,2,cpu_base,115,153
6,2,cpu_base,116,148
6,2,cpu_base,117,145
6,2,cpu_base,118,158
6,2,cpu_base,119,145
6,2,cpu_base,120,151
6,2,cpu_base,121,143
6,2,cpu_base,122,162
6,2,cpu_base,123,156
6,2,cpu_base,124,143
6,2,cpu_base,125,149
6,2,cpu_base,126,153
6,2,cpu_base,127,148
6,2,cpu_base,128,149
6,2,cpu_base,129,157
6,2,cpu_base,130,149
6,2,cpu_base,131,155
6,2,cpu_base,132,143
6,2,cpu_base,133,149
6,2,cpu_base,134,143
6,2,cpu_base,135,148
6,2,cpu_base,136,142
6,2,cpu_base,137,141
6,2,cpu_base,138,144
6,2,cpu_base,139,149
6,2,cpu_base,140,149
6,2,cpu_base,141,147
6,2,cpu_base,142,144
6,2,cpu_base,143,143
6,2,cpu_base,144,140
6,2,cpu_base,145,141
6,2,cpu_base,146,144
6,2,cpu_base,147,146
6,2,cpu_base,148,140
6,2,cpu_base,149,145
6,2,cpu_base,150,141
6,2,cpu_base,151,140
6,2,cpu_base,152,140
6,2,cpu_base,153,144
6,2,cpu_base,154,148
6,2,cpu_base,155,142
6,2,cpu_base,156,144
6,2,cpu_base,157,142
6,2,cpu_base,158,141
6,2,cpu_base,159,140
6,2,cpu_base,160,145
6,2,cpu_base,161,148
6,2,cpu_base,162,140
6,2,cpu_base,163,145
6,2,cpu_base,164,140
6,2,cpu_base,165,140
6,2,cpu_base,166,140
6,2,cpu_base,167,149
6,2,cpu_base,168,145
6,2,cpu_base,169,141
6,2,cpu_base,170,145
6,2,cpu_base,171,141
6,2,cpu_base,172,141
6,2,cpu_base,173,143
6,2,cpu_base,174,172
6,2,cpu_base,175,163
6,2,cpu_base,176,151
6,2,cpu_base,177,145
6,2,cpu_base,178,169
6,2,cpu_base,179,147
6,2,cpu_base,180,147
6,2,cpu_base,181,148
6,2,cpu_base,182,145
6,2,cpu_base,183,149
6,2,cpu_base,184,141
6,2,cpu_base,185,141
6,2,cpu_base,186,142
6,2,cpu_base,187,142
6,2,cpu_base,188,162
6,2,cpu_base,189,143
6,2,cpu_base,190,146
6,2,cpu_base,191,141
6,2,cpu_base,192,141
6,2,cpu_base,193,142
6,2,cpu_base,194,146
6,2,cpu_base,195,146
6,2,cpu_base,196,148
6,2,cpu_base,197,141
6,2,cpu_base,198,141
6,2,cpu_base,199,142
6,2,cpu_base,200,146
6,2,cpu_base,201,310
6,2,cpu_base,202,163
6,2,cpu_base,203,144
6,2,cpu_base,204,143
6,2,cpu_base,205,144
6,2,cpu_base,206,142
6,2,cpu_base,207,156
6,2,cpu_base,208,141
6,2,cpu_base,209,157
6,2,cpu_base,210,144
6,2,cpu_base,211,142
6,2,cpu_base,212,161
6,2,cpu_base,213,187
6,2,cpu_base,214,149
6,2,cpu_base,215,143
6,2,cpu_base,216,142
6,2,cpu_base,217,142
6,2,cpu_base,218,142
6,2,cpu_base,219,146
6,2,cpu_base,220,147
6,2,cpu_base,221,148
6,2,cpu_base,222,151
6,2,cpu_base,223,143
6,2,cpu_base,224,150
6,2,cpu_base,225,146
6,2,cpu_base,226,142
6,2,cpu_base,227,148
6,2,cpu_base,228,151
6,2,cpu_base,229,145
6,2,cpu_base,230,143
6,2,cpu_base,231,142
6,2,cpu_base,232,143
6,2,cpu_base,233,149
6,2,cpu_base,234,159
6,2,cpu_base,235,144
6,2,cpu_base,236,152
6,2,cpu_base,237,146
6,2,cpu_base,238,143
6,2,cpu_base,239,147
6,2,cpu_base,240,148
6,2,cpu_base,241,145
6,2,cpu_base,242,143
6,2,cpu_base,243,143
6,2,cpu_base,244,143
6,2,cpu_base,245,144
6,2,cpu_base,246,146
6,2,cpu_base,247,151
6,2,cpu_base,248,156
6,2,cpu_base,249,151
6,2,cpu_base,250,143
6,2,cpu_base,251,150
6,2,cpu_base,252,144
6,2,cpu_base,253,146
6,2,cpu_base,254,149
6,2,cpu_base,255,149
6,2,cpu_base,256,144
6,2,cpu_base,257,143
6,2,cpu_base,258,142
6,2,cpu_base,259,144
6,2,cpu_base,260,150
6,2,cpu_base,261,145
6,2,cpu_base,262,145
6,2,cpu_base,263,150
6,2,cpu_base,264,157
6,2,cpu_base,265,146
6,2,cpu_base,266,148
6,2,cpu_base,267,151
6,2,cpu_base,268,144
6,2,cpu_base,269,168
6,2,cpu_base,270,145
6,2,cpu_base,271,147
6,2,cpu_base,272,145
6,2,cpu_base,273,147
6,2,cpu_base,274,154
6,2,cpu_base,275,148
6,2,cpu_base,276,146
6,2,cpu_base,277,144
6,2,cpu_base,278,156
6,2,cpu_base,279,151
6,2,cpu_base,280,144
6,2,cpu_base,281,153
6,2,cpu_base,282,147
6,2,cpu_base,283,144
6,2,cpu_base,284,143
6,2,cpu_base,285,145
6,2,cpu_base,286,145
6,2,cpu_base,287,149
6,2,cpu_base,288,154
6,2,cpu_base,289,145
6,2,cpu_base,290,148
6,2,cpu_base,291,149
6,2,cpu_base,292,144
6,2,cpu_base,293,150
6,2,cpu_base,294,147
6,2,cpu_base,295,150
6,2,cpu_base,296,145
6,2,cpu_base,297,168
6,2,cpu_base,298,144
6,2,cpu_base,299,144
6,2,cpu_base,300,167
6,2,cpu_base,301,152
6,2,cpu_base,302,145
6,2,cpu_base,303,147
6,2,cpu_base,304,233
6,2,cpu_base,305,304
6,2,cpu_base,306,203
6,2,cpu_base,307,145
6,2,cpu_base,308,142
6,2,cpu_base,309,142
6,2,cpu_base,310,142
6,2,cpu_base,311,156
6,2,cpu_base,312,144
6,2,cpu_base,313,223
6,2,cpu_base,314,147
6,2,cpu_base,315,144
6,2,cpu_base,316,149
6,2,cpu_base,317,149
6,2,cpu_base,318,143
6,2,cpu_base,319,149
6,2,cpu_base,320,143
6,2,cpu_base,321,142
6,2,cpu_base,322,143
6,2,cpu_base,323,148
6,2,cpu_base,324,148
6,2,cpu_base,325,143
6,2,cpu_base,326,150
6,2,cpu_base,327,143
6,2,cpu_base,328,148
6,2,cpu_base,329,142
6,2,cpu_base,330,147
6,2,cpu_base,331,147
6,2,cpu_base,332,145
6,2,cpu_base,333,148
6,2,cpu_base,334,144
6,2,cpu_base,335,145
6,2,cpu_base,336,144
6,2,cpu_base,337,142
6,2,cpu_base,338,150
6,2,cpu_base,339,145
6,2,cpu_base,340,151
6,2,cpu_base,341,143
6,2,cpu_base,342,143
6,2,cpu_base,343,145
6,2,cpu_base,344,143
6,2,cpu_base,345,149
6,2,cpu_base,346,149
6,2,cpu_base,347,146
6,2,cpu_base,348,142
6,2,cpu_base,349,143
6,2,cpu_base,350,143
6,2,cpu_base,351,144
6,2,cpu_base,352,145
6,2,cpu_base,353,150
6,2,cpu_base,354,142
6,2,cpu_base,355,147
6,2,cpu_base,356,142
6,2,cpu_base,357,152
6,2,cpu_base,358,149
6,2,cpu_base,359,142
6,2,cpu_base,360,145
6,2,cpu_base,361,142
6,2,cpu_base,362,142
6,2,cpu_base,363,141
6,2,cpu_base,364,148
6,2,cpu_base,365,152
6,2,cpu_base,366,142
6,2,cpu_base,367,150
6,2,cpu_base,368,143
6,2,cpu_base,369,146
6,2,cpu_base,370,145
6,2,cpu_base,371,151
6,2,cpu_base,372,145
6,2,cpu_base,373,144
6,2,cpu_base,374,142
6,2,cpu_base,375,142
6,2,cpu_base,376,142
6,2,cpu_base,377,142
6,2,cpu_base,378,145
6,2,cpu_base,379,150
6,2,cpu_base,380,144
6,2,cpu_base,381,146
6,2,cpu_base,382,143
6,2,cpu_base,383,142
6,2,cpu_base,384,142
6,2,cpu_base,385,147
6,2,cpu_base,386,146
6,2,cpu_base,387,143
6,2,cpu_base,388,142
6,2,cpu_base,389,143
6,2,cpu_base,390,141
6,2,cpu_base,391,143
6,2,cpu_base,392,143
6,2,cpu_base,393,146
6,2,cpu_base,394,144
6,2,cpu_base,395,147
6,2,cpu_base,396,143
6,2,cpu_base,397,142
6,2,cpu_base,398,146
6,2,cpu_base,399,142
6,2,cpu_base,400,145
6,2,cpu_base,401,145
6,2,cpu_base,402,144
6,2,cpu_base,403,143
6,2,cpu_base,404,142
6,2,cpu_base,405,144
6,2,cpu_base,406,144
6,2,cpu_base,407,145
6,2,cpu_base,408,233
6,2,cpu_base,409,169
6,2,cpu_base,410,143
6,2,cpu_base,411,145
6,2,cpu_base,412,142
6,2,cpu_base,413,147
6,2,cpu_base,414,176
6,2,cpu_base,415,147
6,2,cpu_base,416,142
6,2,cpu_base,417,143
6,2,cpu_base,418,146
6,2,cpu_base,419,143
6,2,cpu_base,420,141
6,2,cpu_base,421,151
6,2,cpu_base,422,141
6,2,cpu_base,423,146
6,2,cpu_base,424,142
6,2,cpu_base,425,153
6,2,cpu_base,426,144
6,2,cpu_base,427,144
6,2,cpu_base,428,143
6,2,cpu_base,429,140
6,2,cpu_base,430,142
6,2,cpu_base,431,142
6,2,cpu_base,432,147
6,2,cpu_base,433,147
6,2,cpu_base,434,142
6,2,cpu_base,435,150
6,2,cpu_base,436,141
6,2,cpu_base,437,146
6,2,cpu_base,438,142
6,2,cpu_base,439,145
6,2,cpu_base,440,145
6,2,cpu_base,441,141
6,2,cpu_base,442,142
6,2,cpu_base,443,142
6,2,cpu_base,444,141
6,2,cpu_base,445,142
6,2,cpu_base,446,145
6,2,cpu_base,447,146
6,2,cpu_base,448,142
6,2,cpu_base,449,150
6,2,cpu_base,450,146
6,2,cpu_base,451,141
6,2,cpu_base,452,143
6,2,cpu_base,453,145
6,2,cpu_base,454,146
6,2,cpu_base,455,141
6,2,cpu_base,456,143
6,2,cpu_base,457,142
6,2,cpu_base,458,141
6,2,cpu_base,459,146
6,2,cpu_base,460,141
6,2,cpu_base,461,150
6,2,cpu_base,462,147
6,2,cpu_base,463,145
6,2,cpu_base,464,143
6,2,cpu_base,465,142
6,2,cpu_base,466,148
6,2,cpu_base,467,146
6,2,cpu_base,468,141
6,2,cpu_base,469,144
6,2,cpu_base,470,144
6,2,cpu_base,471,141
6,2,cpu_base,472,141
6,2,cpu_base,473,143
6,2,cpu_base,474,147
6,2,cpu_base,475,147
6,2,cpu_base,476,146
6,2,cpu_base,477,142
6,2,cpu_base,478,143
6,2,cpu_base,479,141
6,2,cpu_base,480,153
6,2,cpu_base,481,148
6,2,cpu_base,482,143
6,2,cpu_base,483,142
6,2,cpu_base,484,142
6,2,cpu_base,485,143
6,2,cpu_base,486,141
6,2,cpu_base,487,145
6,2,cpu_base,488,151
6,2,cpu_base,489,141
6,2,cpu_base,490,151
6,2,cpu_base,491,143
6,2,cpu_base,492,145
6,2,cpu_base,493,145
6,2,cpu_base,494,146
6,2,cpu_base,495,143
6,2,cpu_base,496,142
6,2,cpu_base,497,142
6,2,cpu_base,498,142
6,2,cpu_base,499,141
6,2,cpu_base,500,142
6,2,cpu_base,501,145
6,2,cpu_base,502,146
6,2,cpu_base,503,143
6,2,cpu_base,504,150
6,2,cpu_base,505,141
6,2,cpu_base,506,149
6,2,cpu_base,507,148
6,2,cpu_base,508,146
6,2,cpu_base,509,141
6,2,cpu_base,510,150
6,2,cpu_base,511,141
6,2,cpu_base,512,141
6,2,cpu_base,513,142
6,2,cpu_base,514,145
6,2,cpu_base,515,142
6,2,cpu_base,516,147
6,2,cpu_base,517,303
6,2,cpu_base,518,167
6,2,cpu_base,519,176
6,2,cpu_base,520,197
6,2,cpu_base,521,159
6,2,cpu_base,522,147
6,2,cpu_base,523,144
6,2,cpu_base,524,143
6,2,cpu_base,525,144
6,2,cpu_base,526,158
6,2,cpu_base,527,166
6,2,cpu_base,528,147
6,2,cpu_base,529,153
6,2,cpu_base,530,145
6,2,cpu_base,531,143
6,2,cpu_base,532,151
6,2,cpu_base,533,148
6,2,cpu_base,534,144
6,2,cpu_base,535,149
6,2,cpu_base,536,182
6,2,cpu_base,537,161
6,2,cpu_base,538,143
6,2,cpu_base,539,147
6,2,cpu_base,540,164
6,2,cpu_base,541,145
6,2,cpu_base,542,143
6,2,cpu_base,543,141
6,2,cpu_base,544,142
6,2,cpu_base,545,141
6,2,cpu_base,546,164
6,2,cpu_base,547,145
6,2,cpu_base,548,143
6,2,cpu_base,549,147
6,2,cpu_base,550,147
6,2,cpu_base,551,141
6,2,cpu_base,552,149
6,2,cpu_base,553,142
6,2,cpu_base,554,144
6,2,cpu_base,555,143
6,2,cpu_base,556,145
6,2,cpu_base,557,141
6,2,cpu_base,558,141
6,2,cpu_base,559,145
6,2,cpu_base,560,146
6,2,cpu_base,561,145
6,2,cpu_base,562,150
6,2,cpu_base,563,142
6,2,cpu_base,564,142
6,2,cpu_base,565,141
6,2,cpu_base,566,148
6,2,cpu_base,567,143
6,2,cpu_base,568,150
6,2,cpu_base,569,144
6,2,cpu_base,570,145
6,2,cpu_base,571,143
6,2,cpu_base,572,145
6,2,cpu_base,573,149
6,2,cpu_base,574,142
6,2,cpu_base,575,141
6,2,cpu_base,576,149
6,2,cpu_base,577,142
6,2,cpu_base,578,141
6,2,cpu_base,579,147
6,2,cpu_base,580,150
6,2,cpu_base,581,143
6,2,cpu_base,582,144
6,2,cpu_base,583,148
6,2,cpu_base,584,141
6,2,cpu_base,585,144
6,2,cpu_base,586,141
6,2,cpu_base,587,148
6,2,cpu_base,588,142
6,2,cpu_base,589,146
6,2,cpu_base,590,144
6,2,cpu_base,591,142
6,2,cpu_base,592,142
6,2,cpu_base,593,144
6,2,cpu_base,594,148
6,2,cpu_base,595,144
6,2,cpu_base,596,143
6,2,cpu_base,597,143
6,2,cpu_base,598,142
6,2,cpu_base,599,146
6,2,cpu_base,600,142
6,2,cpu_base,601,152
6,2,cpu_base,602,142
6,2,cpu_base,603,144
6,2,cpu_base,604,146
6,2,cpu_base,605,142
6,2,cpu_base,606,141
6,2,cpu_base,607,149
6,2,cpu_base,608,145
6,2,cpu_base,609,144
6,2,cpu_base,610,143
6,2,cpu_base,611,148
6,2,cpu_base,612,141
6,2,cpu_base,613,146
6,2,cpu_base,614,144
6,2,cpu_base,615,144
6,2,cpu_base,616,143
6,2,cpu_base,617,247
6,2,cpu_base,618,149
6,2,cpu_base,619,172
6,2,cpu_base,620,155
6,2,cpu_base,621,142
6,2,cpu_base,622,149
6,2,cpu_base,623,143
6,2,cpu_base,624,164
6,2,cpu_base,625,143
6,2,cpu_base,626,147
6,2,cpu_base,627,152
6,2,cpu_base,628,143
6,2,cpu_base,629,142
6,2,cpu_base,630,151
6,2,cpu_base,631,142
6,2,cpu_base,632,143
6,2,cpu_base,633,143
6,2,cpu_base,634,141
6,2,cpu_base,635,143
6,2,cpu_base,636,152
6,2,cpu_base,637,144
6,2,cpu_base,638,142
6,2,cpu_base,639,145
6,2,cpu_base,640,141
6,2,cpu_base,641,148
6,2,cpu_base,642,143
6,2,cpu_base,643,161
6,2,cpu_base,644,148
6,2,cpu_base,645,145
6,2,cpu_base,646,144
6,2,cpu_base,647,143
6,2,cpu_base,648,144
6,2,cpu_base,649,150
6,2,cpu_base,650,144
6,2,cpu_base,651,144
6,2,cpu_base,652,145
6,2,cpu_base,653,147
6,2,cpu_base,654,147
6,2,cpu_base,655,156
6,2,cpu_base,656,144
6,2,cpu_base,657,147
6,2,cpu_base,658,146
6,2,cpu_base,659,142
6,2,cpu_base,660,142
6,2,cpu_base,661,143
6,2,cpu_base,662,142
6,2,cpu_base,663,156
6,2,cpu_base,664,144
6,2,cpu_base,665,142
6,2,cpu_base,666,145
6,2,cpu_base,667,147
6,2,cpu_base,668,149
6,2,cpu_base,669,143
6,2,cpu_base,670,142
6,2,cpu_base,671,148
6,2,cpu_base,672,143
6,2,cpu_base,673,141
6,2,cpu_base,674,142
6,2,cpu_base,675,143
6,2,cpu_base,676,146
6,2,cpu_base,677,145
6,2,cpu_base,678,145
6,2,cpu_base,679,143
6,2,cpu_base,680,150
6,2,cpu_base,681,146
6,2,cpu_base,682,145
6,2,cpu_base,683,142
6,2,cpu_base,684,143
6,2,cpu_base,685,155
6,2,cpu_base,686,142
6,2,cpu_base,687,148
6,2,cpu_base,688,143
6,2,cpu_base,689,142
6,2,cpu_base,690,147
6,2,cpu_base,691,143
6,2,cpu_base,692,142
6,2,cpu_base,693,147
6,2,cpu_base,694,150
6,2,cpu_base,695,142
6,2,cpu_base,696,146
6,2,cpu_base,697,141
6,2,cpu_base,698,145
6,2,cpu_base,699,148
6,2,cpu_base,700,142
6,2,cpu_base,701,143
6,2,cpu_base,702,141
6,2,cpu_base,703,142
6,2,cpu_base,704,151
6,2,cpu_base,705,142
6,2,cpu_base,706,141
6,2,cpu_base,707,146
6,2,cpu_base,708,144
6,2,cpu_base,709,146
6,2,cpu_base,710,144
6,2,cpu_base,711,142
6,2,cpu_base,712,148
6,2,cpu_base,713,143
6,2,cpu_base,714,141
6,2,cpu_base,715,142
6,2,cpu_base,716,142
6,2,cpu_base,717,141
6,2,cpu_base,718,150
6,2,cpu_base,719,170
6,2,cpu_base,720,141
6,2,cpu_base,721,150
6,2,cpu_base,722,142
6,2,cpu_base,723,145
6,2,cpu_base,724,142
6,2,cpu_base,725,142
6,2,cpu_base,726,195
6,2,cpu_base,727,146
6,2,cpu_base,728,143
6,2,cpu_base,729,150
6,2,cpu_base,730,141
6,2,cpu_base,731,166
6,2,cpu_base,732,158
6,2,cpu_base,733,156
6,2,cpu_base,734,149
6,2,cpu_base,735,143
6,2,cpu_base,736,144
6,2,cpu_base,737,146
6,2,cpu_base,738,144
6,2,cpu_base,739,161
6,2,cpu_base,740,144
6,2,cpu_base,741,144
6,2,cpu_base,742,146
6,2,cpu_base,743,148
6,2,cpu_base,744,147
6,2,cpu_base,745,145
6,2,cpu_base,746,142
6,2,cpu_base,747,141
6,2,cpu_base,748,152
6,2,cpu_base,749,142
6,2,cpu_base,750,142
6,2,cpu_base,751,142
6,2,cpu_base,752,144
6,2,cpu_base,753,149
6,2,cpu_base,754,142
6,2,cpu_base,755,141
6,2,cpu_base,756,146
6,2,cpu_base,757,146
6,2,cpu_base,758,144
6,2,cpu_base,759,148
6,2,cpu_base,760,142
6,2,cpu_base,761,146
6,2,cpu_base,762,148
6,2,cpu_base,763,148
6,2,cpu_base,764,144
6,2,cpu_base,765,142
6,2,cpu_base,766,145
6,2,cpu_base,767,145
6,2,cpu_base,768,143
6,2,cpu_base,769,143
6,2,cpu_base,770,152
6,2,cpu_base,771,147
6,2,cpu_base,772,147
6,2,cpu_base,773,142
6,2,cpu_base,774,143
6,2,cpu_base,775,147
6,2,cpu_base,776,148
6,2,cpu_base,777,142
6,2,cpu_base,778,146
6,2,cpu_base,779,143
6,2,cpu_base,780,142
6,2,cpu_base,781,143
6,2,cpu_base,782,148
6,2,cpu_base,783,145
6,2,cpu_base,784,147
6,2,cpu_base,785,142
6,2,cpu_base,786,146
6,2,cpu_base,787,143
6,2,cpu_base,788,141
6,2,cpu_base,789,147
6,2,cpu_base,790,147
6,2,cpu_base,791,142
6,2,cpu_base,792,142
6,2,cpu_base,793,143
6,2,cpu_base,794,146
6,2,cpu_base,795,141
6,2,cpu_base,796,146
6,2,cpu_base,797,149
6,2,cpu_base,798,143
6,2,cpu_base,799,146
6,2,cpu_base,800,141
6,2,cpu_base,801,142
6,2,cpu_base,802,142
6,2,cpu_base,803,153
6,2,cpu_base,804,147
6,2,cpu_base,805,142
6,2,cpu_base,806,143
6,2,cpu_base,807,142
6,2,cpu_base,808,148
6,2,cpu_base,809,143
6,2,cpu_base,810,146
6,2,cpu_base,811,148
6,2,cpu_base,812,145
6,2,cpu_base,813,142
6,2,cpu_base,814,142
6,2,cpu_base,815,146
6,2,cpu_base,816,143
6,2,cpu_base,817,177
6,2,cpu_base,818,151
6,2,cpu_base,819,140
6,2,cpu_base,820,146
6,2,cpu_base,821,143
6,2,cpu_base,822,142
6,2,cpu_base,823,144
6,2,cpu_base,824,145
6,2,cpu_base,825,145
6,2,cpu_base,826,145
6,2,cpu_base,827,145
6,2,cpu_base,828,146
6,2,cpu_base,829,142
6,2,cpu_base,830,143
6,2,cpu_base,831,276
6,2,cpu_base,832,229
6,2,cpu_base,833,192
6,2,cpu_base,834,191
6,2,cpu_base,835,146
6,2,cpu_base,836,144
6,2,cpu_base,837,157
6,2,cpu_base,838,148
6,2,cpu_base,839,144
6,2,cpu_base,840,169
6,2,cpu_base,841,215
6,2,cpu_base,842,200
6,2,cpu_base,843,168
6,2,cpu_base,844,146
6,2,cpu_base,845,146
6,2,cpu_base,846,146
6,2,cpu_base,847,147
6,2,cpu_base,848,152
6,2,cpu_base,849,150
6,2,cpu_base,850,146
6,2,cpu_base,851,166
6,2,cpu_base,852,161
6,2,cpu_base,853,159
6,2,cpu_base,854,156
6,2,cpu_base,855,144
6,2,cpu_base,856,143
6,2,cpu_base,857,142
6,2,cpu_base,858,142
6,2,cpu_base,859,144
6,2,cpu_base,860,142
6,2,cpu_base,861,147
6,2,cpu_base,862,148
6,2,cpu_base,863,149
6,2,cpu_base,864,152
6,2,cpu_base,865,149
6,2,cpu_base,866,149
6,2,cpu_base,867,148
6,2,cpu_base,868,148
6,2,cpu_base,869,143
6,2,cpu_base,870,142
6,2,cpu_base,871,156
6,2,cpu_base,872,146
6,2,cpu_base,873,144
6,2,cpu_base,874,144
6,2,cpu_base,875,151
6,2,cpu_base,876,148
6,2,cpu_base,877,152
6,2,cpu_base,878,143
6,2,cpu_base,879,152
6,2,cpu_base,880,144
6,2,cpu_base,881,156
6,2,cpu_base,882,145
6,2,cpu_base,883,145
6,2,cpu_base,884,145
6,2,cpu_base,885,144
6,2,cpu_base,886,144
6,2,cpu_base,887,143
6,2,cpu_base,888,148
6,2,cpu_base,889,155
6,2,cpu_base,890,145
6,2,cpu_base,891,153
6,2,cpu_base,892,146
6,2,cpu_base,893,150
6,2,cpu_base,894,152
6,2,cpu_base,895,151
6,2,cpu_base,896,142
6,2,cpu_base,897,142
6,2,cpu_base,898,142
6,2,cpu_base,899,144
6,2,cpu_base,900,143
6,2,cpu_base,901,143
6,2,cpu_base,902,152
6,2,cpu_base,903,147
6,2,cpu_base,904,146
6,2,cpu_base,905,143
6,2,cpu_base,906,144
6,2,cpu_base,907,152
6,2,cpu_base,908,151
6,2,cpu_base,909,144
6,2,cpu_base,910,144
6,2,cpu_base,911,144
6,2,cpu_base,912,143
6,2,cpu_base,913,144
6,2,cpu_base,914,143
6,2,cpu_base,915,174
6,2,cpu_base,916,150
6,2,cpu_base,917,144
6,2,cpu_base,918,149
6,2,cpu_base,919,146
6,2,cpu_base,920,150
6,2,cpu_base,921,147
6,2,cpu_base,922,147
6,2,cpu_base,923,143
6,2,cpu_base,924,145
6,2,cpu_base,925,145
6,2,cpu_base,926,144
6,2,cpu_base,927,144
6,2,cpu_base,928,143
6,2,cpu_base,929,156
6,2,cpu_base,930,148
6,2,cpu_base,931,149
6,2,cpu_base,932,145
6,2,cpu_base,933,145
6,2,cpu_base,934,151
6,2,cpu_base,935,237
6,2,cpu_base,936,331
6,2,cpu_base,937,296
6,2,cpu_base,938,276
6,2,cpu_base,939,267
6,2,cpu_base,940,154
6,2,cpu_base,941,147
6,2,cpu_base,942,149
6,2,cpu_base,943,187
6,2,cpu_base,944,194
6,2,cpu_base,945,219
6,2,cpu_base,946,171
6,2,cpu_base,947,148
6,2,cpu_base,948,145
6,2,cpu_base,949,145
6,2,cpu_base,950,177
6,2,cpu_base,951,153
6,2,cpu_base,952,162
6,2,cpu_base,953,144
6,2,cpu_base,954,178
6,2,cpu_base,955,148
6,2,cpu_base,956,149
6,2,cpu_base,957,157
6,2,cpu_base,958,145
6,2,cpu_base,959,144
6,2,cpu_base,960,209
6,2,cpu_base,961,159
6,2,cpu_base,962,185
6,2,cpu_base,963,148
6,2,cpu_base,964,142
6,2,cpu_base,965,160
6,2,cpu_base,966,143
6,2,cpu_base,967,146
6,2,cpu_base,968,142
6,2,cpu_base,969,145
6,2,cpu_base,970,150
6,2,cpu_base,971,141
6,2,cpu_base,972,141
6,2,cpu_base,973,140
6,2,cpu_base,974,147
6,2,cpu_base,975,142
6,2,cpu_base,976,150
6,2,cpu_base,977,146
6,2,cpu_base,978,144
6,2,cpu_base,979,146
6,2,cpu_base,980,145
6,2,cpu_base,981,145
6,2,cpu_base,982,144
6,2,cpu_base,983,144
6,2,cpu_base,984,146
6,2,cpu_base,985,141
6,2,cpu_base,986,141
6,2,cpu_base,987,142
6,2,cpu_base,988,144
6,2,cpu_base,989,146
6,2,cpu_base,990,143
6,2,cpu_base,991,146
6,2,cpu_base,992,143
6,2,cpu_base,993,144
6,2,cpu_base,994,152
6,2,cpu_base,995,142
6,2,cpu_base,996,143
6,2,cpu_base,997,143
6,2,cpu_base,998,144
6,2,cpu_base,999,141
6,2,serial,0,444
6,2,serial,1,446
6,2,serial,2,448
6,2,serial,3,442
6,2,serial,4,446
6,2,serial,5,443
6,2,serial,6,438
6,2,serial,7,440
6,2,serial,8,444
6,2,serial,9,443
6,2,serial,10,441
6,2,serial,11,441
6,2,serial,12,439
6,2,serial,13,590
6,2,serial,14,492
6,2,serial,15,516
6,2,serial,16,479
6,2,serial,17,479
6,2,serial,18,504
6,2,serial,19,484
6,2,serial,20,529
6,2,serial,21,588
6,2,serial,22,426
6,2,serial,23,451
6,2,serial,24,421
6,2,serial,25,426
6,2,serial,26,418
6,2,serial,27,455
6,2,serial,28,422
6,2,serial,29,479
6,2,serial,30,441
6,2,serial,31,559
6,2,serial,32,688
6,2,serial,33,782
6,2,serial,34,528
6,2,serial,35,857
6,2,serial,36,464
6,2,serial,37,474
6,2,serial,38,448
6,2,serial,39,488
6,2,serial,40,450
6,2,serial,41,450
6,2,serial,42,470
6,2,serial,43,517
6,2,serial,44,545
6,2,serial,45,475
6,2,serial,46,493
6,2,serial,47,558
6,2,serial,48,492
6,2,serial,49,480
6,2,serial,50,483
6,2,serial,51,445
6,2,serial,52,493
6,2,serial,53,442
6,2,serial,54,500
6,2,serial,55,460
6,2,serial,56,504
6,2,serial,57,472
6,2,serial,58,462
6,2,serial,59,480
6,2,serial,60,454
6,2,serial,61,474
6,2,serial,62,488
6,2,serial,63,471
6,2,serial,64,460
6,2,serial,65,458
6,2,serial,66,444
6,2,serial,67,475
6,2,serial,68,474
6,2,serial,69,462
6,2,serial,70,479
6,2,serial,71,463
6,2,serial,72,471
6,2,serial,73,472
6,2,serial,74,453
6,2,serial,75,664
6,2,serial,76,519
6,2,serial,77,439
6,2,serial,78,452
6,2,serial,79,478
6,2,serial,80,461
6,2,serial,81,445
6,2,serial,82,447
6,2,serial,83,446
6,2,serial,84,488
6,2,serial,85,494
6,2,serial,86,504
6,2,serial,87,518
6,2,serial,88,855
6,2,serial,89,503
6,2,serial,90,514
6,2,serial,91,475
6,2,serial,92,447
6,2,serial,93,434
6,2,serial,94,456
6,2,serial,95,440
6,2,serial,96,447
6,2,serial,97,453
6,2,serial,98,481
6,2,serial,99,453
6,2,serial,100,440
6,2,serial,101,444
6,2,serial,102,437
6,2,serial,103,448
6,2,serial,104,448
6,2,serial,105,439
6,2,serial,106,465
6,2,serial,107,530
6,2,serial,108,490
6,2,serial,109,466
6,2,serial,110,457
6,2,serial,111,452
6,2,serial,112,466
6,2,serial,113,456
6,2,serial,114,449
6,2,serial,115,448
6,2,serial,116,458
6,2,serial,117,454
6,2,serial,118,442
6,2,serial,119,449
6,2,serial,120,452
6,2,serial,121,463
6,2,serial,122,446
6,2,serial,123,440
6,2,serial,124,450
6,2,serial,125,443
6,2,serial,126,463
6,2,serial,127,451
6,2,serial,128,441
6,2,serial,129,442
6,2,serial,130,441
6,2,serial,131,442
6,2,serial,132,441
6,2,serial,133,448
6,2,serial,134,444
6,2,serial,135,452
6,2,serial,136,441
6,2,serial,137,440
6,2,serial,138,440
6,2,serial,139,441
6,2,serial,140,446
6,2,serial,141,467
6,2,serial,142,521
6,2,serial,143,504
6,2,serial,144,461
6,2,serial,145,443
6,2,serial,146,419
6,2,serial,147,444
6,2,serial,148,439
6,2,serial,149,445
6,2,serial,150,429
6,2,serial,151,470
6,2,serial,152,445
6,2,serial,153,458
6,2,serial,154,439
6,2,serial,155,447
6,2,serial,156,440
6,2,serial,157,441
6,2,serial,158,446
6,2,serial,159,462
6,2,serial,160,457
6,2,serial,161,445
6,2,serial,162,441
6,2,serial,163,445
6,2,serial,164,441
6,2,serial,165,443
6,2,serial,166,440
6,2,serial,167,439
6,2,serial,168,443
6,2,serial,169,436
6,2,serial,170,442
6,2,serial,171,440
6,2,serial,172,437
6,2,serial,173,443
6,2,serial,174,438
6,2,serial,175,444
6,2,serial,176,443
6,2,serial,177,544
6,2,serial,178,565
6,2,serial,179,427
6,2,serial,180,489
6,2,serial,181,448
6,2,serial,182,444
6,2,serial,183,444
6,2,serial,184,454
6,2,serial,185,443
6,2,serial,186,444
6,2,serial,187,443
6,2,serial,188,441
6,2,serial,189,442
6,2,serial,190,441
6,2,serial,191,441
6,2,serial,192,473
6,2,serial,193,440
6,2,serial,194,444
6,2,serial,195,441
6,2,serial,196,442
6,2,serial,197,442
6,2,serial,198,442
6,2,serial,199,438
6,2,serial,200,438
6,2,serial,201,441
6,2,serial,202,439
6,2,serial,203,441
6,2,serial,204,441
6,2,serial,205,443
6,2,serial,206,446
6,2,serial,207,441
6,2,serial,208,441
6,2,serial,209,437
6,2,serial,210,697
6,2,serial,211,574
6,2,serial,212,552
6,2,serial,213,570
6,2,serial,214,499
6,2,serial,215,503
6,2,serial,216,477
6,2,serial,217,477
6,2,serial,218,495
6,2,serial,219,470
6,2,serial,220,480
6,2,serial,221,498
6,2,serial,222,510
6,2,serial,223,537
6,2,serial,224,506
6,2,serial,225,521
6,2,serial,226,498
6,2,serial,227,514
6,2,serial,228,504
6,2,serial,229,507
6,2,serial,230,501
6,2,serial,231,535
6,2,serial,232,522
6,2,serial,233,522
6,2,serial,234,511
6,2,serial,235,505
6,2,serial,236,508
6,2,serial,237,531
6,2,serial,238,496
6,2,serial,239,499
6,2,serial,240,523
6,2,serial,241,582
6,2,serial,242,552
6,2,serial,243,573
6,2,serial,244,511
6,2,serial,245,560
6,2,serial,246,563
6,2,serial,247,559
6,2,serial,248,546
6,2,serial,249,552
6,2,serial,250,564
6,2,serial,251,500
6,2,serial,252,536
6,2,serial,253,565
6,2,serial,254,507
6,2,serial,255,544
6,2,serial,256,553
6,2,serial,257,551
6,2,serial,258,580
6,2,serial,259,567
6,2,serial,260,569
6,2,serial,261,575
6,2,serial,262,535
6,2,serial,263,539
6,2,serial,264,573
6,2,serial,265,551
6,2,serial,266,563
6,2,serial,267,506
6,2,serial,268,466
6,2,serial,269,580
6,2,serial,270,542
6,2,serial,271,738
6,2,serial,272,478
6,2,serial,273,546
6,2,serial,274,492
6,2,serial,275,453
6,2,serial,276,468
6,2,serial,277,449
6,2,serial,278,444
6,2,serial,279,452
6,2,serial,280,445
6,2,serial,281,459
6,2,serial,282,440
6,2,serial,283,453
6,2,serial,284,451
6,2,serial,285,451
6,2,serial,286,439
6,2,serial,287,459
6,2,serial,288,458
6,2,serial,289,442
6,2,serial,290,444
6,2,serial,291,440
6,2,serial,292,444
6,2,serial,293,444
6,2,serial,294,448
6,2,serial,295,444
6,2,serial,296,448
6,2,serial,297,439
6,2,serial,298,444
6,2,serial,299,450
6,2,serial,300,443
6,2,serial,301,442
6,2,serial,302,446
6,2,serial,303,563
6,2,serial,304,769
6,2,serial,305,730
6,2,serial,306,729
6,2,serial,307,724
6,2,serial,308,746
6,2,serial,309,490
6,2,serial,310,450
6,2,serial,311,459
6,2,serial,312,498
6,2,serial,313,476
6,2,serial,314,453
6,2,serial,315,451
6,2,serial,316,499
6,2,serial,317,458
6,2,serial,318,445
6,2,serial,319,455
6,2,serial,320,452
6,2,serial,321,451
6,2,serial,322,503
6,2,serial,323,486
6,2,serial,324,449
6,2,serial,325,448
6,2,serial,326,446
6,2,serial,327,441
6,2,serial,328,446
6,2,serial,329,447
6,2,serial,330,455
6,2,serial,331,473
6,2,serial,332,673
6,2,serial,333,469
6,2,serial,334,444
6,2,serial,335,592
6,2,serial,336,493
6,2,serial,337,475
6,2,serial,338,505
6,2,serial,339,504
6,2,serial,340,506
6,2,serial,341,473
6,2,serial,342,491
6,2,serial,343,490
6,2,serial,344,481
6,2,serial,345,531
6,2,serial,346,511
6,2,serial,347,573
6,2,serial,348,531
6,2,serial,349,511
6,2,serial,350,538
6,2,serial,351,539
6,2,serial,352,539
6,2,serial,353,545
6,2,serial,354,552
6,2,serial,355,536
6,2,serial,356,547
6,2,serial,357,525
6,2,serial,358,537
6,2,serial,359,543
6,2,serial,360,547
6,2,serial,361,505
6,2,serial,362,444
6,2,serial,363,544
6,2,serial,364,496
6,2,serial,365,529
6,2,serial,366,531
6,2,serial,367,513
6,2,serial,368,509
6,2,serial,369,521
6,2,serial,370,535
6,2,serial,371,498
6,2,serial,372,537
6,2,serial,373,533
6,2,serial,374,516
6,2,serial,375,506
6,2,serial,376,498
6,2,serial,377,502
6,2,serial,378,585
6,2,serial,379,890
6,2,serial,380,791
6,2,serial,381,733
6,2,serial,382,758
6,2,serial,383,737
6,2,serial,384,728
6,2,serial,385,732
6,2,serial,386,507
6,2,serial,387,509
6,2,serial,388,495
6,2,serial,389,592
6,2,serial,390,482
6,2,serial,391,484
6,2,serial,392,515
6,2,serial,393,565
6,2,serial,394,526
6,2,serial,395,456
6,2,serial,396,442
6,2,serial,397,445
6,2,serial,398,440
6,2,serial,399,438
6,2,serial,400,445
6,2,serial,401,445
6,2,serial,402,434
6,2,serial,403,434
6,2,serial,404,451
6,2,serial,405,448
6,2,serial,406,445
6,2,serial,407,446
6,2,serial,408,442
6,2,serial,409,447
6,2,serial,410,444
6,2,serial,411,471
6,2,serial,412,459
6,2,serial,413,446
6,2,serial,414,439
6,2,serial,415,462
6,2,serial,416,451
6,2,serial,417,452
6,2,serial,418,441
6,2,serial,419,444
6,2,serial,420,437
6,2,serial,421,491
6,2,serial,422,510
6,2,serial,423,470
6,2,serial,424,444
6,2,serial,425,445
6,2,serial,426,450
6,2,serial,427,443
6,2,serial,428,445
6,2,serial,429,455
6,2,serial,430,469
6,2,serial,431,458
6,2,serial,432,448
6,2,serial,433,444
6,2,serial,434,443
6,2,serial,435,444
6,2,serial,436,441
6,2,serial,437,448
6,2,serial,438,459
6,2,serial,439,450
6,2,serial,440,449
6,2,serial,441,445
6,2,serial,442,460
6,2,serial,443,444
6,2,serial,444,473
6,2,serial,445,444
6,2,serial,446,466
6,2,serial,447,451
6,2,serial,448,476
6,2,serial,449,445
6,2,serial,450,443
6,2,serial,451,444
6,2,serial,452,470
6,2,serial,453,446
6,2,serial,454,443
6,2,serial,455,465
6,2,serial,456,503
6,2,serial,457,477
6,2,serial,458,456
6,2,serial,459,556
6,2,serial,460,527
6,2,serial,461,447
6,2,serial,462,463
6,2,serial,463,448
6,2,serial,464,467
6,2,serial,465,464
6,2,serial,466,475
6,2,serial,467,463
6,2,serial,468,461
6,2,serial,469,483
6,2,serial,470,495
6,2,serial,471,460
6,2,serial,472,457
6,2,serial,473,472
6,2,serial,474,456
6,2,serial,475,461
6,2,serial,476,466
6,2,serial,477,463
6,2,serial,478,469
6,2,serial,479,474
6,2,serial,480,471
6,2,serial,481,446
6,2,serial,482,465
6,2,serial,483,459
6,2,serial,484,474
6,2,serial,485,468
6,2,serial,486,439
6,2,serial,487,443
6,2,serial,488,464
6,2,serial,489,633
6,2,serial,490,589
6,2,serial,491,570
6,2,serial,492,590
6,2,serial,493,598
6,2,serial,494,558
6,2,serial,495,570
6,2,serial,496,548
6,2,serial,497,564
6,2,serial,498,554
6,2,serial,499,829
6,2,serial,500,496
6,2,serial,501,492
6,2,serial,502,519
6,2,serial,503,504
6,2,serial,504,498
6,2,serial,505,461
6,2,serial,506,495
6,2,serial,507,464
6,2,serial,508,486
6,2,serial,509,571
6,2,serial,510,490
6,2,serial,511,476
6,2,serial,512,512
6,2,serial,513,478
6,2,serial,514,445
6,2,serial,515,471
6,2,serial,516,454
6,2,serial,517,626
6,2,serial,518,543
6,2,serial,519,487
6,2,serial,520,509
6,2,serial,521,512
6,2,serial,522,511
6,2,serial,523,478
6,2,serial,524,487
6,2,serial,525,503
6,2,serial,526,491
6,2,serial,527,493
6,2,serial,528,481
6,2,serial,529,453
6,2,serial,530,524
6,2,serial,531,477
6,2,serial,532,457
6,2,serial,533,492
6,2,serial,534,478
6,2,serial,535,475
6,2,serial,536,454
6,2,serial,537,503
6,2,serial,538,479
6,2,serial,539,444
6,2,serial,540,476
6,2,serial,541,767
6,2,serial,542,739
6,2,serial,543,742
6,2,serial,544,726
6,2,serial,545,726
6,2,serial,546,785
6,2,serial,547,433
6,2,serial,548,432
6,2,serial,549,447
6,2,serial,550,483
6,2,serial,551,502
6,2,serial,552,526
6,2,serial,553,501
6,2,serial,554,500
6,2,serial,555,500
6,2,serial,556,503
6,2,serial,557,500
6,2,serial,558,505
6,2,serial,559,480
6,2,serial,560,505
6,2,serial,561,480
6,2,serial,562,506
6,2,serial,563,501
6,2,serial,564,502
6,2,serial,565,499
6,2,serial,566,503
6,2,serial,567,500
6,2,serial,568,505
6,2,serial,569,501
6,2,serial,570,505
6,2,serial,571,501
6,2,serial,572,510
6,2,serial,573,501
6,2,serial,574,499
6,2,serial,575,501
6,2,serial,576,622
6,2,serial,577,531
6,2,serial,578,520
6,2,serial,579,456
6,2,serial,580,442
6,2,serial,581,442
6,2,serial,582,453
6,2,serial,583,442
6,2,serial,584,445
6,2,serial,585,440
6,2,serial,586,441
6,2,serial,587,433
6,2,serial,588,455
6,2,serial,589,442
6,2,serial,590,440
6,2,serial,591,450
6,2,serial,592,441
6,2,serial,593,467
6,2,serial,594,444
6,2,serial,595,440
6,2,serial,596,440
6,2,serial,597,443
6,2,serial,598,443
6,2,serial,599,444
6,2,serial,600,452
6,2,serial,601,442
6,2,serial,602,444
6,2,serial,603,441
6,2,serial,604,453
6,2,serial,605,437
6,2,serial,606,440
6,2,serial,607,441
6,2,serial,608,438
6,2,serial,609,453
6,2,serial,610,444
6,2,serial,611,528
6,2,serial,612,525
6,2,serial,613,480
6,2,serial,614,469
6,2,serial,615,513
6,2,serial,616,516
6,2,serial,617,523
6,2,serial,618,501
6,2,serial,619,519
6,2,serial,620,514
6,2,serial,621,446
6,2,serial,622,496
6,2,serial,623,489
6,2,serial,624,445
6,2,serial,625,465
6,2,serial,626,498
6,2,serial,627,492
6,2,serial,628,495
6,2,serial,629,506
6,2,serial,630,519
6,2,serial,631,535
6,2,serial,632,465
6,2,serial,633,514
6,2,serial,634,490
6,2,serial,635,522
6,2,serial,636,491
6,2,serial,637,490
6,2,serial,638,493
6,2,serial,639,527
6,2,serial,640,491
6,2,serial,641,567
6,2,serial,642,506
6,2,serial,643,455
6,2,serial,644,454
6,2,serial,645,451
6,2,serial,646,466
6,2,serial,647,445
6,2,serial,648,443
6,2,serial,649,446
6,2,serial,650,447
6,2,serial,651,443
6,2,serial,652,438
6,2,serial,653,446
6,2,serial,654,447
6,2,serial,655,444
6,2,serial,656,443
6,2,serial,657,440
6,2,serial,658,447
6,2,serial,659,444
6,2,serial,660,443
6,2,serial,661,447
6,2,serial,662,446
6,2,serial,663,443
6,2,serial,664,444
6,2,serial,665,444
6,2,serial,666,440
6,2,serial,667,442
6,2,serial,668,450
6,2,serial,669,486
6,2,serial,670,449
6,2,serial,671,449
6,2,serial,672,456
6,2,serial,673,443
6,2,serial,674,449
6,2,serial,675,498
6,2,serial,676,436
6,2,serial,677,481
6,2,serial,678,425
6,2,serial,679,475
6,2,serial,680,448
6,2,serial,681,444
6,2,serial,682,446
6,2,serial,683,442
6,2,serial,684,445
6,2,serial,685,455
6,2,serial,686,447
6,2,serial,687,446
6,2,serial,688,446
6,2,serial,689,440
6,2,serial,690,454
6,2,serial,691,445
6,2,serial,692,447
6,2,serial,693,445
6,2,serial,694,444
6,2,serial,695,448
6,2,serial,696,445
6,2,serial,697,445
6,2,serial,698,442
6,2,serial,699,453
6,2,serial,700,443
6,2,serial,701,447
6,2,serial,702,444
6,2,serial,703,445
6,2,serial,704,448
6,2,serial,705,442
6,2,serial,706,448
6,2,serial,707,442
6,2,serial,708,484
6,2,serial,709,447
6,2,serial,710,505
6,2,serial,711,450
6,2,serial,712,447
6,2,serial,713,421
6,2,serial,714,462
6,2,serial,715,446
6,2,serial,716,454
6,2,serial,717,445
6,2,serial,718,448
6,2,serial,719,448
6,2,serial,720,448
6,2,serial,721,452
6,2,serial,722,444
6,2,serial,723,443
6,2,serial,724,445
6,2,serial,725,464
6,2,serial,726,443
6,2,serial,727,447
6,2,serial,728,444
6,2,serial,729,442
6,2,serial,730,457
6,2,serial,731,448
6,2,serial,732,443
6,2,serial,733,443
6,2,serial,734,447
6,2,serial,735,444
6,2,serial,736,444
6,2,serial,737,451
6,2,serial,738,442
6,2,serial,739,474
6,2,serial,740,448
6,2,serial,741,478
6,2,serial,742,444
6,2,serial,743,471
6,2,serial,744,445
6,2,serial,745,452
6,2,serial,746,499
6,2,serial,747,444
6,2,serial,748,423
6,2,serial,749,428
6,2,serial,750,431
6,2,serial,751,426
6,2,serial,752,418
6,2,serial,753,438
6,2,serial,754,442
6,2,serial,755,444
6,2,serial,756,451
6,2,serial,757,442
6,2,serial,758,441
6,2,serial,759,465
6,2,serial,760,455
6,2,serial,761,466
6,2,serial,762,446
6,2,serial,763,456
6,2,serial,764,448
6,2,serial,765,436
6,2,serial,766,445
6,2,serial,767,457
6,2,serial,768,469
6,2,serial,769,427
6,2,serial,770,445
6,2,serial,771,465
6,2,serial,772,455
6,2,serial,773,576
6,2,serial,774,533
6,2,serial,775,539
6,2,serial,776,593
6,2,serial,777,533
6,2,serial,778,747
6,2,serial,779,644
6,2,serial,780,640
6,2,serial,781,605
6,2,serial,782,587
6,2,serial,783,550
6,2,serial,784,618
6,2,serial,785,572
6,2,serial,786,667
6,2,serial,787,671
6,2,serial,788,480
6,2,serial,789,485
6,2,serial,790,473
6,2,serial,791,464
6,2,serial,792,463
6,2,serial,793,433
6,2,serial,794,466
6,2,serial,795,465
6,2,serial,796,449
6,2,serial,797,462
6,2,serial,798,486
6,2,serial,799,449
6,2,serial,800,462
6,2,serial,801,499
6,2,serial,802,532
6,2,serial,803,533
6,2,serial,804,497
6,2,serial,805,583
6,2,serial,806,486
6,2,serial,807,479
6,2,serial,808,552
6,2,serial,809,586
6,2,serial,810,566
6,2,serial,811,612
6,2,serial,812,518
6,2,serial,813,526
6,2,serial,814,445
6,2,serial,815,469
6,2,serial,816,500
6,2,serial,817,507
6,2,serial,818,570
6,2,serial,819,543
6,2,serial,820,476
6,2,serial,821,494
6,2,serial,822,548
6,2,serial,823,532
6,2,serial,824,611
6,2,serial,825,580
6,2,serial,826,573
6,2,serial,827,558
6,2,serial,828,536
6,2,serial,829,477
6,2,serial,830,534
6,2,serial,831,494
6,2,serial,832,529
6,2,serial,833,577
6,2,serial,834,531
6,2,serial,835,515
6,2,serial,836,462
6,2,serial,837,475
6,2,serial,838,717
6,2,serial,839,490
6,2,serial,840,482
6,2,serial,841,449
6,2,serial,842,527
6,2,serial,843,487
6,2,serial,844,448
6,2,serial,845,443
6,2,serial,846,460
6,2,serial,847,445
6,2,serial,848,459
6,2,serial,849,496
6,2,serial,850,444
6,2,serial,851,451
6,2,serial,852,451
6,2,serial,853,443
6,2,serial,854,445
6,2,serial,855,507
6,2,serial,856,433
6,2,serial,857,502
6,2,serial,858,477
6,2,serial,859,449
6,2,serial,860,459
6,2,serial,861,470
6,2,serial,862,457
6,2,serial,863,470
6,2,serial,864,447
6,2,serial,865,456
6,2,serial,866,468
6,2,serial,867,481
6,2,serial,868,619
6,2,serial,869,544
6,2,serial,870,511
6,2,serial,871,523
6,2,serial,872,750
6,2,serial,873,509
6,2,serial,874,448
6,2,serial,875,455
6,2,serial,876,434
6,2,serial,877,536
6,2,serial,878,486
6,2,serial,879,449
6,2,serial,880,450
6,2,serial,881,497
6,2,serial,882,517
6,2,serial,883,501
6,2,serial,884,464
6,2,serial,885,449
6,2,serial,886,546
6,2,serial,887,522
6,2,serial,888,488
6,2,serial,889,445
6,2,serial,890,428
6,2,serial,891,498
6,2,serial,892,466
6,2,serial,893,440
6,2,serial,894,424
6,2,serial,895,422
6,2,serial,896,468
6,2,serial,897,466
6,2,serial,898,468
6,2,serial,899,457
6,2,serial,900,603
6,2,serial,901,484
6,2,serial,902,514
6,2,serial,903,519
6,2,serial,904,480
6,2,serial,905,518
6,2,serial,906,543
6,2,serial,907,504
6,2,serial,908,477
6,2,serial,909,508
6,2,serial,910,507
6,2,serial,911,503
6,2,serial,912,492
6,2,serial,913,449
6,2,serial,914,473
6,2,serial,915,476
6,2,serial,916,487
6,2,serial,917,463
6,2,serial,918,440
6,2,serial,919,468
6,2,serial,920,522
6,2,serial,921,490
6,2,serial,922,448
6,2,serial,923,445
6,2,serial,924,450
6,2,serial,925,498
6,2,serial,926,504
6,2,serial,927,486
6,2,serial,928,480
6,2,serial,929,489
6,2,serial,930,538
6,2,serial,931,518
6,2,serial,932,666
6,2,serial,933,711
6,2,serial,934,435
6,2,serial,935,494
6,2,serial,936,478
6,2,serial,937,468
6,2,serial,938,474
6,2,serial,939,444
6,2,serial,940,482
6,2,serial,941,533
6,2,serial,942,462
6,2,serial,943,452
6,2,serial,944,444
6,2,serial,945,464
6,2,serial,946,500
6,2,serial,947,468
6,2,serial,948,518
6,2,serial,949,524
6,2,serial,950,559
6,2,serial,951,465
6,2,serial,952,494
6,2,serial,953,475
6,2,serial,954,458
6,2,serial,955,470
6,2,serial,956,461
6,2,serial,957,449
6,2,serial,958,451
6,2,serial,959,441
6,2,serial,960,459
6,2,serial,961,479
6,2,serial,962,495
6,2,serial,963,535
6,2,serial,964,473
6,2,serial,965,481
6,2,serial,966,505
6,2,serial,967,430
6,2,serial,968,539
6,2,serial,969,492
6,2,serial,970,510
6,2,serial,971,497
6,2,serial,972,579
6,2,serial,973,469
6,2,serial,974,471
6,2,serial,975,489
6,2,serial,976,452
6,2,serial,977,450
6,2,serial,978,466
6,2,serial,979,446
6,2,serial,980,505
6,2,serial,981,502
6,2,serial,982,473
6,2,serial,983,450
6,2,serial,984,472
6,2,serial,985,461
6,2,serial,986,495
6,2,serial,987,529
6,2,serial,988,545
6,2,serial,989,498
6,2,serial,990,464
6,2,serial,991,451
6,2,serial,992,460
6,2,serial,993,692
6,2,serial,994,812
6,2,serial,995,545
6,2,serial,996,498
6,2,serial,997,450
6,2,serial,998,519
6,2,serial,999,473
6,2,concurrent,0,517
6,2,concurrent,1,482
6,2,concurrent,2,565
6,2,concurrent,3,528
6,2,concurrent,4,601
6,2,concurrent,5,524
6,2,concurrent,6,523
6,2,concurrent,7,493
6,2,concurrent,8,515
6,2,concurrent,9,513
6,2,concurrent,10,513
6,2,concurrent,11,495
6,2,concurrent,12,493
6,2,concurrent,13,468
6,2,concurrent,14,521
6,2,concurrent,15,467
6,2,concurrent,16,437
6,2,concurrent,17,437
6,2,concurrent,18,455
6,2,concurrent,19,504
6,2,concurrent,20,468
6,2,concurrent,21,628
6,2,concurrent,22,483
6,2,concurrent,23,468
6,2,concurrent,24,422
6,2,concurrent,25,399
6,2,concurrent,26,413
6,2,concurrent,27,447
6,2,concurrent,28,422
6,2,concurrent,29,446
6,2,concurrent,30,422
6,2,concurrent,31,441
6,2,concurrent,32,476
6,2,concurrent,33,419
6,2,concurrent,34,499
6,2,concurrent,35,479
6,2,concurrent,36,431
6,2,concurrent,37,438
6,2,concurrent,38,456
6,2,concurrent,39,551
6,2,concurrent,40,506
6,2,concurrent,41,483
6,2,concurrent,42,585
6,2,concurrent,43,513
6,2,concurrent,44,457
6,2,concurrent,45,560
6,2,concurrent,46,616
6,2,concurrent,47,457
6,2,concurrent,48,462
6,2,concurrent,49,445
6,2,concurrent,50,455
6,2,concurrent,51,450
6,2,concurrent,52,437
6,2,concurrent,53,434
6,2,concurrent,54,412
6,2,concurrent,55,422
6,2,concurrent,56,412
6,2,concurrent,57,434
6,2,concurrent,58,402
6,2,concurrent,59,391
6,2,concurrent,60,394
6,2,concurrent,61,411
6,2,concurrent,62,391
6,2,concurrent,63,407
6,2,concurrent,64,391
6,2,concurrent,65,395
6,2,concurrent,66,400
6,2,concurrent,67,397
6,2,concurrent,68,433
6,2,concurrent,69,415
6,2,concurrent,70,391
6,2,concurrent,71,409
6,2,concurrent,72,404
6,2,concurrent,73,401
6,2,concurrent,74,423
6,2,concurrent,75,391
6,2,concurrent,76,383
6,2,concurrent,77,401
6,2,concurrent,78,415
6,2,concurrent,79,419
6,2,concurrent,80,385
6,2,concurrent,81,388
6,2,concurrent,82,395
6,2,concurrent,83,613
6,2,concurrent,84,580
6,2,concurrent,85,609
6,2,concurrent,86,575
6,2,concurrent,87,552
6,2,concurrent,88,460
6,2,concurrent,89,466
6,2,concurrent,90,467
6,2,concurrent,91,459
6,2,concurrent,92,466
6,2,concurrent,93,548
6,2,concurrent,94,577
6,2,concurrent,95,530
6,2,concurrent,96,568
6,2,concurrent,97,549
6,2,concurrent,98,524
6,2,concurrent,99,508
6,2,concurrent,100,554
6,2,concurrent,101,565
6,2,concurrent,102,460
6,2,concurrent,103,468
6,2,concurrent,104,516
6,2,concurrent,105,460
6,2,concurrent,106,523
6,2,concurrent,107,500
6,2,concurrent,108,522
6,2,concurrent,109,482
6,2,concurrent,110,507
6,2,concurrent,111,549
6,2,concurrent,112,560
6,2,concurrent,113,690
6,2,concurrent,114,547
6,2,concurrent,115,614
6,2,concurrent,116,611
6,2,concurrent,117,487
6,2,concurrent,118,557
6,2,concurrent,119,474
6,2,concurrent,120,411
6,2,concurrent,121,416
6,2,concurrent,122,732
6,2,concurrent,123,434
6,2,concurrent,124,389
6,2,concurrent,125,407
6,2,concurrent,126,390
6,2,concurrent,127,395
6,2,concurrent,128,408
6,2,concurrent,129,421
6,2,concurrent,130,409
6,2,concurrent,131,420
6,2,concurrent,132,415
6,2,concurrent,133,419
6,2,concurrent,134,430
6,2,concurrent,135,446
6,2,concurrent,136,438
6,2,concurrent,137,420
6,2,concurrent,138,442
6,2,concurrent,139,415
6,2,concurrent,140,406
6,2,concurrent,141,399
6,2,concurrent,142,405
6,2,concurrent,143,397
6,2,concurrent,144,407
6,2,concurrent,145,409
6,2,concurrent,146,411
6,2,concurrent,147,409
6,2,concurrent,148,439
6,2,concurrent,149,494
6,2,concurrent,150,414
6,2,concurrent,151,460
6,2,concurrent,152,416
6,2,concurrent,153,415
6,2,concurrent,154,413
6,2,concurrent,155,390
6,2,concurrent,156,391
6,2,concurrent,157,387
6,2,concurrent,158,415
6,2,concurrent,159,390
6,2,concurrent,160,445
6,2,concurrent,161,397
6,2,concurrent,162,412
6,2,concurrent,163,438
6,2,concurrent,164,435
6,2,concurrent,165,396
6,2,concurrent,166,412
6,2,concurrent,167,415
6,2,concurrent,168,411
6,2,concurrent,169,419
6,2,concurrent,170,394
6,2,concurrent,171,435
6,2,concurrent,172,401
6,2,concurrent,173,378
6,2,concurrent,174,398
6,2,concurrent,175,393
6,2,concurrent,176,408
6,2,concurrent,177,410
6,2,concurrent,178,390
6,2,concurrent,179,413
6,2,concurrent,180,443
6,2,concurrent,181,396
6,2,concurrent,182,395
6,2,concurrent,183,396
6,2,concurrent,184,412
6,2,concurrent,185,400
6,2,concurrent,186,411
6,2,concurrent,187,391
6,2,concurrent,188,553
6,2,concurrent,189,489
6,2,concurrent,190,491
6,2,concurrent,191,464
6,2,concurrent,192,443
6,2,concurrent,193,473
6,2,concurrent,194,484
6,2,concurrent,195,503
6,2,concurrent,196,464
6,2,concurrent,197,435
6,2,concurrent,198,463
6,2,concurrent,199,486
6,2,concurrent,200,478
6,2,concurrent,201,436
6,2,concurrent,202,465
6,2,concurrent,203,448
6,2,concurrent,204,492
6,2,concurrent,205,451
6,2,concurrent,206,492
6,2,concurrent,207,453
6,2,concurrent,208,484
6,2,concurrent,209,487
6,2,concurrent,210,465
6,2,concurrent,211,446
6,2,concurrent,212,438
6,2,concurrent,213,473
6,2,concurrent,214,468
6,2,concurrent,215,450
6,2,concurrent,216,473
6,2,concurrent,217,465
6,2,concurrent,218,460
6,2,concurrent,219,473
6,2,concurrent,220,483
6,2,concurrent,221,580
6,2,concurrent,222,482
6,2,concurrent,223,455
6,2,concurrent,224,513
6,2,concurrent,225,477
6,2,concurrent,226,446
6,2,concurrent,227,430
6,2,concurrent,228,466
6,2,concurrent,229,452
6,2,concurrent,230,443
6,2,concurrent,231,503
6,2,concurrent,232,498
6,2,concurrent,233,443
6,2,concurrent,234,395
6,2,concurrent,235,406
6,2,concurrent,236,383
6,2,concurrent,237,398
6,2,concurrent,238,392
6,2,concurrent,239,394
6,2,concurrent,240,416
6,2,concurrent,241,390
6,2,concurrent,242,406
6,2,concurrent,243,397
6,2,concurrent,244,413
6,2,concurrent,245,396
6,2,concurrent,246,395
6,2,concurrent,247,412
6,2,concurrent,248,396
6,2,concurrent,249,399
6,2,concurrent,250,384
6,2,concurrent,251,390
6,2,concurrent,252,416
6,2,concurrent,253,381
6,2,concurrent,254,401
6,2,concurrent,255,412
6,2,concurrent,256,388
6,2,concurrent,257,629
6,2,concurrent,258,476
6,2,concurrent,259,443
6,2,concurrent,260,484
6,2,concurrent,261,459
6,2,concurrent,262,468
6,2,concurrent,263,421
6,2,concurrent,264,397
6,2,concurrent,265,418
6,2,concurrent,266,410
6,2,concurrent,267,492
6,2,concurrent,268,404
6,2,concurrent,269,416
6,2,concurrent,270,393
6,2,concurrent,271,391
6,2,concurrent,272,435
6,2,concurrent,273,476
6,2,concurrent,274,422
6,2,concurrent,275,414
6,2,concurrent,276,417
6,2,concurrent,277,419
6,2,concurrent,278,484
6,2,concurrent,279,449
6,2,concurrent,280,445
6,2,concurrent,281,438
6,2,concurrent,282,435
6,2,concurrent,283,392
6,2,concurrent,284,447
6,2,concurrent,285,399
6,2,concurrent,286,417
6,2,concurrent,287,412
6,2,concurrent,288,412
6,2,concurrent,289,484
6,2,concurrent,290,488
6,2,concurrent,291,458
6,2,concurrent,292,463
6,2,concurrent,293,494
6,2,concurrent,294,413
6,2,concurrent,295,754
6,2,concurrent,296,400
6,2,concurrent,297,421
6,2,concurrent,298,417
6,2,concurrent,299,417
6,2,concurrent,300,413
6,2,concurrent,301,413
6,2,concurrent,302,436
6,2,concurrent,303,393
6,2,concurrent,304,414
6,2,concurrent,305,415
6,2,concurrent,306,438
6,2,concurrent,307,413
6,2,concurrent,308,412
6,2,concurrent,309,419
6,2,concurrent,310,415
6,2,concurrent,311,408
6,2,concurrent,312,426
6,2,concurrent,313,390
6,2,concurrent,314,389
6,2,concurrent,315,411
6,2,concurrent,316,409
6,2,concurrent,317,443
6,2,concurrent,318,413
6,2,concurrent,319,420
6,2,concurrent,320,436
6,2,concurrent,321,435
6,2,concurrent,322,403
6,2,concurrent,323,391
6,2,concurrent,324,393
6,2,concurrent,325,416
6,2,concurrent,326,391
6,2,concurrent,327,444
6,2,concurrent,328,404
6,2,concurrent,329,420
6,2,concurrent,330,449
6,2,concurrent,331,427
6,2,concurrent,332,407
6,2,concurrent,333,405
6,2,concurrent,334,444
6,2,concurrent,335,411
6,2,concurrent,336,413
6,2,concurrent,337,410
6,2,concurrent,338,388
6,2,concurrent,339,392
6,2,concurrent,340,420
6,2,concurrent,341,423
6,2,concurrent,342,437
6,2,concurrent,343,412
6,2,concurrent,344,415
6,2,concurrent,345,440
6,2,concurrent,346,411
6,2,concurrent,347,383
6,2,concurrent,348,391
6,2,concurrent,349,407
6,2,concurrent,350,410
6,2,concurrent,351,391
6,2,concurrent,352,391
6,2,concurrent,353,437
6,2,concurrent,354,420
6,2,concurrent,355,409
6,2,concurrent,356,422
6,2,concurrent,357,414
6,2,concurrent,358,414
6,2,concurrent,359,414
6,2,concurrent,360,416
6,2,concurrent,361,413
6,2,concurrent,362,412
6,2,concurrent,363,423
6,2,concurrent,364,391
6,2,concurrent,365,450
6,2,concurrent,366,504
6,2,concurrent,367,419
6,2,concurrent,368,453
6,2,concurrent,369,436
6,2,concurrent,370,435
6,2,concurrent,371,428
6,2,concurrent,372,449
6,2,concurrent,373,456
6,2,concurrent,374,470
6,2,concurrent,375,436
6,2,concurrent,376,458
6,2,concurrent,377,472
6,2,concurrent,378,442
6,2,concurrent,379,434
6,2,concurrent,380,434
6,2,concurrent,381,436
6,2,concurrent,382,440
6,2,concurrent,383,469
6,2,concurrent,384,475
6,2,concurrent,385,474
6,2,concurrent,386,472
6,2,concurrent,387,476
6,2,concurrent,388,468
6,2,concurrent,389,468
6,2,concurrent,390,425
6,2,concurrent,391,446
6,2,concurrent,392,481
6,2,concurrent,393,469
6,2,concurrent,394,475
6,2,concurrent,395,472
6,2,concurrent,396,436
6,2,concurrent,397,440
6,2,concurrent,398,475
6,2,concurrent,399,494
6,2,concurrent,400,611
6,2,concurrent,401,547
6,2,concurrent,402,471
6,2,concurrent,403,467
6,2,concurrent,404,491
6,2,concurrent,405,572
6,2,concurrent,406,615
6,2,concurrent,407,527
6,2,concurrent,408,533
6,2,concurrent,409,492
6,2,concurrent,410,558
6,2,concurrent,411,484
6,2,concurrent,412,491
6,2,concurrent,413,434
6,2,concurrent,414,505
6,2,concurrent,415,456
6,2,concurrent,416,471
6,2,concurrent,417,500
6,2,concurrent,418,509
6,2,concurrent,419,473
6,2,concurrent,420,436
6,2,concurrent,421,442
6,2,concurrent,422,472
6,2,concurrent,423,536
6,2,concurrent,424,395
6,2,concurrent,425,500
6,2,concurrent,426,459
6,2,concurrent,427,492
6,2,concurrent,428,453
6,2,concurrent,429,424
6,2,concurrent,430,461
6,2,concurrent,431,478
6,2,concurrent,432,427
6,2,concurrent,433,538
6,2,concurrent,434,458
6,2,concurrent,435,402
6,2,concurrent,436,410
6,2,concurrent,437,406
6,2,concurrent,438,424
6,2,concurrent,439,388
6,2,concurrent,440,387
6,2,concurrent,441,426
6,2,concurrent,442,417
6,2,concurrent,443,397
6,2,concurrent,444,391
6,2,concurrent,445,428
6,2,concurrent,446,406
6,2,concurrent,447,365
6,2,concurrent,448,375
6,2,concurrent,449,412
6,2,concurrent,450,436
6,2,concurrent,451,430
6,2,concurrent,452,456
6,2,concurrent,453,455
6,2,concurrent,454,483
6,2,concurrent,455,404
6,2,concurrent,456,445
6,2,concurrent,457,448
6,2,concurrent,458,426
6,2,concurrent,459,469
6,2,concurrent,460,418
6,2,concurrent,461,426
6,2,concurrent,462,380
6,2,concurrent,463,387
6,2,concurrent,464,386
6,2,concurrent,465,432
6,2,concurrent,466,398
6,2,concurrent,467,411
6,2,concurrent,468,566
6,2,concurrent,469,557
6,2,concurrent,470,502
6,2,concurrent,471,476
6,2,concurrent,472,445
6,2,concurrent,473,518
6,2,concurrent,474,420
6,2,concurrent,475,422
6,2,concurrent,476,434
6,2,concurrent,477,418
6,2,concurrent,478,455
6,2,concurrent,479,455
6,2,concurrent,480,379
6,2,concurrent,481,445
6,2,concurrent,482,420
6,2,concurrent,483,456
6,2,concurrent,484,410
6,2,concurrent,485,399
6,2,concurrent,486,397
6,2,concurrent,487,415
6,2,concurrent,488,436
6,2,concurrent,489,405
6,2,concurrent,490,369
6,2,concurrent,491,437
6,2,concurrent,492,391
6,2,concurrent,493,383
6,2,concurrent,494,395
6,2,concurrent,495,441
6,2,concurrent,496,421
6,2,concurrent,497,429
6,2,concurrent,498,428
6,2,concurrent,499,426
6,2,concurrent,500,479
6,2,concurrent,501,456
6,2,concurrent,502,446
6,2,concurrent,503,456
6,2,concurrent,504,658
6,2,concurrent,505,430
6,2,concurrent,506,401
6,2,concurrent,507,408
6,2,concurrent,508,416
6,2,concurrent,509,419
6,2,concurrent,510,409
6,2,concurrent,511,383
6,2,concurrent,512,398
6,2,concurrent,513,415
6,2,concurrent,514,411
6,2,concurrent,515,387
6,2,concurrent,516,381
6,2,concurrent,517,390
6,2,concurrent,518,386
6,2,concurrent,519,448
6,2,concurrent,520,417
6,2,concurrent,521,415
6,2,concurrent,522,433
6,2,concurrent,523,459
6,2,concurrent,524,423
6,2,concurrent,525,427
6,2,concurrent,526,438
6,2,concurrent,527,482
6,2,concurrent,528,446
6,2,concurrent,529,386
6,2,concurrent,530,391
6,2,concurrent,531,395
6,2,concurrent,532,475
6,2,concurrent,533,461
6,2,concurrent,534,431
6,2,concurrent,535,455
6,2,concurrent,536,456
6,2,concurrent,537,409
6,2,concurrent,538,455
6,2,concurrent,539,563
6,2,concurrent,540,427
6,2,concurrent,541,505
6,2,concurrent,542,519
6,2,concurrent,543,446
6,2,concurrent,544,461
6,2,concurrent,545,438
6,2,concurrent,546,457
6,2,concurrent,547,693
6,2,concurrent,548,482
6,2,concurrent,549,402
6,2,concurrent,550,392
6,2,concurrent,551,409
6,2,concurrent,552,405
6,2,concurrent,553,387
6,2,concurrent,554,474
6,2,concurrent,555,463
6,2,concurrent,556,427
6,2,concurrent,557,459
6,2,concurrent,558,456
6,2,concurrent,559,417
6,2,concurrent,560,455
6,2,concurrent,561,405
6,2,concurrent,562,387
6,2,concurrent,563,422
6,2,concurrent,564,393
6,2,concurrent,565,393
6,2,concurrent,566,410
6,2,concurrent,567,443
6,2,concurrent,568,422
6,2,concurrent,569,454
6,2,concurrent,570,425
6,2,concurrent,571,435
6,2,concurrent,572,452
6,2,concurrent,573,402
6,2,concurrent,574,486
6,2,concurrent,575,396
6,2,concurrent,576,411
6,2,concurrent,577,409
6,2,concurrent,578,431
6,2,concurrent,579,425
6,2,concurrent,580,428
6,2,concurrent,581,458
6,2,concurrent,582,455
6,2,concurrent,583,467
6,2,concurrent,584,423
6,2,concurrent,585,458
6,2,concurrent,586,422
6,2,concurrent,587,428
6,2,concurrent,588,416
6,2,concurrent,589,404
6,2,concurrent,590,416
6,2,concurrent,591,428
6,2,concurrent,592,408
6,2,concurrent,593,407
6,2,concurrent,594,459
6,2,concurrent,595,457
6,2,concurrent,596,405
6,2,concurrent,597,442
6,2,concurrent,598,416
6,2,concurrent,599,447
6,2,concurrent,600,422
6,2,concurrent,601,484
6,2,concurrent,602,428
6,2,concurrent,603,380
6,2,concurrent,604,507
6,2,concurrent,605,388
6,2,concurrent,606,404
6,2,concurrent,607,455
6,2,concurrent,608,450
6,2,concurrent,609,391
6,2,concurrent,610,456
6,2,concurrent,611,638
6,2,concurrent,612,516
6,2,concurrent,613,486
6,2,concurrent,614,462
6,2,concurrent,615,472
6,2,concurrent,616,443
6,2,concurrent,617,450
6,2,concurrent,618,452
6,2,concurrent,619,430
6,2,concurrent,620,449
6,2,concurrent,621,451
6,2,concurrent,622,418
6,2,concurrent,623,449
6,2,concurrent,624,445
6,2,concurrent,625,382
6,2,concurrent,626,375
6,2,concurrent,627,372
6,2,concurrent,628,404
6,2,concurrent,629,420
6,2,concurrent,630,417
6,2,concurrent,631,421
6,2,concurrent,632,459
6,2,concurrent,633,418
6,2,concurrent,634,424
6,2,concurrent,635,456
6,2,concurrent,636,434
6,2,concurrent,637,392
6,2,concurrent,638,378
6,2,concurrent,639,386
6,2,concurrent,640,416
6,2,concurrent,641,375
6,2,concurrent,642,390
6,2,concurrent,643,379
6,2,concurrent,644,452
6,2,concurrent,645,429
6,2,concurrent,646,497
6,2,concurrent,647,483
6,2,concurrent,648,433
6,2,concurrent,649,418
6,2,concurrent,650,420
6,2,concurrent,651,377
6,2,concurrent,652,382
6,2,concurrent,653,385
6,2,concurrent,654,393
6,2,concurrent,655,436
6,2,concurrent,656,427
6,2,concurrent,657,378
6,2,concurrent,658,385
6,2,concurrent,659,430
6,2,concurrent,660,449
6,2,concurrent,661,436
6,2,concurrent,662,421
6,2,concurrent,663,422
6,2,concurrent,664,450
6,2,concurrent,665,447
6,2,concurrent,666,434
6,2,concurrent,667,400
6,2,concurrent,668,378
6,2,concurrent,669,416
6,2,concurrent,670,397
6,2,concurrent,671,377
6,2,concurrent,672,379
6,2,concurrent,673,410
6,2,concurrent,674,411
6,2,concurrent,675,440
6,2,concurrent,676,388
6,2,concurrent,677,396
6,2,concurrent,678,416
6,2,concurrent,679,428
6,2,concurrent,680,452
6,2,concurrent,681,447
6,2,concurrent,682,407
6,2,concurrent,683,518
6,2,concurrent,684,454
6,2,concurrent,685,456
6,2,concurrent,686,431
6,2,concurrent,687,446
6,2,concurrent,688,434
6,2,concurrent,689,436
6,2,concurrent,690,465
6,2,concurrent,691,455
6,2,concurrent,692,420
6,2,concurrent,693,463
6,2,concurrent,694,406
6,2,concurrent,695,411
6,2,concurrent,696,413
6,2,concurrent,697,400
6,2,concurrent,698,406
6,2,concurrent,699,375
6,2,concurrent,700,377
6,2,concurrent,701,379
6,2,concurrent,702,376
6,2,concurrent,703,413
6,2,concurrent,704,451
6,2,concurrent,705,417
6,2,concurrent,706,463
6,2,concurrent,707,408
6,2,concurrent,708,476
6,2,concurrent,709,478
6,2,concurrent,710,448
6,2,concurrent,711,402
6,2,concurrent,712,396
6,2,concurrent,713,434
6,2,concurrent,714,431
6,2,concurrent,715,388
6,2,concurrent,716,381
6,2,concurrent,717,412
6,2,concurrent,718,368
6,2,concurrent,719,390
6,2,concurrent,720,481
6,2,concurrent,721,543
6,2,concurrent,722,538
6,2,concurrent,723,459
6,2,concurrent,724,518
6,2,concurrent,725,383
6,2,concurrent,726,449
6,2,concurrent,727,469
6,2,concurrent,728,464
6,2,concurrent,729,458
6,2,concurrent,730,402
6,2,concurrent,731,481
6,2,concurrent,732,511
6,2,concurrent,733,482
6,2,concurrent,734,497
6,2,concurrent,735,521
6,2,concurrent,736,534
6,2,concurrent,737,525
6,2,concurrent,738,523
6,2,concurrent,739,507
6,2,concurrent,740,546
6,2,concurrent,741,467
6,2,concurrent,742,489
6,2,concurrent,743,587
6,2,concurrent,744,488
6,2,concurrent,745,498
6,2,concurrent,746,520
6,2,concurrent,747,496
6,2,concurrent,748,595
6,2,concurrent,749,522
6,2,concurrent,750,820
6,2,concurrent,751,508
6,2,concurrent,752,572
6,2,concurrent,753,559
6,2,concurrent,754,581
6,2,concurrent,755,528
6,2,concurrent,756,526
6,2,concurrent,757,574
6,2,concurrent,758,564
6,2,concurrent,759,536
6,2,concurrent,760,837
6,2,concurrent,761,582
6,2,concurrent,762,535
6,2,concurrent,763,4086
6,2,concurrent,764,3834
6,2,concurrent,765,4356
6,2,concurrent,766,2873
6,2,concurrent,767,3164
6,2,concurrent,768,500
6,2,concurrent,769,420
6,2,concurrent,770,422
6,2,concurrent,771,420
6,2,concurrent,772,390
6,2,concurrent,773,388
6,2,concurrent,774,448
6,2,concurrent,775,388
6,2,concurrent,776,404
6,2,concurrent,777,402
6,2,concurrent,778,444
6,2,concurrent,779,389
6,2,concurrent,780,448
6,2,concurrent,781,620
6,2,concurrent,782,395
6,2,concurrent,783,461
6,2,concurrent,784,471
6,2,concurrent,785,475
6,2,concurrent,786,521
6,2,concurrent,787,449
6,2,concurrent,788,481
6,2,concurrent,789,463
6,2,concurrent,790,444
6,2,concurrent,791,445
6,2,concurrent,792,459
6,2,concurrent,793,461
6,2,concurrent,794,449
6,2,concurrent,795,419
6,2,concurrent,796,431
6,2,concurrent,797,433
6,2,concurrent,798,435
6,2,concurrent,799,435
6,2,concurrent,800,466
6,2,concurrent,801,461
6,2,concurrent,802,471
6,2,concurrent,803,484
6,2,concurrent,804,473
6,2,concurrent,805,486
6,2,concurrent,806,465
6,2,concurrent,807,480
6,2,concurrent,808,444
6,2,concurrent,809,504
6,2,concurrent,810,454
6,2,concurrent,811,473
6,2,concurrent,812,487
6,2,concurrent,813,440
6,2,concurrent,814,436
6,2,concurrent,815,492
6,2,concurrent,816,430
6,2,concurrent,817,390
6,2,concurrent,818,459
6,2,concurrent,819,475
6,2,concurrent,820,549
6,2,concurrent,821,482
6,2,concurrent,822,479
6,2,concurrent,823,532
6,2,concurrent,824,523
6,2,concurrent,825,530
6,2,concurrent,826,519
6,2,concurrent,827,532
6,2,concurrent,828,526
6,2,concurrent,829,536
6,2,concurrent,830,508
6,2,concurrent,831,550
6,2,concurrent,832,443
6,2,concurrent,833,447
6,2,concurrent,834,466
6,2,concurrent,835,490
6,2,concurrent,836,486
6,2,concurrent,837,509
6,2,concurrent,838,474
6,2,concurrent,839,497
6,2,concurrent,840,446
6,2,concurrent,841,467
6,2,concurrent,842,475
6,2,concurrent,843,491
6,2,concurrent,844,489
6,2,concurrent,845,492
6,2,concurrent,846,857
6,2,concurrent,847,555
6,2,concurrent,848,468
6,2,concurrent,849,462
6,2,concurrent,850,448
6,2,concurrent,851,453
6,2,concurrent,852,448
6,2,concurrent,853,454
6,2,concurrent,854,410
6,2,concurrent,855,454
6,2,concurrent,856,436
6,2,concurrent,857,442
6,2,concurrent,858,437
6,2,concurrent,859,405
6,2,concurrent,860,409
6,2,concurrent,861,399
6,2,concurrent,862,373
6,2,concurrent,863,388
6,2,concurrent,864,366
6,2,concurrent,865,400
6,2,concurrent,866,389
6,2,concurrent,867,453
6,2,concurrent,868,452
6,2,concurrent,869,457
6,2,concurrent,870,452
6,2,concurrent,871,396
6,2,concurrent,872,449
6,2,concurrent,873,451
6,2,concurrent,874,457
6,2,concurrent,875,404
6,2,concurrent,876,461
6,2,concurrent,877,398
6,2,concurrent,878,372
6,2,concurrent,879,376
6,2,concurrent,880,381
6,2,concurrent,881,494
6,2,concurrent,882,514
6,2,concurrent,883,414
6,2,concurrent,884,445
6,2,concurrent,885,432
6,2,concurrent,886,503
6,2,concurrent,887,585
6,2,concurrent,888,383
6,2,concurrent,889,436
6,2,concurrent,890,433
6,2,concurrent,891,456
6,2,concurrent,892,446
6,2,concurrent,893,410
6,2,concurrent,894,425
6,2,concurrent,895,396
6,2,concurrent,896,386
6,2,concurrent,897,429
6,2,concurrent,898,403
6,2,concurrent,899,413
6,2,concurrent,900,416
6,2,concurrent,901,383
6,2,concurrent,902,433
6,2,concurrent,903,410
6,2,concurrent,904,434
6,2,concurrent,905,463
6,2,concurrent,906,434
6,2,concurrent,907,495
6,2,concurrent,908,499
6,2,concurrent,909,512
6,2,concurrent,910,532
6,2,concurrent,911,526
6,2,concurrent,912,530
6,2,concurrent,913,524
6,2,concurrent,914,587
6,2,concurrent,915,561
6,2,concurrent,916,430
6,2,concurrent,917,515
6,2,concurrent,918,420
6,2,concurrent,919,420
6,2,concurrent,920,440
6,2,concurrent,921,457
6,2,concurrent,922,429
6,2,concurrent,923,527
6,2,concurrent,924,529
6,2,concurrent,925,513
6,2,concurrent,926,599
6,2,concurrent,927,519
6,2,concurrent,928,557
6,2,concurrent,929,583
6,2,concurrent,930,543
6,2,concurrent,931,553
6,2,concurrent,932,522
6,2,concurrent,933,536
6,2,concurrent,934,532
6,2,concurrent,935,497
6,2,concurrent,936,522
6,2,concurrent,937,564
6,2,concurrent,938,548
6,2,concurrent,939,565
6,2,concurrent,940,577
6,2,concurrent,941,512
6,2,concurrent,942,572
6,2,concurrent,943,513
6,2,concurrent,944,543
6,2,concurrent,945,643
6,2,concurrent,946,593
6,2,concurrent,947,505
6,2,concurrent,948,504
6,2,concurrent,949,533
6,2,concurrent,950,554
6,2,concurrent,951,507
6,2,concurrent,952,400
6,2,concurrent,953,408
6,2,concurrent,954,422
6,2,concurrent,955,366
6,2,concurrent,956,430
6,2,concurrent,957,399
6,2,concurrent,958,430
6,2,concurrent,959,435
6,2,concurrent,960,420
6,2,concurrent,961,439
6,2,concurrent,962,431
6,2,concurrent,963,386
6,2,concurrent,964,428
6,2,concurrent,965,460
6,2,concurrent,966,456
6,2,concurrent,967,451
6,2,concurrent,968,426
6,2,concurrent,969,460
6,2,concurrent,970,435
6,2,concurrent,971,491
6,2,concurrent,972,535
6,2,concurrent,973,548
6,2,concurrent,974,539
6,2,concurrent,975,448
6,2,concurrent,976,443
6,2,concurrent,977,442
6,2,concurrent,978,457
6,2,concurrent,979,568
6,2,concurrent,980,472
6,2,concurrent,981,443
6,2,concurrent,982,435
6,2,concurrent,983,440
6,2,concurrent,984,430
6,2,concurrent,985,552
6,2,concurrent,986,465
6,2,concurrent,987,501
6,2,concurrent,988,429
6,2,concurrent,989,407
6,2,concurrent,990,530
6,2,concurrent,991,400
6,2,concurrent,992,386
6,2,concurrent,993,553
6,2,concurrent,994,453
6,2,concurrent,995,480
6,2,concurrent,996,420
6,2,concurrent,997,406
6,2,concurrent,998,385
6,2,concurrent,999,411
7,1,cpu_base,0,144
7,1,cpu_base,1,199
7,1,cpu_base,2,174
7,1,cpu_base,3,146
7,1,cpu_base,4,150
7,1,cpu_base,5,163
7,1,cpu_base,6,149
7,1,cpu_base,7,167
7,1,cpu_base,8,160
7,1,cpu_base,9,145
7,1,cpu_base,10,199
7,1,cpu_base,11,244
7,1,cpu_base,12,280
7,1,cpu_base,13,197
7,1,cpu_base,14,192
7,1,cpu_base,15,144
7,1,cpu_base,16,147
7,1,cpu_base,17,163
7,1,cpu_base,18,144
7,1,cpu_base,19,152
7,1,cpu_base,20,170
7,1,cpu_base,21,164
7,1,cpu_base,22,158
7,1,cpu_base,23,160
7,1,cpu_base,24,152
7,1,cpu_base,25,149
7,1,cpu_base,26,145
7,1,cpu_base,27,162
7,1,cpu_base,28,144
7,1,cpu_base,29,148
7,1,cpu_base,30,158
7,1,cpu_base,31,153
7,1,cpu_base,32,143
7,1,cpu_base,33,156
7,1,cpu_base,34,147
7,1,cpu_base,35,143
7,1,cpu_base,36,144
7,1,cpu_base,37,163
7,1,cpu_base,38,147
7,1,cpu_base,39,143
7,1,cpu_base,40,159
7,1,cpu_base,41,145
7,1,cpu_base,42,143
7,1,cpu_base,43,158
7,1,cpu_base,44,156
7,1,cpu_base,45,148
7,1,cpu_base,46,144
7,1,cpu_base,47,165
7,1,cpu_base,48,147
7,1,cpu_base,49,144
7,1,cpu_base,50,162
7,1,cpu_base,51,150
7,1,cpu_base,52,145
7,1,cpu_base,53,149
7,1,cpu_base,54,162
7,1,cpu_base,55,145
7,1,cpu_base,56,163
7,1,cpu_base,57,285
7,1,cpu_base,58,198
7,1,cpu_base,59,161
7,1,cpu_base,60,147
7,1,cpu_base,61,145
7,1,cpu_base,62,151
7,1,cpu_base,63,161
7,1,cpu_base,64,144
7,1,cpu_base,65,151
7,1,cpu_base,66,154
7,1,cpu_base,67,163
7,1,cpu_base,68,146
7,1,cpu_base,69,150
7,1,cpu_base,70,169
7,1,cpu_base,71,149
7,1,cpu_base,72,164
7,1,cpu_base,73,151
7,1,cpu_base,74,147
7,1,cpu_base,75,153
7,1,cpu_base,76,172
7,1,cpu_base,77,146
7,1,cpu_base,78,164
7,1,cpu_base,79,150
7,1,cpu_base,80,161
7,1,cpu_base,81,155
7,1,cpu_base,82,150
7,1,cpu_base,83,157
7,1,cpu_base,84,150
7,1,cpu_base,85,145
7,1,cpu_base,86,264
7,1,cpu_base,87,275
7,1,cpu_base,88,242
7,1,cpu_base,89,239
7,1,cpu_base,90,183
7,1,cpu_base,91,164
7,1,cpu_base,92,156
7,1,cpu_base,93,255
7,1,cpu_base,94,245
7,1,cpu_base,95,170
7,1,cpu_base,96,167
7,1,cpu_base,97,157
7,1,cpu_base,98,146
7,1,cpu_base,99,177
7,1,cpu_base,100,147
7,1,cpu_base,101,155
7,1,cpu_base,102,156
7,1,cpu_base,103,149
7,1,cpu_base,104,154
7,1,cpu_base,105,151
7,1,cpu_base,106,147
7,1,cpu_base,107,144
7,1,cpu_base,108,143
7,1,cpu_base,109,143
7,1,cpu_base,110,155
7,1,cpu_base,111,149
7,1,cpu_base,112,150
7,1,cpu_base,113,148
7,1,cpu_base,114,144
7,1,cpu_base,115,144
7,1,cpu_base,116,146
7,1,cpu_base,117,146
7,1,cpu_base,118,143
7,1,cpu_base,119,147
7,1,cpu_base,120,143
7,1,cpu_base,121,143
7,1,cpu_base,122,165
7,1,cpu_base,123,181
7,1,cpu_base,124,154
7,1,cpu_base,125,145
7,1,cpu_base,126,153
7,1,cpu_base,127,150
7,1,cpu_base,128,145
7,1,cpu_base,129,143
7,1,cpu_base,130,142
7,1,cpu_base,131,151
7,1,cpu_base,132,147
7,1,cpu_base,133,143
7,1,cpu_base,134,144
7,1,cpu_base,135,146
7,1,cpu_base,136,142
7,1,cpu_base,137,157
7,1,cpu_base,138,143
7,1,cpu_base,139,143
7,1,cpu_base,140,156
7,1,cpu_base,141,146
7,1,cpu_base,142,145
7,1,cpu_base,143,143
7,1,cpu_base,144,147
7,1,cpu_base,145,144
7,1,cpu_base,146,147
7,1,cpu_base,147,143
7,1,cpu_base,148,143
7,1,cpu_base,149,144
7,1,cpu_base,150,146
7,1,cpu_base,151,156
7,1,cpu_base,152,144
7,1,cpu_base,153,145
7,1,cpu_base,154,142
7,1,cpu_base,155,146
7,1,cpu_base,156,145
7,1,cpu_base,157,144
7,1,cpu_base,158,145
7,1,cpu_base,159,144
7,1,cpu_base,160,144
7,1,cpu_base,161,143
7,1,cpu_base,162,143
7,1,cpu_base,163,144
7,1,cpu_base,164,147
7,1,cpu_base,165,149
7,1,cpu_base,166,142
7,1,cpu_base,167,148
7,1,cpu_base,168,149
7,1,cpu_base,169,145
7,1,cpu_base,170,142
7,1,cpu_base,171,143
7,1,cpu_base,172,147
7,1,cpu_base,173,147
7,1,cpu_base,174,145
7,1,cpu_base,175,144
7,1,cpu_base,176,142
7,1,cpu_base,177,143
7,1,cpu_base,178,152
7,1,cpu_base,179,148
7,1,cpu_base,180,143
7,1,cpu_base,181,147
7,1,cpu_base,182,148
7,1,cpu_base,183,147
7,1,cpu_base,184,154
7,1,cpu_base,185,146
7,1,cpu_base,186,144
7,1,cpu_base,187,147
7,1,cpu_base,188,144
7,1,cpu_base,189,248
7,1,cpu_base,190,242
7,1,cpu_base,191,193
7,1,cpu_base,192,146
7,1,cpu_base,193,151
7,1,cpu_base,194,159
7,1,cpu_base,195,151
7,1,cpu_base,196,144
7,1,cpu_base,197,150
7,1,cpu_base,198,149
7,1,cpu_base,199,152
7,1,cpu_base,200,198
7,1,cpu_base,201,151
7,1,cpu_base,202,145
7,1,cpu_base,203,150
7,1,cpu_base,204,166
7,1,cpu_base,205,147
7,1,cpu_base,206,179
7,1,cpu_base,207,153
7,1,cpu_base,208,147
7,1,cpu_base,209,147
7,1,cpu_base,210,148
7,1,cpu_base,211,169
7,1,cpu_base,212,144
7,1,cpu_base,213,144
7,1,cpu_base,214,152
7,1,cpu_base,215,148
7,1,cpu_base,216,152
7,1,cpu_base,217,148
7,1,cpu_base,218,154
7,1,cpu_base,219,149
7,1,cpu_base,220,149
7,1,cpu_base,221,156
7,1,cpu_base,222,165
7,1,cpu_base,223,151
7,1,cpu_base,224,153
7,1,cpu_base,225,214
7,1,cpu_base,226,159
7,1,cpu_base,227,160
7,1,cpu_base,228,208
7,1,cpu_base,229,185
7,1,cpu_base,230,230
7,1,cpu_base,231,227
7,1,cpu_base,232,224
7,1,cpu_base,233,237
7,1,cpu_base,234,283
7,1,cpu_base,235,446
7,1,cpu_base,236,339
7,1,cpu_base,237,287
7,1,cpu_base,238,294
7,1,cpu_base,239,258
7,1,cpu_base,240,274
7,1,cpu_base,241,230
7,1,cpu_base,242,281
7,1,cpu_base,243,421
7,1,cpu_base,244,411
7,1,cpu_base,245,209
7,1,cpu_base,246,276
7,1,cpu_base,247,206
7,1,cpu_base,248,236
7,1,cpu_base,249,239
7,1,cpu_base,250,254
7,1,cpu_base,251,272
7,1,cpu_base,252,437
7,1,cpu_base,253,225
7,1,cpu_base,254,384
7,1,cpu_base,255,434
7,1,cpu_base,256,644
7,1,cpu_base,257,519
7,1,cpu_base,258,757
7,1,cpu_base,259,1036
7,1,cpu_base,260,187
7,1,cpu_base,261,202
7,1,cpu_base,262,243
7,1,cpu_base,263,467
7,1,cpu_base,264,526
7,1,cpu_base,265,524
7,1,cpu_base,266,286
7,1,cpu_base,267,157
7,1,cpu_base,268,198
7,1,cpu_base,269,761
7,1,cpu_base,270,455
7,1,cpu_base,271,472
7,1,cpu_base,272,232
7,1,cpu_base,273,569
7,1,cpu_base,274,708
7,1,cpu_base,275,766
7,1,cpu_base,276,598
7,1,cpu_base,277,327
7,1,cpu_base,278,380
7,1,cpu_base,279,273
7,1,cpu_base,280,241
7,1,cpu_base,281,217
7,1,cpu_base,282,178
7,1,cpu_base,283,205
7,1,cpu_base,284,265
7,1,cpu_base,285,249
7,1,cpu_base,286,258
7,1,cpu_base,287,196
7,1,cpu_base,288,158
7,1,cpu_base,289,153
7,1,cpu_base,290,226
7,1,cpu_base,291,171
7,1,cpu_base,292,170
7,1,cpu_base,293,216
7,1,cpu_base,294,228
7,1,cpu_base,295,242
7,1,cpu_base,296,255
7,1,cpu_base,297,206
7,1,cpu_base,298,203
7,1,cpu_base,299,248
7,1,cpu_base,300,271
7,1,cpu_base,301,246
7,1,cpu_base,302,228
7,1,cpu_base,303,338
7,1,cpu_base,304,334
7,1,cpu_base,305,306
7,1,cpu_base,306,360
7,1,cpu_base,307,255
7,1,cpu_base,308,355
7,1,cpu_base,309,368
7,1,cpu_base,310,276
7,1,cpu_base,311,263
7,1,cpu_base,312,239
7,1,cpu_base,313,277
7,1,cpu_base,314,248
7,1,cpu_base,315,275
7,1,cpu_base,316,240
7,1,cpu_base,317,283
7,1,cpu_base,318,176
7,1,cpu_base,319,148
7,1,cpu_base,320,260
7,1,cpu_base,321,178
7,1,cpu_base,322,150
7,1,cpu_base,323,176
7,1,cpu_base,324,254
7,1,cpu_base,325,159
7,1,cpu_base,326,230
7,1,cpu_base,327,548
7,1,cpu_base,328,172
7,1,cpu_base,329,341
7,1,cpu_base,330,363
7,1,cpu_base,331,441
7,1,cpu_base,332,266
7,1,cpu_base,333,607
7,1,cpu_base,334,565
7,1,cpu_base,335,461
7,1,cpu_base,336,379
7,1,cpu_base,337,256
7,1,cpu_base,338,223
7,1,cpu_base,339,455
7,1,cpu_base,340,479
7,1,cpu_base,341,303
7,1,cpu_base,342,304
7,1,cpu_base,343,529
7,1,cpu_base,344,330
7,1,cpu_base,345,265
7,1,cpu_base,346,303
7,1,cpu_base,347,431
7,1,cpu_base,348,369
7,1,cpu_base,349,192
7,1,cpu_base,350,622
7,1,cpu_base,351,535
7,1,cpu_base,352,488
7,1,cpu_base,353,520
7,1,cpu_base,354,534
7,1,cpu_base,355,327
7,1,cpu_base,356,307
7,1,cpu_base,357,259
7,1,cpu_base,358,243
7,1,cpu_base,359,314
7,1,cpu_base,360,202
7,1,cpu_base,361,181
7,1,cpu_base,362,285
7,1,cpu_base,363,312
7,1,cpu_base,364,264
7,1,cpu_base,365,276
7,1,cpu_base,366,273
7,1,cpu_base,367,238
7,1,cpu_base,368,282
7,1,cpu_base,369,258
7,1,cpu_base,370,261
7,1,cpu_base,371,255
7,1,cpu_base,372,289
7,1,cpu_base,373,281
7,1,cpu_base,374,268
7,1,cpu_base,375,266
7,1,cpu_base,376,260
7,1,cpu_base,377,262
7,1,cpu_base,378,263
7,1,cpu_base,379,277
7,1,cpu_base,380,266
7,1,cpu_base,381,209
7,1,cpu_base,382,268
7,1,cpu_base,383,255
7,1,cpu_base,384,256
7,1,cpu_base,385,235
7,1,cpu_base,386,265
7,1,cpu_base,387,235
7,1,cpu_base,388,238
7,1,cpu_base,389,256
7,1,cpu_base,390,250
7,1,cpu_base,391,236
7,1,cpu_base,392,261
7,1,cpu_base,393,259
7,1,cpu_base,394,268
7,1,cpu_base,395,274
7,1,cpu_base,396,202
7,1,cpu_base,397,279
7,1,cpu_base,398,258
7,1,cpu_base,399,284
7,1,cpu_base,400,232
7,1,cpu_base,401,272
7,1,cpu_base,402,215
7,1,cpu_base,403,258
7,1,cpu_base,404,404
7,1,cpu_base,405,369
7,1,cpu_base,406,293
7,1,cpu_base,407,307
7,1,cpu_base,408,280
7,1,cpu_base,409,255
7,1,cpu_base,410,245
7,1,cpu_base,411,259
7,1,cpu_base,412,266
7,1,cpu_base,413,269
7,1,cpu_base,414,243
7,1,cpu_base,415,174
7,1,cpu_base,416,256
7,1,cpu_base,417,290
7,1,cpu_base,418,240
7,1,cpu_base,419,255
7,1,cpu_base,420,186
7,1,cpu_base,421,251
7,1,cpu_base,422,277
7,1,cpu_base,423,270
7,1,cpu_base,424,263
7,1,cpu_base,425,222
7,1,cpu_base,426,209
7,1,cpu_base,427,219
7,1,cpu_base,428,180
7,1,cpu_base,429,151
7,1,cpu_base,430,218
7,1,cpu_base,431,195
7,1,cpu_base,432,248
7,1,cpu_base,433,215
7,1,cpu_base,434,212
7,1,cpu_base,435,157
7,1,cpu_base,436,147
7,1,cpu_base,437,206
7,1,cpu_base,438,230
7,1,cpu_base,439,227
7,1,cpu_base,440,220
7,1,cpu_base,441,189
7,1,cpu_base,442,222
7,1,cpu_base,443,216
7,1,cpu_base,444,214
7,1,cpu_base,445,281
7,1,cpu_base,446,252
7,1,cpu_base,447,234
7,1,cpu_base,448,240
7,1,cpu_base,449,231
7,1,cpu_base,450,234
7,1,cpu_base,451,212
7,1,cpu_base,452,178
7,1,cpu_base,453,184
7,1,cpu_base,454,241
7,1,cpu_base,455,183
7,1,cpu_base,456,236
7,1,cpu_base,457,186
7,1,cpu_base,458,180
7,1,cpu_base,459,227
7,1,cpu_base,460,209
7,1,cpu_base,461,209
7,1,cpu_base,462,230
7,1,cpu_base,463,175
7,1,cpu_base,464,203
7,1,cpu_base,465,224
7,1,cpu_base,466,245
7,1,cpu_base,467,230
7,1,cpu_base,468,172
7,1,cpu_base,469,211
7,1,cpu_base,470,215
7,1,cpu_base,471,237
7,1,cpu_base,472,209
7,1,cpu_base,473,411
7,1,cpu_base,474,293
7,1,cpu_base,475,268
7,1,cpu_base,476,325
7,1,cpu_base,477,279
7,1,cpu_base,478,265
7,1,cpu_base,479,288
7,1,cpu_base,480,568
7,1,cpu_base,481,427
7,1,cpu_base,482,1413
7,1,cpu_base,483,357
7,1,cpu_base,484,667
7,1,cpu_base,485,612
7,1,cpu_base,486,394
7,1,cpu_base,487,399
7,1,cpu_base,488,221
7,1,cpu_base,489,251
7,1,cpu_base,490,283
7,1,cpu_base,491,237
7,1,cpu_base,492,264
7,1,cpu_base,493,250
7,1,cpu_base,494,264
7,1,cpu_base,495,219
7,1,cpu_base,496,279
7,1,cpu_base,497,242
7,1,cpu_base,498,274
7,1,cpu_base,499,202
7,1,cpu_base,500,224
7,1,cpu_base,501,231
7,1,cpu_base,502,284
7,1,cpu_base,503,250
7,1,cpu_base,504,255
7,1,cpu_base,505,251
7,1,cpu_base,506,250
7,1,cpu_base,507,251
7,1,cpu_base,508,250
7,1,cpu_base,509,248
7,1,cpu_base,510,261
7,1,cpu_base,511,250
7,1,cpu_base,512,248
7,1,cpu_base,513,224
7,1,cpu_base,514,199
7,1,cpu_base,515,248
7,1,cpu_base,516,324
7,1,cpu_base,517,265
7,1,cpu_base,518,320
7,1,cpu_base,519,260
7,1,cpu_base,520,260
7,1,cpu_base,521,240
7,1,cpu_base,522,521
7,1,cpu_base,523,380
7,1,cpu_base,524,269
7,1,cpu_base,525,258
7,1,cpu_base,526,269
7,1,cpu_base,527,233
7,1,cpu_base,528,250
7,1,cpu_base,529,259
7,1,cpu_base,530,280
7,1,cpu_base,531,262
7,1,cpu_base,532,286
7,1,cpu_base,533,268
7,1,cpu_base,534,241
7,1,cpu_base,535,221
7,1,cpu_base,536,277
7,1,cpu_base,537,293
7,1,cpu_base,538,256
7,1,cpu_base,539,253
7,1,cpu_base,540,234
7,1,cpu_base,541,250
7,1,cpu_base,542,295
7,1,cpu_base,543,312
7,1,cpu_base,544,259
7,1,cpu_base,545,222
7,1,cpu_base,546,235
7,1,cpu_base,547,253
7,1,cpu_base,548,235
7,1,cpu_base,549,320
7,1,cpu_base,550,367
7,1,cpu_base,551,378
7,1,cpu_base,552,334
7,1,cpu_base,553,343
7,1,cpu_base,554,356
7,1,cpu_base,555,363
7,1,cpu_base,556,307
7,1,cpu_base,557,271
7,1,cpu_base,558,255
7,1,cpu_base,559,250
7,1,cpu_base,560,254
7,1,cpu_base,561,350
7,1,cpu_base,562,310
7,1,cpu_base,563,256
7,1,cpu_base,564,287
7,1,cpu_base,565,260
7,1,cpu_base,566,269
7,1,cpu_base,567,255
7,1,cpu_base,568,249
7,1,cpu_base,569,270
7,1,cpu_base,570,282
7,1,cpu_base,571,311
7,1,cpu_base,572,253
7,1,cpu_base,573,254
7,1,cpu_base,574,254
7,1,cpu_base,575,449
7,1,cpu_base,576,315
7,1,cpu_base,577,304
7,1,cpu_base,578,262
7,1,cpu_base,579,257
7,1,cpu_base,580,260
7,1,cpu_base,581,294
7,1,cpu_base,582,289
7,1,cpu_base,583,369
7,1,cpu_base,584,331
7,1,cpu_base,585,255
7,1,cpu_base,586,273
7,1,cpu_base,587,266
7,1,cpu_base,588,277
7,1,cpu_base,589,289
7,1,cpu_base,590,201
7,1,cpu_base,591,233
7,1,cpu_base,592,239
7,1,cpu_base,593,247
7,1,cpu_base,594,293
7,1,cpu_base,595,289
7,1,cpu_base,596,283
7,1,cpu_base,597,278
7,1,cpu_base,598,289
7,1,cpu_base,599,274
7,1,cpu_base,600,299
7,1,cpu_base,601,248
7,1,cpu_base,602,321
7,1,cpu_base,603,314
7,1,cpu_base,604,271
7,1,cpu_base,605,242
7,1,cpu_base,606,263
7,1,cpu_base,607,220
7,1,cpu_base,608,241
7,1,cpu_base,609,259
7,1,cpu_base,610,261
7,1,cpu_base,611,254
7,1,cpu_base,612,243
7,1,cpu_base,613,235
7,1,cpu_base,614,192
7,1,cpu_base,615,264
7,1,cpu_base,616,237
7,1,cpu_base,617,247
7,1,cpu_base,618,274
7,1,cpu_base,619,233
7,1,cpu_base,620,254
7,1,cpu_base,621,251
7,1,cpu_base,622,248
7,1,cpu_base,623,199
7,1,cpu_base,624,273
7,1,cpu_base,625,225
7,1,cpu_base,626,270
7,1,cpu_base,627,258
7,1,cpu_base,628,219
7,1,cpu_base,629,242
7,1,cpu_base,630,217
7,1,cpu_base,631,252
7,1,cpu_base,632,209
7,1,cpu_base,633,362
7,1,cpu_base,634,257
7,1,cpu_base,635,222
7,1,cpu_base,636,245
7,1,cpu_base,637,269
7,1,cpu_base,638,213
7,1,cpu_base,639,271
7,1,cpu_base,640,221
7,1,cpu_base,641,220
7,1,cpu_base,642,272
7,1,cpu_base,643,275
7,1,cpu_base,644,265
7,1,cpu_base,645,280
7,1,cpu_base,646,228
7,1,cpu_base,647,231
7,1,cpu_base,648,256
7,1,cpu_base,649,206
7,1,cpu_base,650,240
7,1,cpu_base,651,245
7,1,cpu_base,652,229
7,1,cpu_base,653,320
7,1,cpu_base,654,273
7,1,cpu_base,655,286
7,1,cpu_base,656,271
7,1,cpu_base,657,237
7,1,cpu_base,658,256
7,1,cpu_base,659,258
7,1,cpu_base,660,256
7,1,cpu_base,661,237
7,1,cpu_base,662,273
7,1,cpu_base,663,218
7,1,cpu_base,664,155
7,1,cpu_base,665,219
7,1,cpu_base,666,259
7,1,cpu_base,667,209
7,1,cpu_base,668,282
7,1,cpu_base,669,265
7,1,cpu_base,670,252
7,1,cpu_base,671,239
7,1,cpu_base,672,266
7,1,cpu_base,673,234
7,1,cpu_base,674,329
7,1,cpu_base,675,274
7,1,cpu_base,676,268
7,1,cpu_base,677,284
7,1,cpu_base,678,212
7,1,cpu_base,679,261
7,1,cpu_base,680,232
7,1,cpu_base,681,242
7,1,cpu_base,682,338
7,1,cpu_base,683,370
7,1,cpu_base,684,284
7,1,cpu_base,685,244
7,1,cpu_base,686,228
7,1,cpu_base,687,238
7,1,cpu_base,688,212
7,1,cpu_base,689,223
7,1,cpu_base,690,255
7,1,cpu_base,691,295
7,1,cpu_base,692,234
7,1,cpu_base,693,170
7,1,cpu_base,694,257
7,1,cpu_base,695,323
7,1,cpu_base,696,279
7,1,cpu_base,697,269
7,1,cpu_base,698,255
7,1,cpu_base,699,261
7,1,cpu_base,700,272
7,1,cpu_base,701,256
7,1,cpu_base,702,272
7,1,cpu_base,703,267
7,1,cpu_base,704,282
7,1,cpu_base,705,289
7,1,cpu_base,706,281
7,1,cpu_base,707,296
7,1,cpu_base,708,278
7,1,cpu_base,709,300
7,1,cpu_base,710,255
7,1,cpu_base,711,286
7,1,cpu_base,712,259
7,1,cpu_base,713,285
7,1,cpu_base,714,297
7,1,cpu_base,715,229
7,1,cpu_base,716,247
7,1,cpu_base,717,289
7,1,cpu_base,718,292
7,1,cpu_base,719,259
7,1,cpu_base,720,300
7,1,cpu_base,721,287
7,1,cpu_base,722,287
7,1,cpu_base,723,301
7,1,cpu_base,724,261
7,1,cpu_base,725,289
7,1,cpu_base,726,258
7,1,cpu_base,727,271
7,1,cpu_base,728,284
7,1,cpu_base,729,269
7,1,cpu_base,730,255
7,1,cpu_base,731,284
7,1,cpu_base,732,282
7,1,cpu_base,733,278
7,1,cpu_base,734,225
7,1,cpu_base,735,284
7,1,cpu_base,736,287
7,1,cpu_base,737,258
7,1,cpu_base,738,246
7,1,cpu_base,739,269
7,1,cpu_base,740,252
7,1,cpu_base,741,259
7,1,cpu_base,742,270
7,1,cpu_base,743,310
7,1,cpu_base,744,292
7,1,cpu_base,745,256
7,1,cpu_base,746,268
7,1,cpu_base,747,285
7,1,cpu_base,748,276
7,1,cpu_base,749,268
7,1,cpu_base,750,260
7,1,cpu_base,751,293
7,1,cpu_base,752,346
7,1,cpu_base,753,323
7,1,cpu_base,754,312
7,1,cpu_base,755,290
7,1,cpu_base,756,282
7,1,cpu_base,757,283
7,1,cpu_base,758,280
7,1,cpu_base,759,260
7,1,cpu_base,760,234
7,1,cpu_base,761,249
7,1,cpu_base,762,257
7,1,cpu_base,763,274
7,1,cpu_base,764,251
7,1,cpu_base,765,268
7,1,cpu_base,766,285
7,1,cpu_base,767,275
7,1,cpu_base,768,248
7,1,cpu_base,769,253
7,1,cpu_base,770,346
7,1,cpu_base,771,280
7,1,cpu_base,772,188
7,1,cpu_base,773,190
7,1,cpu_base,774,257
7,1,cpu_base,775,251
7,1,cpu_base,776,238
7,1,cpu_base,777,302
7,1,cpu_base,778,248
7,1,cpu_base,779,263
7,1,cpu_base,780,249
7,1,cpu_base,781,263
7,1,cpu_base,782,250
7,1,cpu_base,783,250
7,1,cpu_base,784,250
7,1,cpu_base,785,249
7,1,cpu_base,786,250
7,1,cpu_base,787,248
7,1,cpu_base,788,249
7,1,cpu_base,789,254
7,1,cpu_base,790,250
7,1,cpu_base,791,251
7,1,cpu_base,792,250
7,1,cpu_base,793,250
7,1,cpu_base,794,251
7,1,cpu_base,795,249
7,1,cpu_base,796,258
7,1,cpu_base,797,250
7,1,cpu_base,798,250
7,1,cpu_base,799,249
7,1,cpu_base,800,250
7,1,cpu_base,801,250
7,1,cpu_base,802,250
7,1,cpu_base,803,251
7,1,cpu_base,804,246
7,1,cpu_base,805,235
7,1,cpu_base,806,253
7,1,cpu_base,807,237
7,1,cpu_base,808,246
7,1,cpu_base,809,217
7,1,cpu_base,810,253
7,1,cpu_base,811,254
7,1,cpu_base,812,416
7,1,cpu_base,813,291
7,1,cpu_base,814,270
7,1,cpu_base,815,273
7,1,cpu_base,816,248
7,1,cpu_base,817,259
7,1,cpu_base,818,241
7,1,cpu_base,819,287
7,1,cpu_base,820,275
7,1,cpu_base,821,250
7,1,cpu_base,822,253
7,1,cpu_base,823,228
7,1,cpu_base,824,270
7,1,cpu_base,825,281
7,1,cpu_base,826,276
7,1,cpu_base,827,264
7,1,cpu_base,828,321
7,1,cpu_base,829,286
7,1,cpu_base,830,242
7,1,cpu_base,831,241
7,1,cpu_base,832,214
7,1,cpu_base,833,244
7,1,cpu_base,834,244
7,1,cpu_base,835,251
7,1,cpu_base,836,305
7,1,cpu_base,837,240
7,1,cpu_base,838,245
7,1,cpu_base,839,261
7,1,cpu_base,840,264
7,1,cpu_base,841,216
7,1,cpu_base,842,222
7,1,cpu_base,843,227
7,1,cpu_base,844,239
7,1,cpu_base,845,189
7,1,cpu_base,846,238
7,1,cpu_base,847,243
7,1,cpu_base,848,185
7,1,cpu_base,849,256
7,1,cpu_base,850,198
7,1,cpu_base,851,274
7,1,cpu_base,852,264
7,1,cpu_base,853,206
7,1,cpu_base,854,171
7,1,cpu_base,855,270
7,1,cpu_base,856,267
7,1,cpu_base,857,264
7,1,cpu_base,858,266
7,1,cpu_base,859,312
7,1,cpu_base,860,227
7,1,cpu_base,861,265
7,1,cpu_base,862,235
7,1,cpu_base,863,299
7,1,cpu_base,864,295
7,1,cpu_base,865,303
7,1,cpu_base,866,205
7,1,cpu_base,867,193
7,1,cpu_base,868,193
7,1,cpu_base,869,192
7,1,cpu_base,870,180
7,1,cpu_base,871,194
7,1,cpu_base,872,204
7,1,cpu_base,873,194
7,1,cpu_base,874,230
7,1,cpu_base,875,681
7,1,cpu_base,876,284
7,1,cpu_base,877,460
7,1,cpu_base,878,506
7,1,cpu_base,879,380
7,1,cpu_base,880,480
7,1,cpu_base,881,624
7,1,cpu_base,882,569
7,1,cpu_base,883,270
7,1,cpu_base,884,308
7,1,cpu_base,885,268
7,1,cpu_base,886,399
7,1,cpu_base,887,279
7,1,cpu_base,888,1371
7,1,cpu_base,889,499
7,1,cpu_base,890,576
7,1,cpu_base,891,585
7,1,cpu_base,892,237
7,1,cpu_base,893,150
7,1,cpu_base,894,163
7,1,cpu_base,895,158
7,1,cpu_base,896,144
7,1,cpu_base,897,153
7,1,cpu_base,898,169
7,1,cpu_base,899,176
7,1,cpu_base,900,145
7,1,cpu_base,901,164
7,1,cpu_base,902,209
7,1,cpu_base,903,153
7,1,cpu_base,904,147
7,1,cpu_base,905,174
7,1,cpu_base,906,145
7,1,cpu_base,907,144
7,1,cpu_base,908,144
7,1,cpu_base,909,186
7,1,cpu_base,910,150
7,1,cpu_base,911,146
7,1,cpu_base,912,188
7,1,cpu_base,913,145
7,1,cpu_base,914,148
7,1,cpu_base,915,172
7,1,cpu_base,916,178
7,1,cpu_base,917,168
7,1,cpu_base,918,158
7,1,cpu_base,919,145
7,1,cpu_base,920,159
7,1,cpu_base,921,167
7,1,cpu_base,922,251
7,1,cpu_base,923,340
7,1,cpu_base,924,288
7,1,cpu_base,925,345
7,1,cpu_base,926,588
7,1,cpu_base,927,638
7,1,cpu_base,928,566
7,1,cpu_base,929,370
7,1,cpu_base,930,369
7,1,cpu_base,931,744
7,1,cpu_base,932,519
7,1,cpu_base,933,283
7,1,cpu_base,934,255
7,1,cpu_base,935,238
7,1,cpu_base,936,248
7,1,cpu_base,937,240
7,1,cpu_base,938,256
7,1,cpu_base,939,266
7,1,cpu_base,940,253
7,1,cpu_base,941,255
7,1,cpu_base,942,256
7,1,cpu_base,943,249
7,1,cpu_base,944,241
7,1,cpu_base,945,237
7,1,cpu_base,946,235
7,1,cpu_base,947,280
7,1,cpu_base,948,255
7,1,cpu_base,949,253
7,1,cpu_base,950,173
7,1,cpu_base,951,172
7,1,cpu_base,952,168
7,1,cpu_base,953,184
7,1,cpu_base,954,209
7,1,cpu_base,955,162
7,1,cpu_base,956,314
7,1,cpu_base,957,312
7,1,cpu_base,958,323
7,1,cpu_base,959,373
7,1,cpu_base,960,665
7,1,cpu_base,961,463
7,1,cpu_base,962,335
7,1,cpu_base,963,312
7,1,cpu_base,964,255
7,1,cpu_base,965,358
7,1,cpu_base,966,486
7,1,cpu_base,967,313
7,1,cpu_base,968,219
7,1,cpu_base,969,258
7,1,cpu_base,970,278
7,1,cpu_base,971,301
7,1,cpu_base,972,208
7,1,cpu_base,973,208
7,1,cpu_base,974,192
7,1,cpu_base,975,208
7,1,cpu_base,976,350
7,1,cpu_base,977,259
7,1,cpu_base,978,255
7,1,cpu_base,979,265
7,1,cpu_base,980,247
7,1,cpu_base,981,205
7,1,cpu_base,982,187
7,1,cpu_base,983,198
7,1,cpu_base,984,171
7,1,cpu_base,985,200
7,1,cpu_base,986,170
7,1,cpu_base,987,189
7,1,cpu_base,988,200
7,1,cpu_base,989,175
7,1,cpu_base,990,173
7,1,cpu_base,991,163
7,1,cpu_base,992,165
7,1,cpu_base,993,223
7,1,cpu_base,994,170
7,1,cpu_base,995,172
7,1,cpu_base,996,229
7,1,cpu_base,997,261
7,1,cpu_base,998,275
7,1,cpu_base,999,281
7,1,serial,0,723
7,1,serial,1,729
7,1,serial,2,760
7,1,serial,3,737
7,1,serial,4,713
7,1,serial,5,714
7,1,serial,6,703
7,1,serial,7,696
7,1,serial,8,655
7,1,serial,9,497
7,1,serial,10,535
7,1,serial,11,554
7,1,serial,12,531
7,1,serial,13,518
7,1,serial,14,562
7,1,serial,15,546
7,1,serial,16,552
7,1,serial,17,533
7,1,serial,18,557
7,1,serial,19,572
7,1,serial,20,490
7,1,serial,21,484
7,1,serial,22,530
7,1,serial,23,522
7,1,serial,24,519
7,1,serial,25,513
7,1,serial,26,568
7,1,serial,27,544
7,1,serial,28,568
7,1,serial,29,718
7,1,serial,30,702
7,1,serial,31,546
7,1,serial,32,809
7,1,serial,33,498
7,1,serial,34,562
7,1,serial,35,740
7,1,serial,36,993
7,1,serial,37,429
7,1,serial,38,408
7,1,serial,39,426
7,1,serial,40,443
7,1,serial,41,408
7,1,serial,42,439
7,1,serial,43,431
7,1,serial,44,407
7,1,serial,45,443
7,1,serial,46,409
7,1,serial,47,404
7,1,serial,48,441
7,1,serial,49,459
7,1,serial,50,435
7,1,serial,51,439
7,1,serial,52,433
7,1,serial,53,413
7,1,serial,54,452
7,1,serial,55,409
7,1,serial,56,405
7,1,serial,57,407
7,1,serial,58,401
7,1,serial,59,408
7,1,serial,60,486
7,1,serial,61,424
7,1,serial,62,462
7,1,serial,63,469
7,1,serial,64,441
7,1,serial,65,408
7,1,serial,66,416
7,1,serial,67,435
7,1,serial,68,436
7,1,serial,69,413
7,1,serial,70,421
7,1,serial,71,508
7,1,serial,72,485
7,1,serial,73,457
7,1,serial,74,629
7,1,serial,75,517
7,1,serial,76,470
7,1,serial,77,457
7,1,serial,78,478
7,1,serial,79,456
7,1,serial,80,466
7,1,serial,81,441
7,1,serial,82,442
7,1,serial,83,495
7,1,serial,84,487
7,1,serial,85,443
7,1,serial,86,492
7,1,serial,87,445
7,1,serial,88,486
7,1,serial,89,458
7,1,serial,90,442
7,1,serial,91,437
7,1,serial,92,444
7,1,serial,93,438
7,1,serial,94,444
7,1,serial,95,438
7,1,serial,96,474
7,1,serial,97,477
7,1,serial,98,444
7,1,serial,99,450
7,1,serial,100,476
7,1,serial,101,464
7,1,serial,102,463
7,1,serial,103,738
7,1,serial,104,572
7,1,serial,105,523
7,1,serial,106,453
7,1,serial,107,484
7,1,serial,108,458
7,1,serial,109,460
7,1,serial,110,438
7,1,serial,111,520
7,1,serial,112,508
7,1,serial,113,515
7,1,serial,114,494
7,1,serial,115,487
7,1,serial,116,490
7,1,serial,117,491
7,1,serial,118,488
7,1,serial,119,449
7,1,serial,120,486
7,1,serial,121,445
7,1,serial,122,450
7,1,serial,123,499
7,1,serial,124,486
7,1,serial,125,472
7,1,serial,126,472
7,1,serial,127,481
7,1,serial,128,445
7,1,serial,129,441
7,1,serial,130,440
7,1,serial,131,451
7,1,serial,132,468
7,1,serial,133,463
7,1,serial,134,469
7,1,serial,135,720
7,1,serial,136,495
7,1,serial,137,490
7,1,serial,138,519
7,1,serial,139,475
7,1,serial,140,450
7,1,serial,141,491
7,1,serial,142,547
7,1,serial,143,420
7,1,serial,144,484
7,1,serial,145,531
7,1,serial,146,542
7,1,serial,147,452
7,1,serial,148,452
7,1,serial,149,507
7,1,serial,150,509
7,1,serial,151,476
7,1,serial,152,473
7,1,serial,153,473
7,1,serial,154,525
7,1,serial,155,475
7,1,serial,156,506
7,1,serial,157,470
7,1,serial,158,464
7,1,serial,159,462
7,1,serial,160,502
7,1,serial,161,524
7,1,serial,162,483
7,1,serial,163,418
7,1,serial,164,480
7,1,serial,165,483
7,1,serial,166,416
7,1,serial,167,460
7,1,serial,168,533
7,1,serial,169,446
7,1,serial,170,475
7,1,serial,171,497
7,1,serial,172,458
7,1,serial,173,467
7,1,serial,174,409
7,1,serial,175,406
7,1,serial,176,449
7,1,serial,177,409
7,1,serial,178,415
7,1,serial,179,408
7,1,serial,180,401
7,1,serial,181,456
7,1,serial,182,412
7,1,serial,183,435
7,1,serial,184,410
7,1,serial,185,406
7,1,serial,186,404
7,1,serial,187,409
7,1,serial,188,457
7,1,serial,189,438
7,1,serial,190,403
7,1,serial,191,402
7,1,serial,192,418
7,1,serial,193,411
7,1,serial,194,407
7,1,serial,195,404
7,1,serial,196,403
7,1,serial,197,432
7,1,serial,198,409
7,1,serial,199,435
7,1,serial,200,473
7,1,serial,201,461
7,1,serial,202,458
7,1,serial,203,473
7,1,serial,204,454
7,1,serial,205,754
7,1,serial,206,677
7,1,serial,207,551
7,1,serial,208,432
7,1,serial,209,438
7,1,serial,210,479
7,1,serial,211,458
7,1,serial,212,451
7,1,serial,213,438
7,1,serial,214,432
7,1,serial,215,434
7,1,serial,216,434
7,1,serial,217,443
7,1,serial,218,437
7,1,serial,219,417
7,1,serial,220,434
7,1,serial,221,439
7,1,serial,222,442
7,1,serial,223,433
7,1,serial,224,441
7,1,serial,225,444
7,1,serial,226,442
7,1,serial,227,415
7,1,serial,228,430
7,1,serial,229,434
7,1,serial,230,416
7,1,serial,231,437
7,1,serial,232,437
7,1,serial,233,433
7,1,serial,234,432
7,1,serial,235,431
7,1,serial,236,413
7,1,serial,237,440
7,1,serial,238,484
7,1,serial,239,446
7,1,serial,240,424
7,1,serial,241,415
7,1,serial,242,420
7,1,serial,243,456
7,1,serial,244,450
7,1,serial,245,412
7,1,serial,246,432
7,1,serial,247,430
7,1,serial,248,427
7,1,serial,249,444
7,1,serial,250,439
7,1,serial,251,421
7,1,serial,252,416
7,1,serial,253,433
7,1,serial,254,436
7,1,serial,255,444
7,1,serial,256,417
7,1,serial,257,440
7,1,serial,258,432
7,1,serial,259,431
7,1,serial,260,437
7,1,serial,261,433
7,1,serial,262,432
7,1,serial,263,432
7,1,serial,264,431
7,1,serial,265,436
7,1,serial,266,447
7,1,serial,267,458
7,1,serial,268,418
7,1,serial,269,438
7,1,serial,270,435
7,1,serial,271,440
7,1,serial,272,432
7,1,serial,273,474
7,1,serial,274,498
7,1,serial,275,415
7,1,serial,276,637
7,1,serial,277,451
7,1,serial,278,412
7,1,serial,279,411
7,1,serial,280,458
7,1,serial,281,407
7,1,serial,282,412
7,1,serial,283,409
7,1,serial,284,406
7,1,serial,285,407
7,1,serial,286,407
7,1,serial,287,420
7,1,serial,288,409
7,1,serial,289,409
7,1,serial,290,407
7,1,serial,291,408
7,1,serial,292,405
7,1,serial,293,409
7,1,serial,294,408
7,1,serial,295,407
7,1,serial,296,406
7,1,serial,297,407
7,1,serial,298,407
7,1,serial,299,405
7,1,serial,300,426
7,1,serial,301,407
7,1,serial,302,409
7,1,serial,303,406
7,1,serial,304,407
7,1,serial,305,406
7,1,serial,306,406
7,1,serial,307,384
7,1,serial,308,405
7,1,serial,309,407
7,1,serial,310,552
7,1,serial,311,471
7,1,serial,312,412
7,1,serial,313,411
7,1,serial,314,451
7,1,serial,315,405
7,1,serial,316,410
7,1,serial,317,412
7,1,serial,318,408
7,1,serial,319,408
7,1,serial,320,481
7,1,serial,321,534
7,1,serial,322,480
7,1,serial,323,478
7,1,serial,324,500
7,1,serial,325,484
7,1,serial,326,438
7,1,serial,327,441
7,1,serial,328,445
7,1,serial,329,444
7,1,serial,330,438
7,1,serial,331,481
7,1,serial,332,480
7,1,serial,333,473
7,1,serial,334,438
7,1,serial,335,447
7,1,serial,336,426
7,1,serial,337,485
7,1,serial,338,440
7,1,serial,339,481
7,1,serial,340,483
7,1,serial,341,448
7,1,serial,342,439
7,1,serial,343,469
7,1,serial,344,410
7,1,serial,345,459
7,1,serial,346,422
7,1,serial,347,407
7,1,serial,348,410
7,1,serial,349,431
7,1,serial,350,406
7,1,serial,351,457
7,1,serial,352,407
7,1,serial,353,408
7,1,serial,354,403
7,1,serial,355,404
7,1,serial,356,406
7,1,serial,357,408
7,1,serial,358,409
7,1,serial,359,407
7,1,serial,360,407
7,1,serial,361,407
7,1,serial,362,405
7,1,serial,363,404
7,1,serial,364,406
7,1,serial,365,403
7,1,serial,366,405
7,1,serial,367,410
7,1,serial,368,443
7,1,serial,369,405
7,1,serial,370,406
7,1,serial,371,416
7,1,serial,372,424
7,1,serial,373,406
7,1,serial,374,409
7,1,serial,375,412
7,1,serial,376,404
7,1,serial,377,405
7,1,serial,378,403
7,1,serial,379,588
7,1,serial,380,508
7,1,serial,381,439
7,1,serial,382,450
7,1,serial,383,501
7,1,serial,384,557
7,1,serial,385,732
7,1,serial,386,752
7,1,serial,387,555
7,1,serial,388,469
7,1,serial,389,425
7,1,serial,390,417
7,1,serial,391,426
7,1,serial,392,426
7,1,serial,393,417
7,1,serial,394,422
7,1,serial,395,417
7,1,serial,396,416
7,1,serial,397,420
7,1,serial,398,422
7,1,serial,399,416
7,1,serial,400,432
7,1,serial,401,410
7,1,serial,402,420
7,1,serial,403,440
7,1,serial,404,451
7,1,serial,405,426
7,1,serial,406,421
7,1,serial,407,434
7,1,serial,408,440
7,1,serial,409,406
7,1,serial,410,413
7,1,serial,411,431
7,1,serial,412,413
7,1,serial,413,474
7,1,serial,414,421
7,1,serial,415,414
7,1,serial,416,438
7,1,serial,417,444
7,1,serial,418,453
7,1,serial,419,422
7,1,serial,420,437
7,1,serial,421,415
7,1,serial,422,482
7,1,serial,423,452
7,1,serial,424,670
7,1,serial,425,441
7,1,serial,426,430
7,1,serial,427,457
7,1,serial,428,429
7,1,serial,429,429
7,1,serial,430,437
7,1,serial,431,426
7,1,serial,432,423
7,1,serial,433,406
7,1,serial,434,421
7,1,serial,435,410
7,1,serial,436,407
7,1,serial,437,412
7,1,serial,438,409
7,1,serial,439,406
7,1,serial,440,410
7,1,serial,441,412
7,1,serial,442,405
7,1,serial,443,408
7,1,serial,444,407
7,1,serial,445,410
7,1,serial,446,415
7,1,serial,447,406
7,1,serial,448,407
7,1,serial,449,414
7,1,serial,450,407
7,1,serial,451,424
7,1,serial,452,426
7,1,serial,453,479
7,1,serial,454,407
7,1,serial,455,404
7,1,serial,456,404
7,1,serial,457,409
7,1,serial,458,404
7,1,serial,459,408
7,1,serial,460,406
7,1,serial,461,405
7,1,serial,462,408
7,1,serial,463,408
7,1,serial,464,407
7,1,serial,465,407
7,1,serial,466,414
7,1,serial,467,404
7,1,serial,468,407
7,1,serial,469,404
7,1,serial,470,412
7,1,serial,471,406
7,1,serial,472,405
7,1,serial,473,395
7,1,serial,474,392
7,1,serial,475,397
7,1,serial,476,405
7,1,serial,477,407
7,1,serial,478,407
7,1,serial,479,407
7,1,serial,480,414
7,1,serial,481,406
7,1,serial,482,409
7,1,serial,483,412
7,1,serial,484,402
7,1,serial,485,412
7,1,serial,486,408
7,1,serial,487,415
7,1,serial,488,466
7,1,serial,489,499
7,1,serial,490,465
7,1,serial,491,512
7,1,serial,492,488
7,1,serial,493,513
7,1,serial,494,493
7,1,serial,495,460
7,1,serial,496,484
7,1,serial,497,474
7,1,serial,498,462
7,1,serial,499,499
7,1,serial,500,446
7,1,serial,501,482
7,1,serial,502,488
7,1,serial,503,519
7,1,serial,504,488
7,1,serial,505,423
7,1,serial,506,452
7,1,serial,507,470
7,1,serial,508,458
7,1,serial,509,441
7,1,serial,510,471
7,1,serial,511,459
7,1,serial,512,476
7,1,serial,513,442
7,1,serial,514,419
7,1,serial,515,458
7,1,serial,516,508
7,1,serial,517,415
7,1,serial,518,407
7,1,serial,519,819
7,1,serial,520,417
7,1,serial,521,457
7,1,serial,522,439
7,1,serial,523,406
7,1,serial,524,437
7,1,serial,525,409
7,1,serial,526,428
7,1,serial,527,409
7,1,serial,528,418
7,1,serial,529,407
7,1,serial,530,1179
7,1,serial,531,417
7,1,serial,532,404
7,1,serial,533,409
7,1,serial,534,406
7,1,serial,535,411
7,1,serial,536,409
7,1,serial,537,408
7,1,serial,538,408
7,1,serial,539,404
7,1,serial,540,408
7,1,serial,541,407
7,1,serial,542,405
7,1,serial,543,406
7,1,serial,544,404
7,1,serial,545,405
7,1,serial,546,405
7,1,serial,547,407
7,1,serial,548,403
7,1,serial,549,403
7,1,serial,550,402
7,1,serial,551,403
7,1,serial,552,402
7,1,serial,553,405
7,1,serial,554,404
7,1,serial,555,406
7,1,serial,556,513
7,1,serial,557,416
7,1,serial,558,435
7,1,serial,559,408
7,1,serial,560,415
7,1,serial,561,408
7,1,serial,562,408
7,1,serial,563,422
7,1,serial,564,415
7,1,serial,565,407
7,1,serial,566,410
7,1,serial,567,422
7,1,serial,568,408
7,1,serial,569,402
7,1,serial,570,413
7,1,serial,571,409
7,1,serial,572,420
7,1,serial,573,404
7,1,serial,574,408
7,1,serial,575,429
7,1,serial,576,402
7,1,serial,577,404
7,1,serial,578,407
7,1,serial,579,408
7,1,serial,580,406
7,1,serial,581,408
7,1,serial,582,405
7,1,serial,583,405
7,1,serial,584,408
7,1,serial,585,408
7,1,serial,586,405
7,1,serial,587,408
7,1,serial,588,406
7,1,serial,589,414
7,1,serial,590,405
7,1,serial,591,406
7,1,serial,592,431
7,1,serial,593,406
7,1,serial,594,596
7,1,serial,595,454
7,1,serial,596,415
7,1,serial,597,440
7,1,serial,598,479
7,1,serial,599,442
7,1,serial,600,438
7,1,serial,601,441
7,1,serial,602,462
7,1,serial,603,425
7,1,serial,604,435
7,1,serial,605,439
7,1,serial,606,439
7,1,serial,607,477
7,1,serial,608,437
7,1,serial,609,423
7,1,serial,610,437
7,1,serial,611,442
7,1,serial,612,420
7,1,serial,613,439
7,1,serial,614,442
7,1,serial,615,442
7,1,serial,616,438
7,1,serial,617,441
7,1,serial,618,440
7,1,serial,619,424
7,1,serial,620,419
7,1,serial,621,444
7,1,serial,622,445
7,1,serial,623,440
7,1,serial,624,433
7,1,serial,625,436
7,1,serial,626,442
7,1,serial,627,451
7,1,serial,628,420
7,1,serial,629,521
7,1,serial,630,448
7,1,serial,631,415
7,1,serial,632,428
7,1,serial,633,404
7,1,serial,634,405
7,1,serial,635,410
7,1,serial,636,509
7,1,serial,637,443
7,1,serial,638,429
7,1,serial,639,427
7,1,serial,640,424
7,1,serial,641,427
7,1,serial,642,423
7,1,serial,643,423
7,1,serial,644,388
7,1,serial,645,428
7,1,serial,646,427
7,1,serial,647,409
7,1,serial,648,408
7,1,serial,649,388
7,1,serial,650,392
7,1,serial,651,356
7,1,serial,652,350
7,1,serial,653,355
7,1,serial,654,353
7,1,serial,655,361
7,1,serial,656,356
7,1,serial,657,353
7,1,serial,658,362
7,1,serial,659,383
7,1,serial,660,366
7,1,serial,661,408
7,1,serial,662,419
7,1,serial,663,404
7,1,serial,664,388
7,1,serial,665,355
7,1,serial,666,354
7,1,serial,667,354
7,1,serial,668,367
7,1,serial,669,503
7,1,serial,670,469
7,1,serial,671,508
7,1,serial,672,486
7,1,serial,673,504
7,1,serial,674,458
7,1,serial,675,501
7,1,serial,676,500
7,1,serial,677,508
7,1,serial,678,479
7,1,serial,679,450
7,1,serial,680,474
7,1,serial,681,491
7,1,serial,682,486
7,1,serial,683,485
7,1,serial,684,504
7,1,serial,685,500
7,1,serial,686,505
7,1,serial,687,512
7,1,serial,688,486
7,1,serial,689,488
7,1,serial,690,487
7,1,serial,691,501
7,1,serial,692,479
7,1,serial,693,525
7,1,serial,694,498
7,1,serial,695,496
7,1,serial,696,447
7,1,serial,697,482
7,1,serial,698,455
7,1,serial,699,729
7,1,serial,700,472
7,1,serial,701,522
7,1,serial,702,481
7,1,serial,703,489
7,1,serial,704,467
7,1,serial,705,466
7,1,serial,706,505
7,1,serial,707,467
7,1,serial,708,506
7,1,serial,709,700
7,1,serial,710,702
7,1,serial,711,697
7,1,serial,712,683
7,1,serial,713,691
7,1,serial,714,684
7,1,serial,715,686
7,1,serial,716,677
7,1,serial,717,697
7,1,serial,718,702
7,1,serial,719,676
7,1,serial,720,676
7,1,serial,721,684
7,1,serial,722,679
7,1,serial,723,694
7,1,serial,724,676
7,1,serial,725,684
7,1,serial,726,624
7,1,serial,727,422
7,1,serial,728,412
7,1,serial,729,409
7,1,serial,730,410
7,1,serial,731,412
7,1,serial,732,411
7,1,serial,733,412
7,1,serial,734,439
7,1,serial,735,406
7,1,serial,736,408
7,1,serial,737,408
7,1,serial,738,510
7,1,serial,739,743
7,1,serial,740,709
7,1,serial,741,511
7,1,serial,742,498
7,1,serial,743,510
7,1,serial,744,515
7,1,serial,745,484
7,1,serial,746,442
7,1,serial,747,505
7,1,serial,748,687
7,1,serial,749,688
7,1,serial,750,678
7,1,serial,751,674
7,1,serial,752,668
7,1,serial,753,676
7,1,serial,754,700
7,1,serial,755,527
7,1,serial,756,531
7,1,serial,757,724
7,1,serial,758,520
7,1,serial,759,510
7,1,serial,760,506
7,1,serial,761,510
7,1,serial,762,726
7,1,serial,763,688
7,1,serial,764,680
7,1,serial,765,671
7,1,serial,766,683
7,1,serial,767,682
7,1,serial,768,679
7,1,serial,769,676
7,1,serial,770,713
7,1,serial,771,672
7,1,serial,772,675
7,1,serial,773,681
7,1,serial,774,668
7,1,serial,775,681
7,1,serial,776,691
7,1,serial,777,674
7,1,serial,778,686
7,1,serial,779,847
7,1,serial,780,519
7,1,serial,781,506
7,1,serial,782,497
7,1,serial,783,502
7,1,serial,784,503
7,1,serial,785,495
7,1,serial,786,484
7,1,serial,787,503
7,1,serial,788,481
7,1,serial,789,483
7,1,serial,790,513
7,1,serial,791,498
7,1,serial,792,487
7,1,serial,793,631
7,1,serial,794,483
7,1,serial,795,419
7,1,serial,796,427
7,1,serial,797,461
7,1,serial,798,447
7,1,serial,799,416
7,1,serial,800,430
7,1,serial,801,439
7,1,serial,802,486
7,1,serial,803,514
7,1,serial,804,510
7,1,serial,805,501
7,1,serial,806,504
7,1,serial,807,492
7,1,serial,808,510
7,1,serial,809,501
7,1,serial,810,493
7,1,serial,811,590
7,1,serial,812,638
7,1,serial,813,414
7,1,serial,814,423
7,1,serial,815,431
7,1,serial,816,451
7,1,serial,817,418
7,1,serial,818,410
7,1,serial,819,414
7,1,serial,820,441
7,1,serial,821,429
7,1,serial,822,432
7,1,serial,823,417
7,1,serial,824,417
7,1,serial,825,416
7,1,serial,826,417
7,1,serial,827,415
7,1,serial,828,440
7,1,serial,829,421
7,1,serial,830,496
7,1,serial,831,411
7,1,serial,832,444
7,1,serial,833,424
7,1,serial,834,418
7,1,serial,835,422
7,1,serial,836,417
7,1,serial,837,418
7,1,serial,838,422
7,1,serial,839,415
7,1,serial,840,412
7,1,serial,841,418
7,1,serial,842,416
7,1,serial,843,427
7,1,serial,844,414
7,1,serial,845,430
7,1,serial,846,417
7,1,serial,847,575
7,1,serial,848,477
7,1,serial,849,475
7,1,serial,850,467
7,1,serial,851,492
7,1,serial,852,453
7,1,serial,853,412
7,1,serial,854,413
7,1,serial,855,410
7,1,serial,856,411
7,1,serial,857,408
7,1,serial,858,409
7,1,serial,859,406
7,1,serial,860,427
7,1,serial,861,409
7,1,serial,862,405
7,1,serial,863,408
7,1,serial,864,407
7,1,serial,865,460
7,1,serial,866,409
7,1,serial,867,407
7,1,serial,868,408
7,1,serial,869,409
7,1,serial,870,413
7,1,serial,871,407
7,1,serial,872,406
7,1,serial,873,409
7,1,serial,874,413
7,1,serial,875,410
7,1,serial,876,408
7,1,serial,877,407
7,1,serial,878,405
7,1,serial,879,411
7,1,serial,880,405
7,1,serial,881,405
7,1,serial,882,408
7,1,serial,883,409
7,1,serial,884,415
7,1,serial,885,517
7,1,serial,886,433
7,1,serial,887,407
7,1,serial,888,504
7,1,serial,889,491
7,1,serial,890,435
7,1,serial,891,430
7,1,serial,892,431
7,1,serial,893,430
7,1,serial,894,458
7,1,serial,895,492
7,1,serial,896,464
7,1,serial,897,462
7,1,serial,898,451
7,1,serial,899,446
7,1,serial,900,445
7,1,serial,901,435
7,1,serial,902,419
7,1,serial,903,441
7,1,serial,904,440
7,1,serial,905,439
7,1,serial,906,430
7,1,serial,907,435
7,1,serial,908,421
7,1,serial,909,421
7,1,serial,910,433
7,1,serial,911,432
7,1,serial,912,436
7,1,serial,913,438
7,1,serial,914,429
7,1,serial,915,444
7,1,serial,916,436
7,1,serial,917,437
7,1,serial,918,500
7,1,serial,919,441
7,1,serial,920,446
7,1,serial,921,417
7,1,serial,922,448
7,1,serial,923,434
7,1,serial,924,432
7,1,serial,925,413
7,1,serial,926,417
7,1,serial,927,431
7,1,serial,928,430
7,1,serial,929,421
7,1,serial,930,458
7,1,serial,931,445
7,1,serial,932,410
7,1,serial,933,425
7,1,serial,934,433
7,1,serial,935,408
7,1,serial,936,421
7,1,serial,937,434
7,1,serial,938,434
7,1,serial,939,412
7,1,serial,940,423
7,1,serial,941,468
7,1,serial,942,410
7,1,serial,943,440
7,1,serial,944,409
7,1,serial,945,437
7,1,serial,946,410
7,1,serial,947,426
7,1,serial,948,418
7,1,serial,949,409
7,1,serial,950,624
7,1,serial,951,453
7,1,serial,952,406
7,1,serial,953,407
7,1,serial,954,568
7,1,serial,955,502
7,1,serial,956,414
7,1,serial,957,451
7,1,serial,958,408
7,1,serial,959,409
7,1,serial,960,407
7,1,serial,961,409
7,1,serial,962,404
7,1,serial,963,408
7,1,serial,964,405
7,1,serial,965,412
7,1,serial,966,407
7,1,serial,967,417
7,1,serial,968,409
7,1,serial,969,406
7,1,serial,970,407
7,1,serial,971,408
7,1,serial,972,406
7,1,serial,973,403
7,1,serial,974,408
7,1,serial,975,485
7,1,serial,976,431
7,1,serial,977,423
7,1,serial,978,403
7,1,serial,979,443
7,1,serial,980,408
7,1,serial,981,406
7,1,serial,982,407
7,1,serial,983,408
7,1,serial,984,407
7,1,serial,985,406
7,1,serial,986,405
7,1,serial,987,405
7,1,serial,988,404
7,1,serial,989,406
7,1,serial,990,566
7,1,serial,991,439
7,1,serial,992,465
7,1,serial,993,435
7,1,serial,994,482
7,1,serial,995,407
7,1,serial,996,405
7,1,serial,997,405
7,1,serial,998,411
7,1,serial,999,409
7,1,concurrent,0,422
7,1,concurrent,1,422
7,1,concurrent,2,423
7,1,concurrent,3,402
7,1,concurrent,4,436
7,1,concurrent,5,437
7,1,concurrent,6,369
7,1,concurrent,7,420
7,1,concurrent,8,455
7,1,concurrent,9,424
7,1,concurrent,10,389
7,1,concurrent,11,424
7,1,concurrent,12,414
7,1,concurrent,13,439
7,1,concurrent,14,439
7,1,concurrent,15,438
7,1,concurrent,16,415
7,1,concurrent,17,414
7,1,concurrent,18,415
7,1,concurrent,19,397
7,1,concurrent,20,412
7,1,concurrent,21,419
7,1,concurrent,22,437
7,1,concurrent,23,449
7,1,concurrent,24,419
7,1,concurrent,25,415
7,1,concurrent,26,440
7,1,concurrent,27,413
7,1,concurrent,28,414
7,1,concurrent,29,413
7,1,concurrent,30,426
7,1,concurrent,31,482
7,1,concurrent,32,452
7,1,concurrent,33,447
7,1,concurrent,34,595
7,1,concurrent,35,437
7,1,concurrent,36,389
7,1,concurrent,37,429
7,1,concurrent,38,390
7,1,concurrent,39,441
7,1,concurrent,40,431
7,1,concurrent,41,396
7,1,concurrent,42,388
7,1,concurrent,43,384
7,1,concurrent,44,412
7,1,concurrent,45,426
7,1,concurrent,46,426
7,1,concurrent,47,427
7,1,concurrent,48,417
7,1,concurrent,49,414
7,1,concurrent,50,419
7,1,concurrent,51,416
7,1,concurrent,52,445
7,1,concurrent,53,398
7,1,concurrent,54,418
7,1,concurrent,55,403
7,1,concurrent,56,437
7,1,concurrent,57,410
7,1,concurrent,58,467
7,1,concurrent,59,400
7,1,concurrent,60,414
7,1,concurrent,61,416
7,1,concurrent,62,439
7,1,concurrent,63,416
7,1,concurrent,64,415
7,1,concurrent,65,413
7,1,concurrent,66,436
7,1,concurrent,67,397
7,1,concurrent,68,416
7,1,concurrent,69,525
7,1,concurrent,70,473
7,1,concurrent,71,530
7,1,concurrent,72,423
7,1,concurrent,73,430
7,1,concurrent,74,391
7,1,concurrent,75,438
7,1,concurrent,76,433
7,1,concurrent,77,446
7,1,concurrent,78,377
7,1,concurrent,79,436
7,1,concurrent,80,406
7,1,concurrent,81,448
7,1,concurrent,82,416
7,1,concurrent,83,434
7,1,concurrent,84,435
7,1,concurrent,85,419
7,1,concurrent,86,447
7,1,concurrent,87,446
7,1,concurrent,88,439
7,1,concurrent,89,420
7,1,concurrent,90,421
7,1,concurrent,91,438
7,1,concurrent,92,442
7,1,concurrent,93,438
7,1,concurrent,94,432
7,1,concurrent,95,438
7,1,concurrent,96,414
7,1,concurrent,97,438
7,1,concurrent,98,438
7,1,concurrent,99,397
7,1,concurrent,100,437
7,1,concurrent,101,439
7,1,concurrent,102,418
7,1,concurrent,103,437
7,1,concurrent,104,469
7,1,concurrent,105,413
7,1,concurrent,106,504
7,1,concurrent,107,397
7,1,concurrent,108,441
7,1,concurrent,109,413
7,1,concurrent,110,456
7,1,concurrent,111,438
7,1,concurrent,112,409
7,1,concurrent,113,442
7,1,concurrent,114,441
7,1,concurrent,115,418
7,1,concurrent,116,419
7,1,concurrent,117,436
7,1,concurrent,118,423
7,1,concurrent,119,409
7,1,concurrent,120,410
7,1,concurrent,121,395
7,1,concurrent,122,398
7,1,concurrent,123,424
7,1,concurrent,124,441
7,1,concurrent,125,438
7,1,concurrent,126,415
7,1,concurrent,127,427
7,1,concurrent,128,437
7,1,concurrent,129,443
7,1,concurrent,130,442
7,1,concurrent,131,397
7,1,concurrent,132,454
7,1,concurrent,133,439
7,1,concurrent,134,437
7,1,concurrent,135,441
7,1,concurrent,136,419
7,1,concurrent,137,416
7,1,concurrent,138,437
7,1,concurrent,139,418
7,1,concurrent,140,413
7,1,concurrent,141,555
7,1,concurrent,142,368
7,1,concurrent,143,412
7,1,concurrent,144,421
7,1,concurrent,145,427
7,1,concurrent,146,423
7,1,concurrent,147,461
7,1,concurrent,148,418
7,1,concurrent,149,419
7,1,concurrent,150,446
7,1,concurrent,151,437
7,1,concurrent,152,438
7,1,concurrent,153,439
7,1,concurrent,154,443
7,1,concurrent,155,437
7,1,concurrent,156,437
7,1,concurrent,157,445
7,1,concurrent,158,426
7,1,concurrent,159,426
7,1,concurrent,160,414
7,1,concurrent,161,438
7,1,concurrent,162,435
7,1,concurrent,163,434
7,1,concurrent,164,418
7,1,concurrent,165,450
7,1,concurrent,166,438
7,1,concurrent,167,439
7,1,concurrent,168,438
7,1,concurrent,169,438
7,1,concurrent,170,441
7,1,concurrent,171,437
7,1,concurrent,172,438
7,1,concurrent,173,436
7,1,concurrent,174,451
7,1,concurrent,175,448
7,1,concurrent,176,496
7,1,concurrent,177,546
7,1,concurrent,178,468
7,1,concurrent,179,438
7,1,concurrent,180,445
7,1,concurrent,181,448
7,1,concurrent,182,428
7,1,concurrent,183,392
7,1,concurrent,184,417
7,1,concurrent,185,439
7,1,concurrent,186,420
7,1,concurrent,187,406
7,1,concurrent,188,437
7,1,concurrent,189,438
7,1,concurrent,190,446
7,1,concurrent,191,426
7,1,concurrent,192,427
7,1,concurrent,193,442
7,1,concurrent,194,445
7,1,concurrent,195,451
7,1,concurrent,196,436
7,1,concurrent,197,439
7,1,concurrent,198,418
7,1,concurrent,199,437
7,1,concurrent,200,437
7,1,concurrent,201,438
7,1,concurrent,202,436
7,1,concurrent,203,432
7,1,concurrent,204,470
7,1,concurrent,205,439
7,1,concurrent,206,439
7,1,concurrent,207,440
7,1,concurrent,208,437
7,1,concurrent,209,417
7,1,concurrent,210,494
7,1,concurrent,211,535
7,1,concurrent,212,478
7,1,concurrent,213,406
7,1,concurrent,214,463
7,1,concurrent,215,437
7,1,concurrent,216,451
7,1,concurrent,217,455
7,1,concurrent,218,468
7,1,concurrent,219,454
7,1,concurrent,220,471
7,1,concurrent,221,454
7,1,concurrent,222,429
7,1,concurrent,223,453
7,1,concurrent,224,449
7,1,concurrent,225,448
7,1,concurrent,226,455
7,1,concurrent,227,453
7,1,concurrent,228,469
7,1,concurrent,229,449
7,1,concurrent,230,429
7,1,concurrent,231,447
7,1,concurrent,232,440
7,1,concurrent,233,448
7,1,concurrent,234,463
7,1,concurrent,235,439
7,1,concurrent,236,416
7,1,concurrent,237,415
7,1,concurrent,238,414
7,1,concurrent,239,438
7,1,concurrent,240,444
7,1,concurrent,241,439
7,1,concurrent,242,419
7,1,concurrent,243,442
7,1,concurrent,244,426
7,1,concurrent,245,438
7,1,concurrent,246,590
7,1,concurrent,247,458
7,1,concurrent,248,467
7,1,concurrent,249,470
7,1,concurrent,250,477
7,1,concurrent,251,488
7,1,concurrent,252,471
7,1,concurrent,253,528
7,1,concurrent,254,463
7,1,concurrent,255,461
7,1,concurrent,256,471
7,1,concurrent,257,474
7,1,concurrent,258,443
7,1,concurrent,259,439
7,1,concurrent,260,467
7,1,concurrent,261,454
7,1,concurrent,262,476
7,1,concurrent,263,440
7,1,concurrent,264,492
7,1,concurrent,265,433
7,1,concurrent,266,477
7,1,concurrent,267,480
7,1,concurrent,268,508
7,1,concurrent,269,497
7,1,concurrent,270,429
7,1,concurrent,271,448
7,1,concurrent,272,432
7,1,concurrent,273,457
7,1,concurrent,274,453
7,1,concurrent,275,454
7,1,concurrent,276,453
7,1,concurrent,277,459
7,1,concurrent,278,461
7,1,concurrent,279,464
7,1,concurrent,280,429
7,1,concurrent,281,656
7,1,concurrent,282,531
7,1,concurrent,283,420
7,1,concurrent,284,430
7,1,concurrent,285,447
7,1,concurrent,286,411
7,1,concurrent,287,488
7,1,concurrent,288,466
7,1,concurrent,289,496
7,1,concurrent,290,484
7,1,concurrent,291,470
7,1,concurrent,292,466
7,1,concurrent,293,513
7,1,concurrent,294,496
7,1,concurrent,295,549
7,1,concurrent,296,552
7,1,concurrent,297,493
7,1,concurrent,298,667
7,1,concurrent,299,4376
7,1,concurrent,300,2359
7,1,concurrent,301,6062
7,1,concurrent,302,4926
7,1,concurrent,303,577
7,1,concurrent,304,449
7,1,concurrent,305,418
7,1,concurrent,306,450
7,1,concurrent,307,451
7,1,concurrent,308,449
7,1,concurrent,309,450
7,1,concurrent,310,448
7,1,concurrent,311,535
7,1,concurrent,312,449
7,1,concurrent,313,471
7,1,concurrent,314,455
7,1,concurrent,315,515
7,1,concurrent,316,469
7,1,concurrent,317,475
7,1,concurrent,318,454
7,1,concurrent,319,502
7,1,concurrent,320,488
7,1,concurrent,321,430
7,1,concurrent,322,425
7,1,concurrent,323,484
7,1,concurrent,324,497
7,1,concurrent,325,484
7,1,concurrent,326,440
7,1,concurrent,327,423
7,1,concurrent,328,400
7,1,concurrent,329,422
7,1,concurrent,330,480
7,1,concurrent,331,505
7,1,concurrent,332,510
7,1,concurrent,333,478
7,1,concurrent,334,498
7,1,concurrent,335,440
7,1,concurrent,336,488
7,1,concurrent,337,486
7,1,concurrent,338,470
7,1,concurrent,339,405
7,1,concurrent,340,397
7,1,concurrent,341,382
7,1,concurrent,342,422
7,1,concurrent,343,496
7,1,concurrent,344,435
7,1,concurrent,345,444
7,1,concurrent,346,485
7,1,concurrent,347,439
7,1,concurrent,348,415
7,1,concurrent,349,420
7,1,concurrent,350,439
7,1,concurrent,351,437
7,1,concurrent,352,450
7,1,concurrent,353,455
7,1,concurrent,354,442
7,1,concurrent,355,438
7,1,concurrent,356,413
7,1,concurrent,357,415
7,1,concurrent,358,439
7,1,concurrent,359,443
7,1,concurrent,360,466
7,1,concurrent,361,426
7,1,concurrent,362,444
7,1,concurrent,363,450
7,1,concurrent,364,469
7,1,concurrent,365,450
7,1,concurrent,366,447
7,1,concurrent,367,396
7,1,concurrent,368,467
7,1,concurrent,369,437
7,1,concurrent,370,468
7,1,concurrent,371,452
7,1,concurrent,372,468
7,1,concurrent,373,442
7,1,concurrent,374,449
7,1,concurrent,375,470
7,1,concurrent,376,448
7,1,concurrent,377,447
7,1,concurrent,378,547
7,1,concurrent,379,446
7,1,concurrent,380,415
7,1,concurrent,381,433
7,1,concurrent,382,436
7,1,concurrent,383,411
7,1,concurrent,384,418
7,1,concurrent,385,391
7,1,concurrent,386,397
7,1,concurrent,387,397
7,1,concurrent,388,401
7,1,concurrent,389,371
7,1,concurrent,390,398
7,1,concurrent,391,387
7,1,concurrent,392,370
7,1,concurrent,393,391
7,1,concurrent,394,406
7,1,concurrent,395,423
7,1,concurrent,396,403
7,1,concurrent,397,409
7,1,concurrent,398,440
7,1,concurrent,399,396
7,1,concurrent,400,369
7,1,concurrent,401,461
7,1,concurrent,402,398
7,1,concurrent,403,413
7,1,concurrent,404,407
7,1,concurrent,405,449
7,1,concurrent,406,488
7,1,concurrent,407,409
7,1,concurrent,408,419
7,1,concurrent,409,392
7,1,concurrent,410,419
7,1,concurrent,411,436
7,1,concurrent,412,397
7,1,concurrent,413,381
7,1,concurrent,414,403
7,1,concurrent,415,476
7,1,concurrent,416,613
7,1,concurrent,417,435
7,1,concurrent,418,427
7,1,concurrent,419,454
7,1,concurrent,420,549
7,1,concurrent,421,509
7,1,concurrent,422,451
7,1,concurrent,423,442
7,1,concurrent,424,452
7,1,concurrent,425,444
7,1,concurrent,426,448
7,1,concurrent,427,426
7,1,concurrent,428,483
7,1,concurrent,429,440
7,1,concurrent,430,442
7,1,concurrent,431,454
7,1,concurrent,432,482
7,1,concurrent,433,456
7,1,concurrent,434,448
7,1,concurrent,435,452
7,1,concurrent,436,453
7,1,concurrent,437,480
7,1,concurrent,438,448
7,1,concurrent,439,445
7,1,concurrent,440,439
7,1,concurrent,441,444
7,1,concurrent,442,441
7,1,concurrent,443,452
7,1,concurrent,444,465
7,1,concurrent,445,452
7,1,concurrent,446,489
7,1,concurrent,447,475
7,1,concurrent,448,555
7,1,concurrent,449,437
7,1,concurrent,450,474
7,1,concurrent,451,466
7,1,concurrent,452,403
7,1,concurrent,453,431
7,1,concurrent,454,418
7,1,concurrent,455,423
7,1,concurrent,456,470
7,1,concurrent,457,416
7,1,concurrent,458,432
7,1,concurrent,459,429
7,1,concurrent,460,440
7,1,concurrent,461,439
7,1,concurrent,462,420
7,1,concurrent,463,464
7,1,concurrent,464,392
7,1,concurrent,465,414
7,1,concurrent,466,414
7,1,concurrent,467,414
7,1,concurrent,468,431
7,1,concurrent,469,447
7,1,concurrent,470,431
7,1,concurrent,471,442
7,1,concurrent,472,438
7,1,concurrent,473,409
7,1,concurrent,474,452
7,1,concurrent,475,455
7,1,concurrent,476,424
7,1,concurrent,477,473
7,1,concurrent,478,467
7,1,concurrent,479,448
7,1,concurrent,480,439
7,1,concurrent,481,441
7,1,concurrent,482,489
7,1,concurrent,483,500
7,1,concurrent,484,548
7,1,concurrent,485,426
7,1,concurrent,486,461
7,1,concurrent,487,700
7,1,concurrent,488,878
7,1,concurrent,489,802
7,1,concurrent,490,819
7,1,concurrent,491,797
7,1,concurrent,492,795
7,1,concurrent,493,763
7,1,concurrent,494,779
7,1,concurrent,495,769
7,1,concurrent,496,759
7,1,concurrent,497,763
7,1,concurrent,498,780
7,1,concurrent,499,794
7,1,concurrent,500,809
7,1,concurrent,501,780
7,1,concurrent,502,419
7,1,concurrent,503,439
7,1,concurrent,504,415
7,1,concurrent,505,416
7,1,concurrent,506,463
7,1,concurrent,507,438
7,1,concurrent,508,478
7,1,concurrent,509,449
7,1,concurrent,510,405
7,1,concurrent,511,412
7,1,concurrent,512,383
7,1,concurrent,513,394
7,1,concurrent,514,406
7,1,concurrent,515,397
7,1,concurrent,516,404
7,1,concurrent,517,401
7,1,concurrent,518,405
7,1,concurrent,519,397
7,1,concurrent,520,395
7,1,concurrent,521,408
7,1,concurrent,522,411
7,1,concurrent,523,370
7,1,concurrent,524,372
7,1,concurrent,525,372
7,1,concurrent,526,367
7,1,concurrent,527,376
7,1,concurrent,528,391
7,1,concurrent,529,361
7,1,concurrent,530,401
7,1,concurrent,531,379
7,1,concurrent,532,381
7,1,concurrent,533,429
7,1,concurrent,534,446
7,1,concurrent,535,474
7,1,concurrent,536,438
7,1,concurrent,537,468
7,1,concurrent,538,444
7,1,concurrent,539,448
7,1,concurrent,540,438
7,1,concurrent,541,468
7,1,concurrent,542,439
7,1,concurrent,543,440
7,1,concurrent,544,509
7,1,concurrent,545,456
7,1,concurrent,546,445
7,1,concurrent,547,440
7,1,concurrent,548,437
7,1,concurrent,549,438
7,1,concurrent,550,438
7,1,concurrent,551,415
7,1,concurrent,552,439
7,1,concurrent,553,416
7,1,concurrent,554,437
7,1,concurrent,555,410
7,1,concurrent,556,418
7,1,concurrent,557,416
7,1,concurrent,558,398
7,1,concurrent,559,443
7,1,concurrent,560,414
7,1,concurrent,561,438
7,1,concurrent,562,439
7,1,concurrent,563,442
7,1,concurrent,564,415
7,1,concurrent,565,414
7,1,concurrent,566,457
7,1,concurrent,567,414
7,1,concurrent,568,429
7,1,concurrent,569,414
7,1,concurrent,570,374
7,1,concurrent,571,405
7,1,concurrent,572,407
7,1,concurrent,573,400
7,1,concurrent,574,413
7,1,concurrent,575,414
7,1,concurrent,576,401
7,1,concurrent,577,410
7,1,concurrent,578,428
7,1,concurrent,579,414
7,1,concurrent,580,414
7,1,concurrent,581,416
7,1,concurrent,582,548
7,1,concurrent,583,479
7,1,concurrent,584,463
7,1,concurrent,585,483
7,1,concurrent,586,468
7,1,concurrent,587,468
7,1,concurrent,588,433
7,1,concurrent,589,442
7,1,concurrent,590,431
7,1,concurrent,591,417
7,1,concurrent,592,444
7,1,concurrent,593,440
7,1,concurrent,594,468
7,1,concurrent,595,418
7,1,concurrent,596,414
7,1,concurrent,597,398
7,1,concurrent,598,412
7,1,concurrent,599,423
7,1,concurrent,600,414
7,1,concurrent,601,410
7,1,concurrent,602,401
7,1,concurrent,603,414
7,1,concurrent,604,417
7,1,concurrent,605,439
7,1,concurrent,606,421
7,1,concurrent,607,412
7,1,concurrent,608,414
7,1,concurrent,609,415
7,1,concurrent,610,437
7,1,concurrent,611,413
7,1,concurrent,612,416
7,1,concurrent,613,421
7,1,concurrent,614,405
7,1,concurrent,615,429
7,1,concurrent,616,436
7,1,concurrent,617,416
7,1,concurrent,618,671
7,1,concurrent,619,763
7,1,concurrent,620,815
7,1,concurrent,621,804
7,1,concurrent,622,795
7,1,concurrent,623,752
7,1,concurrent,624,769
7,1,concurrent,625,804
7,1,concurrent,626,786
7,1,concurrent,627,790
7,1,concurrent,628,798
7,1,concurrent,629,676
7,1,concurrent,630,427
7,1,concurrent,631,442
7,1,concurrent,632,415
7,1,concurrent,633,426
7,1,concurrent,634,449
7,1,concurrent,635,514
7,1,concurrent,636,446
7,1,concurrent,637,619
7,1,concurrent,638,525
7,1,concurrent,639,439
7,1,concurrent,640,439
7,1,concurrent,641,438
7,1,concurrent,642,444
7,1,concurrent,643,415
7,1,concurrent,644,419
7,1,concurrent,645,541
7,1,concurrent,646,416
7,1,concurrent,647,444
7,1,concurrent,648,444
7,1,concurrent,649,444
7,1,concurrent,650,415
7,1,concurrent,651,438
7,1,concurrent,652,450
7,1,concurrent,653,421
7,1,concurrent,654,413
7,1,concurrent,655,424
7,1,concurrent,656,463
7,1,concurrent,657,416
7,1,concurrent,658,383
7,1,concurrent,659,405
7,1,concurrent,660,407
7,1,concurrent,661,423
7,1,concurrent,662,437
7,1,concurrent,663,438
7,1,concurrent,664,437
7,1,concurrent,665,423
7,1,concurrent,666,423
7,1,concurrent,667,414
7,1,concurrent,668,439
7,1,concurrent,669,444
7,1,concurrent,670,374
7,1,concurrent,671,463
7,1,concurrent,672,458
7,1,concurrent,673,430
7,1,concurrent,674,474
7,1,concurrent,675,439
7,1,concurrent,676,458
7,1,concurrent,677,417
7,1,concurrent,678,475
7,1,concurrent,679,419
7,1,concurrent,680,629
7,1,concurrent,681,445
7,1,concurrent,682,416
7,1,concurrent,683,474
7,1,concurrent,684,457
7,1,concurrent,685,447
7,1,concurrent,686,436
7,1,concurrent,687,462
7,1,concurrent,688,450
7,1,concurrent,689,425
7,1,concurrent,690,473
7,1,concurrent,691,439
7,1,concurrent,692,433
7,1,concurrent,693,440
7,1,concurrent,694,503
7,1,concurrent,695,430
7,1,concurrent,696,427
7,1,concurrent,697,447
7,1,concurrent,698,431
7,1,concurrent,699,429
7,1,concurrent,700,437
7,1,concurrent,701,439
7,1,concurrent,702,439
7,1,concurrent,703,472
7,1,concurrent,704,429
7,1,concurrent,705,461
7,1,concurrent,706,442
7,1,concurrent,707,399
7,1,concurrent,708,412
7,1,concurrent,709,395
7,1,concurrent,710,407
7,1,concurrent,711,410
7,1,concurrent,712,389
7,1,concurrent,713,429
7,1,concurrent,714,416
7,1,concurrent,715,668
7,1,concurrent,716,483
7,1,concurrent,717,485
7,1,concurrent,718,425
7,1,concurrent,719,422
7,1,concurrent,720,407
7,1,concurrent,721,456
7,1,concurrent,722,419
7,1,concurrent,723,434
7,1,concurrent,724,475
7,1,concurrent,725,441
7,1,concurrent,726,466
7,1,concurrent,727,459
7,1,concurrent,728,426
7,1,concurrent,729,438
7,1,concurrent,730,414
7,1,concurrent,731,414
7,1,concurrent,732,415
7,1,concurrent,733,400
7,1,concurrent,734,413
7,1,concurrent,735,417
7,1,concurrent,736,409
7,1,concurrent,737,404
7,1,concurrent,738,410
7,1,concurrent,739,399
7,1,concurrent,740,437
7,1,concurrent,741,420
7,1,concurrent,742,416
7,1,concurrent,743,442
7,1,concurrent,744,416
7,1,concurrent,745,438
7,1,concurrent,746,414
7,1,concurrent,747,417
7,1,concurrent,748,442
7,1,concurrent,749,405
7,1,concurrent,750,510
7,1,concurrent,751,506
7,1,concurrent,752,470
7,1,concurrent,753,490
7,1,concurrent,754,542
7,1,concurrent,755,436
7,1,concurrent,756,421
7,1,concurrent,757,422
7,1,concurrent,758,396
7,1,concurrent,759,394
7,1,concurrent,760,410
7,1,concurrent,761,411
7,1,concurrent,762,377
7,1,concurrent,763,408
7,1,concurrent,764,428
7,1,concurrent,765,435
7,1,concurrent,766,447
7,1,concurrent,767,424
7,1,concurrent,768,445
7,1,concurrent,769,418
7,1,concurrent,770,422
7,1,concurrent,771,421
7,1,concurrent,772,422
7,1,concurrent,773,395
7,1,concurrent,774,407
7,1,concurrent,775,380
7,1,concurrent,776,378
7,1,concurrent,777,410
7,1,concurrent,778,388
7,1,concurrent,779,410
7,1,concurrent,780,405
7,1,concurrent,781,382
7,1,concurrent,782,375
7,1,concurrent,783,411
7,1,concurrent,784,405
7,1,concurrent,785,428
7,1,concurrent,786,406
7,1,concurrent,787,428
7,1,concurrent,788,563
7,1,concurrent,789,429
7,1,concurrent,790,428
7,1,concurrent,791,430
7,1,concurrent,792,510
7,1,concurrent,793,536
7,1,concurrent,794,519
7,1,concurrent,795,483
7,1,concurrent,796,523
7,1,concurrent,797,566
7,1,concurrent,798,489
7,1,concurrent,799,517
7,1,concurrent,800,501
7,1,concurrent,801,469
7,1,concurrent,802,514
7,1,concurrent,803,460
7,1,concurrent,804,450
7,1,concurrent,805,442
7,1,concurrent,806,695
7,1,concurrent,807,471
7,1,concurrent,808,409
7,1,concurrent,809,413
7,1,concurrent,810,396
7,1,concurrent,811,415
7,1,concurrent,812,432
7,1,concurrent,813,450
7,1,concurrent,814,399
7,1,concurrent,815,410
7,1,concurrent,816,479
7,1,concurrent,817,445
7,1,concurrent,818,423
7,1,concurrent,819,406
7,1,concurrent,820,427
7,1,concurrent,821,506
7,1,concurrent,822,389
7,1,concurrent,823,402
7,1,concurrent,824,426
7,1,concurrent,825,408
7,1,concurrent,826,437
7,1,concurrent,827,427
7,1,concurrent,828,452
7,1,concurrent,829,417
7,1,concurrent,830,421
7,1,concurrent,831,391
7,1,concurrent,832,416
7,1,concurrent,833,427
7,1,concurrent,834,429
7,1,concurrent,835,428
7,1,concurrent,836,433
7,1,concurrent,837,427
7,1,concurrent,838,404
7,1,concurrent,839,429
7,1,concurrent,840,419
7,1,concurrent,841,436
7,1,concurrent,842,370
7,1,concurrent,843,452
7,1,concurrent,844,421
7,1,concurrent,845,403
7,1,concurrent,846,428
7,1,concurrent,847,437
7,1,concurrent,848,431
7,1,concurrent,849,428
7,1,concurrent,850,406
7,1,concurrent,851,383
7,1,concurrent,852,426
7,1,concurrent,853,429
7,1,concurrent,854,426
7,1,concurrent,855,427
7,1,concurrent,856,427
7,1,concurrent,857,816
7,1,concurrent,858,482
7,1,concurrent,859,438
7,1,concurrent,860,429
7,1,concurrent,861,415
7,1,concurrent,862,507
7,1,concurrent,863,473
7,1,concurrent,864,467
7,1,concurrent,865,451
7,1,concurrent,866,457
7,1,concurrent,867,431
7,1,concurrent,868,438
7,1,concurrent,869,522
7,1,concurrent,870,425
7,1,concurrent,871,418
7,1,concurrent,872,431
7,1,concurrent,873,489
7,1,concurrent,874,477
7,1,concurrent,875,391
7,1,concurrent,876,437
7,1,concurrent,877,440
7,1,concurrent,878,439
7,1,concurrent,879,417
7,1,concurrent,880,460
7,1,concurrent,881,458
7,1,concurrent,882,441
7,1,concurrent,883,431
7,1,concurrent,884,509
7,1,concurrent,885,497
7,1,concurrent,886,764
7,1,concurrent,887,685
7,1,concurrent,888,440
7,1,concurrent,889,974
7,1,concurrent,890,442
7,1,concurrent,891,544
7,1,concurrent,892,416
7,1,concurrent,893,447
7,1,concurrent,894,457
7,1,concurrent,895,427
7,1,concurrent,896,454
7,1,concurrent,897,441
7,1,concurrent,898,579
7,1,concurrent,899,617
7,1,concurrent,900,491
7,1,concurrent,901,438
7,1,concurrent,902,514
7,1,concurrent,903,509
7,1,concurrent,904,515
7,1,concurrent,905,520
7,1,concurrent,906,513
7,1,concurrent,907,541
7,1,concurrent,908,517
7,1,concurrent,909,704
7,1,concurrent,910,523
7,1,concurrent,911,429
7,1,concurrent,912,416
7,1,concurrent,913,450
7,1,concurrent,914,429
7,1,concurrent,915,455
7,1,concurrent,916,446
7,1,concurrent,917,438
7,1,concurrent,918,405
7,1,concurrent,919,405
7,1,concurrent,920,565
7,1,concurrent,921,440
7,1,concurrent,922,417
7,1,concurrent,923,427
7,1,concurrent,924,432
7,1,concurrent,925,407
7,1,concurrent,926,440
7,1,concurrent,927,504
7,1,concurrent,928,440
7,1,concurrent,929,454
7,1,concurrent,930,429
7,1,concurrent,931,457
7,1,concurrent,932,407
7,1,concurrent,933,454
7,1,concurrent,934,419
7,1,concurrent,935,411
7,1,concurrent,936,403
7,1,concurrent,937,419
7,1,concurrent,938,398
7,1,concurrent,939,406
7,1,concurrent,940,414
7,1,concurrent,941,428
7,1,concurrent,942,438
7,1,concurrent,943,409
7,1,concurrent,944,428
7,1,concurrent,945,429
7,1,concurrent,946,427
7,1,concurrent,947,422
7,1,concurrent,948,418
7,1,concurrent,949,420
7,1,concurrent,950,406
7,1,concurrent,951,427
7,1,concurrent,952,419
7,1,concurrent,953,405
7,1,concurrent,954,428
7,1,concurrent,955,420
7,1,concurrent,956,419
7,1,concurrent,957,394
7,1,concurrent,958,459
7,1,concurrent,959,433
7,1,concurrent,960,379
7,1,concurrent,961,399
7,1,concurrent,962,439
7,1,concurrent,963,405
7,1,concurrent,964,428
7,1,concurrent,965,436
7,1,concurrent,966,429
7,1,concurrent,967,437
7,1,concurrent,968,438
7,1,concurrent,969,415
7,1,concurrent,970,428
7,1,concurrent,971,460
7,1,concurrent,972,453
7,1,concurrent,973,433
7,1,concurrent,974,409
7,1,concurrent,975,404
7,1,concurrent,976,428
7,1,concurrent,977,428
7,1,concurrent,978,432
7,1,concurrent,979,429
7,1,concurrent,980,435
7,1,concurrent,981,426
7,1,concurrent,982,414
7,1,concurrent,983,427
7,1,concurrent,984,426
7,1,concurrent,985,433
7,1,concurrent,986,427
7,1,concurrent,987,426
7,1,concurrent,988,404
7,1,concurrent,989,428
7,1,concurrent,990,420
7,1,concurrent,991,420
7,1,concurrent,992,393
7,1,concurrent,993,428
7,1,concurrent,994,428
7,1,concurrent,995,522
7,1,concurrent,996,442
7,1,concurrent,997,421
7,1,concurrent,998,411
7,1,concurrent,999,457
