hits,misses,mode,iteration,latency_us
1,7,cpu_base,0,150
1,7,cpu_base,1,168
1,7,cpu_base,2,158
1,7,cpu_base,3,162
1,7,cpu_base,4,158
1,7,cpu_base,5,173
1,7,cpu_base,6,155
1,7,cpu_base,7,170
1,7,cpu_base,8,166
1,7,cpu_base,9,164
1,7,cpu_base,10,150
1,7,cpu_base,11,168
1,7,cpu_base,12,137
1,7,cpu_base,13,156
1,7,cpu_base,14,172
1,7,cpu_base,15,175
1,7,cpu_base,16,160
1,7,cpu_base,17,156
1,7,cpu_base,18,158
1,7,cpu_base,19,169
1,7,cpu_base,20,183
1,7,cpu_base,21,176
1,7,cpu_base,22,147
1,7,cpu_base,23,153
1,7,cpu_base,24,249
1,7,cpu_base,25,265
1,7,cpu_base,26,249
1,7,cpu_base,27,204
1,7,cpu_base,28,185
1,7,cpu_base,29,165
1,7,cpu_base,30,212
1,7,cpu_base,31,170
1,7,cpu_base,32,225
1,7,cpu_base,33,237
1,7,cpu_base,34,173
1,7,cpu_base,35,196
1,7,cpu_base,36,178
1,7,cpu_base,37,207
1,7,cpu_base,38,218
1,7,cpu_base,39,182
1,7,cpu_base,40,174
1,7,cpu_base,41,182
1,7,cpu_base,42,180
1,7,cpu_base,43,198
1,7,cpu_base,44,176
1,7,cpu_base,45,201
1,7,cpu_base,46,155
1,7,cpu_base,47,162
1,7,cpu_base,48,189
1,7,cpu_base,49,190
1,7,cpu_base,50,204
1,7,cpu_base,51,144
1,7,cpu_base,52,161
1,7,cpu_base,53,162
1,7,cpu_base,54,172
1,7,cpu_base,55,169
1,7,cpu_base,56,178
1,7,cpu_base,57,164
1,7,cpu_base,58,154
1,7,cpu_base,59,163
1,7,cpu_base,60,191
1,7,cpu_base,61,178
1,7,cpu_base,62,169
1,7,cpu_base,63,177
1,7,cpu_base,64,144
1,7,cpu_base,65,148
1,7,cpu_base,66,159
1,7,cpu_base,67,169
1,7,cpu_base,68,157
1,7,cpu_base,69,172
1,7,cpu_base,70,183
1,7,cpu_base,71,180
1,7,cpu_base,72,185
1,7,cpu_base,73,155
1,7,cpu_base,74,185
1,7,cpu_base,75,180
1,7,cpu_base,76,156
1,7,cpu_base,77,164
1,7,cpu_base,78,170
1,7,cpu_base,79,170
1,7,cpu_base,80,190
1,7,cpu_base,81,173
1,7,cpu_base,82,163
1,7,cpu_base,83,150
1,7,cpu_base,84,162
1,7,cpu_base,85,165
1,7,cpu_base,86,156
1,7,cpu_base,87,171
1,7,cpu_base,88,179
1,7,cpu_base,89,171
1,7,cpu_base,90,167
1,7,cpu_base,91,156
1,7,cpu_base,92,174
1,7,cpu_base,93,150
1,7,cpu_base,94,161
1,7,cpu_base,95,161
1,7,cpu_base,96,167
1,7,cpu_base,97,161
1,7,cpu_base,98,173
1,7,cpu_base,99,202
1,7,cpu_base,100,159
1,7,cpu_base,101,164
1,7,cpu_base,102,202
1,7,cpu_base,103,190
1,7,cpu_base,104,185
1,7,cpu_base,105,160
1,7,cpu_base,106,171
1,7,cpu_base,107,162
1,7,cpu_base,108,171
1,7,cpu_base,109,171
1,7,cpu_base,110,151
1,7,cpu_base,111,153
1,7,cpu_base,112,172
1,7,cpu_base,113,172
1,7,cpu_base,114,390
1,7,cpu_base,115,183
1,7,cpu_base,116,186
1,7,cpu_base,117,186
1,7,cpu_base,118,155
1,7,cpu_base,119,178
1,7,cpu_base,120,191
1,7,cpu_base,121,184
1,7,cpu_base,122,186
1,7,cpu_base,123,195
1,7,cpu_base,124,178
1,7,cpu_base,125,190
1,7,cpu_base,126,188
1,7,cpu_base,127,183
1,7,cpu_base,128,190
1,7,cpu_base,129,189
1,7,cpu_base,130,190
1,7,cpu_base,131,180
1,7,cpu_base,132,188
1,7,cpu_base,133,208
1,7,cpu_base,134,164
1,7,cpu_base,135,223
1,7,cpu_base,136,254
1,7,cpu_base,137,258
1,7,cpu_base,138,245
1,7,cpu_base,139,293
1,7,cpu_base,140,284
1,7,cpu_base,141,248
1,7,cpu_base,142,200
1,7,cpu_base,143,180
1,7,cpu_base,144,187
1,7,cpu_base,145,194
1,7,cpu_base,146,185
1,7,cpu_base,147,182
1,7,cpu_base,148,177
1,7,cpu_base,149,155
1,7,cpu_base,150,186
1,7,cpu_base,151,212
1,7,cpu_base,152,182
1,7,cpu_base,153,178
1,7,cpu_base,154,181
1,7,cpu_base,155,210
1,7,cpu_base,156,192
1,7,cpu_base,157,188
1,7,cpu_base,158,189
1,7,cpu_base,159,184
1,7,cpu_base,160,178
1,7,cpu_base,161,193
1,7,cpu_base,162,195
1,7,cpu_base,163,189
1,7,cpu_base,164,184
1,7,cpu_base,165,180
1,7,cpu_base,166,154
1,7,cpu_base,167,191
1,7,cpu_base,168,192
1,7,cpu_base,169,186
1,7,cpu_base,170,178
1,7,cpu_base,171,188
1,7,cpu_base,172,180
1,7,cpu_base,173,195
1,7,cpu_base,174,182
1,7,cpu_base,175,183
1,7,cpu_base,176,182
1,7,cpu_base,177,185
1,7,cpu_base,178,199
1,7,cpu_base,179,199
1,7,cpu_base,180,185
1,7,cpu_base,181,194
1,7,cpu_base,182,157
1,7,cpu_base,183,151
1,7,cpu_base,184,203
1,7,cpu_base,185,305
1,7,cpu_base,186,249
1,7,cpu_base,187,207
1,7,cpu_base,188,232
1,7,cpu_base,189,188
1,7,cpu_base,190,212
1,7,cpu_base,191,178
1,7,cpu_base,192,196
1,7,cpu_base,193,188
1,7,cpu_base,194,252
1,7,cpu_base,195,242
1,7,cpu_base,196,294
1,7,cpu_base,197,237
1,7,cpu_base,198,278
1,7,cpu_base,199,8985
1,7,cpu_base,200,7985
1,7,cpu_base,201,1906
1,7,cpu_base,202,585
1,7,cpu_base,203,588
1,7,cpu_base,204,516
1,7,cpu_base,205,639
1,7,cpu_base,206,476
1,7,cpu_base,207,434
1,7,cpu_base,208,431
1,7,cpu_base,209,442
1,7,cpu_base,210,436
1,7,cpu_base,211,437
1,7,cpu_base,212,404
1,7,cpu_base,213,456
1,7,cpu_base,214,444
1,7,cpu_base,215,446
1,7,cpu_base,216,454
1,7,cpu_base,217,420
1,7,cpu_base,218,445
1,7,cpu_base,219,475
1,7,cpu_base,220,460
1,7,cpu_base,221,448
1,7,cpu_base,222,429
1,7,cpu_base,223,1052
1,7,cpu_base,224,432
1,7,cpu_base,225,449
1,7,cpu_base,226,458
1,7,cpu_base,227,473
1,7,cpu_base,228,463
1,7,cpu_base,229,458
1,7,cpu_base,230,412
1,7,cpu_base,231,482
1,7,cpu_base,232,443
1,7,cpu_base,233,458
1,7,cpu_base,234,432
1,7,cpu_base,235,429
1,7,cpu_base,236,428
1,7,cpu_base,237,473
1,7,cpu_base,238,406
1,7,cpu_base,239,324
1,7,cpu_base,240,250
1,7,cpu_base,241,220
1,7,cpu_base,242,441
1,7,cpu_base,243,216
1,7,cpu_base,244,165
1,7,cpu_base,245,136
1,7,cpu_base,246,135
1,7,cpu_base,247,135
1,7,cpu_base,248,135
1,7,cpu_base,249,148
1,7,cpu_base,250,141
1,7,cpu_base,251,149
1,7,cpu_base,252,143
1,7,cpu_base,253,136
1,7,cpu_base,254,147
1,7,cpu_base,255,141
1,7,cpu_base,256,154
1,7,cpu_base,257,135
1,7,cpu_base,258,140
1,7,cpu_base,259,134
1,7,cpu_base,260,136
1,7,cpu_base,261,134
1,7,cpu_base,262,135
1,7,cpu_base,263,140
1,7,cpu_base,264,167
1,7,cpu_base,265,161
1,7,cpu_base,266,147
1,7,cpu_base,267,135
1,7,cpu_base,268,161
1,7,cpu_base,269,134
1,7,cpu_base,270,155
1,7,cpu_base,271,138
1,7,cpu_base,272,179
1,7,cpu_base,273,192
1,7,cpu_base,274,141
1,7,cpu_base,275,148
1,7,cpu_base,276,143
1,7,cpu_base,277,151
1,7,cpu_base,278,153
1,7,cpu_base,279,140
1,7,cpu_base,280,135
1,7,cpu_base,281,141
1,7,cpu_base,282,159
1,7,cpu_base,283,144
1,7,cpu_base,284,135
1,7,cpu_base,285,145
1,7,cpu_base,286,134
1,7,cpu_base,287,140
1,7,cpu_base,288,280
1,7,cpu_base,289,145
1,7,cpu_base,290,151
1,7,cpu_base,291,183
1,7,cpu_base,292,315
1,7,cpu_base,293,339
1,7,cpu_base,294,336
1,7,cpu_base,295,318
1,7,cpu_base,296,323
1,7,cpu_base,297,316
1,7,cpu_base,298,326
1,7,cpu_base,299,607
1,7,cpu_base,300,324
1,7,cpu_base,301,322
1,7,cpu_base,302,839
1,7,cpu_base,303,410
1,7,cpu_base,304,242
1,7,cpu_base,305,235
1,7,cpu_base,306,227
1,7,cpu_base,307,262
1,7,cpu_base,308,272
1,7,cpu_base,309,278
1,7,cpu_base,310,270
1,7,cpu_base,311,270
1,7,cpu_base,312,275
1,7,cpu_base,313,271
1,7,cpu_base,314,258
1,7,cpu_base,315,268
1,7,cpu_base,316,242
1,7,cpu_base,317,226
1,7,cpu_base,318,179
1,7,cpu_base,319,135
1,7,cpu_base,320,153
1,7,cpu_base,321,139
1,7,cpu_base,322,134
1,7,cpu_base,323,139
1,7,cpu_base,324,135
1,7,cpu_base,325,168
1,7,cpu_base,326,142
1,7,cpu_base,327,160
1,7,cpu_base,328,146
1,7,cpu_base,329,139
1,7,cpu_base,330,137
1,7,cpu_base,331,139
1,7,cpu_base,332,134
1,7,cpu_base,333,135
1,7,cpu_base,334,134
1,7,cpu_base,335,135
1,7,cpu_base,336,134
1,7,cpu_base,337,138
1,7,cpu_base,338,139
1,7,cpu_base,339,134
1,7,cpu_base,340,141
1,7,cpu_base,341,134
1,7,cpu_base,342,135
1,7,cpu_base,343,145
1,7,cpu_base,344,134
1,7,cpu_base,345,141
1,7,cpu_base,346,134
1,7,cpu_base,347,135
1,7,cpu_base,348,133
1,7,cpu_base,349,139
1,7,cpu_base,350,138
1,7,cpu_base,351,133
1,7,cpu_base,352,192
1,7,cpu_base,353,144
1,7,cpu_base,354,139
1,7,cpu_base,355,134
1,7,cpu_base,356,139
1,7,cpu_base,357,140
1,7,cpu_base,358,134
1,7,cpu_base,359,141
1,7,cpu_base,360,134
1,7,cpu_base,361,134
1,7,cpu_base,362,134
1,7,cpu_base,363,136
1,7,cpu_base,364,323
1,7,cpu_base,365,200
1,7,cpu_base,366,148
1,7,cpu_base,367,155
1,7,cpu_base,368,196
1,7,cpu_base,369,151
1,7,cpu_base,370,136
1,7,cpu_base,371,143
1,7,cpu_base,372,135
1,7,cpu_base,373,134
1,7,cpu_base,374,138
1,7,cpu_base,375,134
1,7,cpu_base,376,138
1,7,cpu_base,377,139
1,7,cpu_base,378,145
1,7,cpu_base,379,150
1,7,cpu_base,380,147
1,7,cpu_base,381,134
1,7,cpu_base,382,142
1,7,cpu_base,383,137
1,7,cpu_base,384,134
1,7,cpu_base,385,136
1,7,cpu_base,386,173
1,7,cpu_base,387,169
1,7,cpu_base,388,149
1,7,cpu_base,389,139
1,7,cpu_base,390,134
1,7,cpu_base,391,135
1,7,cpu_base,392,140
1,7,cpu_base,393,135
1,7,cpu_base,394,144
1,7,cpu_base,395,173
1,7,cpu_base,396,139
1,7,cpu_base,397,136
1,7,cpu_base,398,136
1,7,cpu_base,399,138
1,7,cpu_base,400,135
1,7,cpu_base,401,160
1,7,cpu_base,402,135
1,7,cpu_base,403,138
1,7,cpu_base,404,134
1,7,cpu_base,405,144
1,7,cpu_base,406,165
1,7,cpu_base,407,138
1,7,cpu_base,408,134
1,7,cpu_base,409,135
1,7,cpu_base,410,139
1,7,cpu_base,411,154
1,7,cpu_base,412,136
1,7,cpu_base,413,146
1,7,cpu_base,414,138
1,7,cpu_base,415,134
1,7,cpu_base,416,134
1,7,cpu_base,417,137
1,7,cpu_base,418,139
1,7,cpu_base,419,140
1,7,cpu_base,420,139
1,7,cpu_base,421,142
1,7,cpu_base,422,134
1,7,cpu_base,423,135
1,7,cpu_base,424,142
1,7,cpu_base,425,134
1,7,cpu_base,426,137
1,7,cpu_base,427,162
1,7,cpu_base,428,134
1,7,cpu_base,429,134
1,7,cpu_base,430,134
1,7,cpu_base,431,146
1,7,cpu_base,432,137
1,7,cpu_base,433,146
1,7,cpu_base,434,140
1,7,cpu_base,435,145
1,7,cpu_base,436,137
1,7,cpu_base,437,133
1,7,cpu_base,438,132
1,7,cpu_base,439,136
1,7,cpu_base,440,136
1,7,cpu_base,441,139
1,7,cpu_base,442,137
1,7,cpu_base,443,132
1,7,cpu_base,444,133
1,7,cpu_base,445,133
1,7,cpu_base,446,140
1,7,cpu_base,447,132
1,7,cpu_base,448,136
1,7,cpu_base,449,137
1,7,cpu_base,450,189
1,7,cpu_base,451,132
1,7,cpu_base,452,133
1,7,cpu_base,453,136
1,7,cpu_base,454,135
1,7,cpu_base,455,134
1,7,cpu_base,456,136
1,7,cpu_base,457,136
1,7,cpu_base,458,133
1,7,cpu_base,459,132
1,7,cpu_base,460,135
1,7,cpu_base,461,150
1,7,cpu_base,462,137
1,7,cpu_base,463,136
1,7,cpu_base,464,132
1,7,cpu_base,465,133
1,7,cpu_base,466,144
1,7,cpu_base,467,133
1,7,cpu_base,468,135
1,7,cpu_base,469,140
1,7,cpu_base,470,139
1,7,cpu_base,471,134
1,7,cpu_base,472,133
1,7,cpu_base,473,138
1,7,cpu_base,474,277
1,7,cpu_base,475,233
1,7,cpu_base,476,198
1,7,cpu_base,477,137
1,7,cpu_base,478,134
1,7,cpu_base,479,142
1,7,cpu_base,480,135
1,7,cpu_base,481,134
1,7,cpu_base,482,144
1,7,cpu_base,483,226
1,7,cpu_base,484,204
1,7,cpu_base,485,137
1,7,cpu_base,486,143
1,7,cpu_base,487,134
1,7,cpu_base,488,135
1,7,cpu_base,489,189
1,7,cpu_base,490,202
1,7,cpu_base,491,198
1,7,cpu_base,492,200
1,7,cpu_base,493,160
1,7,cpu_base,494,144
1,7,cpu_base,495,139
1,7,cpu_base,496,141
1,7,cpu_base,497,141
1,7,cpu_base,498,136
1,7,cpu_base,499,180
1,7,cpu_base,500,136
1,7,cpu_base,501,143
1,7,cpu_base,502,134
1,7,cpu_base,503,134
1,7,cpu_base,504,134
1,7,cpu_base,505,133
1,7,cpu_base,506,134
1,7,cpu_base,507,150
1,7,cpu_base,508,152
1,7,cpu_base,509,151
1,7,cpu_base,510,135
1,7,cpu_base,511,137
1,7,cpu_base,512,137
1,7,cpu_base,513,137
1,7,cpu_base,514,134
1,7,cpu_base,515,140
1,7,cpu_base,516,134
1,7,cpu_base,517,134
1,7,cpu_base,518,133
1,7,cpu_base,519,138
1,7,cpu_base,520,133
1,7,cpu_base,521,143
1,7,cpu_base,522,141
1,7,cpu_base,523,136
1,7,cpu_base,524,134
1,7,cpu_base,525,139
1,7,cpu_base,526,135
1,7,cpu_base,527,139
1,7,cpu_base,528,135
1,7,cpu_base,529,133
1,7,cpu_base,530,146
1,7,cpu_base,531,135
1,7,cpu_base,532,140
1,7,cpu_base,533,134
1,7,cpu_base,534,140
1,7,cpu_base,535,134
1,7,cpu_base,536,147
1,7,cpu_base,537,141
1,7,cpu_base,538,141
1,7,cpu_base,539,138
1,7,cpu_base,540,133
1,7,cpu_base,541,137
1,7,cpu_base,542,139
1,7,cpu_base,543,135
1,7,cpu_base,544,137
1,7,cpu_base,545,135
1,7,cpu_base,546,134
1,7,cpu_base,547,134
1,7,cpu_base,548,136
1,7,cpu_base,549,134
1,7,cpu_base,550,139
1,7,cpu_base,551,141
1,7,cpu_base,552,136
1,7,cpu_base,553,134
1,7,cpu_base,554,136
1,7,cpu_base,555,134
1,7,cpu_base,556,139
1,7,cpu_base,557,134
1,7,cpu_base,558,134
1,7,cpu_base,559,187
1,7,cpu_base,560,134
1,7,cpu_base,561,134
1,7,cpu_base,562,139
1,7,cpu_base,563,133
1,7,cpu_base,564,137
1,7,cpu_base,565,139
1,7,cpu_base,566,138
1,7,cpu_base,567,137
1,7,cpu_base,568,134
1,7,cpu_base,569,134
1,7,cpu_base,570,134
1,7,cpu_base,571,137
1,7,cpu_base,572,134
1,7,cpu_base,573,140
1,7,cpu_base,574,134
1,7,cpu_base,575,133
1,7,cpu_base,576,133
1,7,cpu_base,577,134
1,7,cpu_base,578,134
1,7,cpu_base,579,139
1,7,cpu_base,580,139
1,7,cpu_base,581,136
1,7,cpu_base,582,134
1,7,cpu_base,583,136
1,7,cpu_base,584,222
1,7,cpu_base,585,187
1,7,cpu_base,586,213
1,7,cpu_base,587,139
1,7,cpu_base,588,184
1,7,cpu_base,589,195
1,7,cpu_base,590,151
1,7,cpu_base,591,135
1,7,cpu_base,592,138
1,7,cpu_base,593,139
1,7,cpu_base,594,140
1,7,cpu_base,595,141
1,7,cpu_base,596,136
1,7,cpu_base,597,136
1,7,cpu_base,598,135
1,7,cpu_base,599,134
1,7,cpu_base,600,135
1,7,cpu_base,601,141
1,7,cpu_base,602,170
1,7,cpu_base,603,139
1,7,cpu_base,604,134
1,7,cpu_base,605,134
1,7,cpu_base,606,134
1,7,cpu_base,607,137
1,7,cpu_base,608,143
1,7,cpu_base,609,138
1,7,cpu_base,610,134
1,7,cpu_base,611,137
1,7,cpu_base,612,134
1,7,cpu_base,613,134
1,7,cpu_base,614,137
1,7,cpu_base,615,136
1,7,cpu_base,616,139
1,7,cpu_base,617,136
1,7,cpu_base,618,134
1,7,cpu_base,619,134
1,7,cpu_base,620,134
1,7,cpu_base,621,136
1,7,cpu_base,622,142
1,7,cpu_base,623,136
1,7,cpu_base,624,141
1,7,cpu_base,625,138
1,7,cpu_base,626,142
1,7,cpu_base,627,134
1,7,cpu_base,628,137
1,7,cpu_base,629,135
1,7,cpu_base,630,137
1,7,cpu_base,631,138
1,7,cpu_base,632,138
1,7,cpu_base,633,134
1,7,cpu_base,634,135
1,7,cpu_base,635,138
1,7,cpu_base,636,140
1,7,cpu_base,637,139
1,7,cpu_base,638,136
1,7,cpu_base,639,135
1,7,cpu_base,640,141
1,7,cpu_base,641,134
1,7,cpu_base,642,135
1,7,cpu_base,643,137
1,7,cpu_base,644,138
1,7,cpu_base,645,138
1,7,cpu_base,646,137
1,7,cpu_base,647,134
1,7,cpu_base,648,134
1,7,cpu_base,649,137
1,7,cpu_base,650,143
1,7,cpu_base,651,140
1,7,cpu_base,652,139
1,7,cpu_base,653,135
1,7,cpu_base,654,155
1,7,cpu_base,655,135
1,7,cpu_base,656,134
1,7,cpu_base,657,136
1,7,cpu_base,658,134
1,7,cpu_base,659,146
1,7,cpu_base,660,134
1,7,cpu_base,661,139
1,7,cpu_base,662,134
1,7,cpu_base,663,134
1,7,cpu_base,664,145
1,7,cpu_base,665,140
1,7,cpu_base,666,138
1,7,cpu_base,667,231
1,7,cpu_base,668,211
1,7,cpu_base,669,163
1,7,cpu_base,670,182
1,7,cpu_base,671,136
1,7,cpu_base,672,147
1,7,cpu_base,673,137
1,7,cpu_base,674,139
1,7,cpu_base,675,134
1,7,cpu_base,676,134
1,7,cpu_base,677,147
1,7,cpu_base,678,137
1,7,cpu_base,679,136
1,7,cpu_base,680,142
1,7,cpu_base,681,139
1,7,cpu_base,682,143
1,7,cpu_base,683,133
1,7,cpu_base,684,137
1,7,cpu_base,685,141
1,7,cpu_base,686,135
1,7,cpu_base,687,133
1,7,cpu_base,688,138
1,7,cpu_base,689,133
1,7,cpu_base,690,138
1,7,cpu_base,691,134
1,7,cpu_base,692,145
1,7,cpu_base,693,133
1,7,cpu_base,694,270
1,7,cpu_base,695,152
1,7,cpu_base,696,137
1,7,cpu_base,697,135
1,7,cpu_base,698,143
1,7,cpu_base,699,160
1,7,cpu_base,700,254
1,7,cpu_base,701,143
1,7,cpu_base,702,140
1,7,cpu_base,703,150
1,7,cpu_base,704,167
1,7,cpu_base,705,142
1,7,cpu_base,706,198
1,7,cpu_base,707,211
1,7,cpu_base,708,136
1,7,cpu_base,709,163
1,7,cpu_base,710,191
1,7,cpu_base,711,170
1,7,cpu_base,712,147
1,7,cpu_base,713,249
1,7,cpu_base,714,257
1,7,cpu_base,715,223
1,7,cpu_base,716,194
1,7,cpu_base,717,154
1,7,cpu_base,718,142
1,7,cpu_base,719,134
1,7,cpu_base,720,147
1,7,cpu_base,721,141
1,7,cpu_base,722,133
1,7,cpu_base,723,134
1,7,cpu_base,724,134
1,7,cpu_base,725,139
1,7,cpu_base,726,134
1,7,cpu_base,727,137
1,7,cpu_base,728,151
1,7,cpu_base,729,134
1,7,cpu_base,730,137
1,7,cpu_base,731,138
1,7,cpu_base,732,140
1,7,cpu_base,733,134
1,7,cpu_base,734,139
1,7,cpu_base,735,146
1,7,cpu_base,736,134
1,7,cpu_base,737,134
1,7,cpu_base,738,134
1,7,cpu_base,739,137
1,7,cpu_base,740,134
1,7,cpu_base,741,139
1,7,cpu_base,742,134
1,7,cpu_base,743,134
1,7,cpu_base,744,137
1,7,cpu_base,745,138
1,7,cpu_base,746,137
1,7,cpu_base,747,137
1,7,cpu_base,748,134
1,7,cpu_base,749,140
1,7,cpu_base,750,139
1,7,cpu_base,751,133
1,7,cpu_base,752,135
1,7,cpu_base,753,133
1,7,cpu_base,754,137
1,7,cpu_base,755,136
1,7,cpu_base,756,135
1,7,cpu_base,757,134
1,7,cpu_base,758,134
1,7,cpu_base,759,134
1,7,cpu_base,760,137
1,7,cpu_base,761,139
1,7,cpu_base,762,134
1,7,cpu_base,763,138
1,7,cpu_base,764,179
1,7,cpu_base,765,135
1,7,cpu_base,766,135
1,7,cpu_base,767,133
1,7,cpu_base,768,136
1,7,cpu_base,769,134
1,7,cpu_base,770,138
1,7,cpu_base,771,134
1,7,cpu_base,772,134
1,7,cpu_base,773,136
1,7,cpu_base,774,136
1,7,cpu_base,775,137
1,7,cpu_base,776,137
1,7,cpu_base,777,134
1,7,cpu_base,778,141
1,7,cpu_base,779,139
1,7,cpu_base,780,133
1,7,cpu_base,781,135
1,7,cpu_base,782,134
1,7,cpu_base,783,137
1,7,cpu_base,784,138
1,7,cpu_base,785,134
1,7,cpu_base,786,136
1,7,cpu_base,787,136
1,7,cpu_base,788,137
1,7,cpu_base,789,138
1,7,cpu_base,790,138
1,7,cpu_base,791,134
1,7,cpu_base,792,141
1,7,cpu_base,793,139
1,7,cpu_base,794,134
1,7,cpu_base,795,134
1,7,cpu_base,796,134
1,7,cpu_base,797,137
1,7,cpu_base,798,135
1,7,cpu_base,799,207
1,7,cpu_base,800,280
1,7,cpu_base,801,153
1,7,cpu_base,802,149
1,7,cpu_base,803,152
1,7,cpu_base,804,142
1,7,cpu_base,805,141
1,7,cpu_base,806,134
1,7,cpu_base,807,138
1,7,cpu_base,808,139
1,7,cpu_base,809,138
1,7,cpu_base,810,134
1,7,cpu_base,811,138
1,7,cpu_base,812,139
1,7,cpu_base,813,135
1,7,cpu_base,814,134
1,7,cpu_base,815,134
1,7,cpu_base,816,136
1,7,cpu_base,817,141
1,7,cpu_base,818,141
1,7,cpu_base,819,140
1,7,cpu_base,820,140
1,7,cpu_base,821,134
1,7,cpu_base,822,134
1,7,cpu_base,823,134
1,7,cpu_base,824,140
1,7,cpu_base,825,137
1,7,cpu_base,826,138
1,7,cpu_base,827,135
1,7,cpu_base,828,134
1,7,cpu_base,829,135
1,7,cpu_base,830,138
1,7,cpu_base,831,144
1,7,cpu_base,832,139
1,7,cpu_base,833,137
1,7,cpu_base,834,139
1,7,cpu_base,835,134
1,7,cpu_base,836,134
1,7,cpu_base,837,135
1,7,cpu_base,838,134
1,7,cpu_base,839,136
1,7,cpu_base,840,137
1,7,cpu_base,841,138
1,7,cpu_base,842,135
1,7,cpu_base,843,134
1,7,cpu_base,844,136
1,7,cpu_base,845,136
1,7,cpu_base,846,138
1,7,cpu_base,847,143
1,7,cpu_base,848,134
1,7,cpu_base,849,140
1,7,cpu_base,850,135
1,7,cpu_base,851,136
1,7,cpu_base,852,134
1,7,cpu_base,853,136
1,7,cpu_base,854,134
1,7,cpu_base,855,138
1,7,cpu_base,856,138
1,7,cpu_base,857,134
1,7,cpu_base,858,134
1,7,cpu_base,859,138
1,7,cpu_base,860,140
1,7,cpu_base,861,136
1,7,cpu_base,862,137
1,7,cpu_base,863,134
1,7,cpu_base,864,134
1,7,cpu_base,865,134
1,7,cpu_base,866,138
1,7,cpu_base,867,135
1,7,cpu_base,868,135
1,7,cpu_base,869,136
1,7,cpu_base,870,157
1,7,cpu_base,871,135
1,7,cpu_base,872,134
1,7,cpu_base,873,135
1,7,cpu_base,874,136
1,7,cpu_base,875,138
1,7,cpu_base,876,139
1,7,cpu_base,877,134
1,7,cpu_base,878,135
1,7,cpu_base,879,134
1,7,cpu_base,880,137
1,7,cpu_base,881,134
1,7,cpu_base,882,141
1,7,cpu_base,883,134
1,7,cpu_base,884,141
1,7,cpu_base,885,155
1,7,cpu_base,886,139
1,7,cpu_base,887,168
1,7,cpu_base,888,143
1,7,cpu_base,889,138
1,7,cpu_base,890,139
1,7,cpu_base,891,134
1,7,cpu_base,892,134
1,7,cpu_base,893,135
1,7,cpu_base,894,137
1,7,cpu_base,895,134
1,7,cpu_base,896,151
1,7,cpu_base,897,151
1,7,cpu_base,898,134
1,7,cpu_base,899,134
1,7,cpu_base,900,134
1,7,cpu_base,901,134
1,7,cpu_base,902,138
1,7,cpu_base,903,141
1,7,cpu_base,904,136
1,7,cpu_base,905,140
1,7,cpu_base,906,135
1,7,cpu_base,907,133
1,7,cpu_base,908,134
1,7,cpu_base,909,143
1,7,cpu_base,910,141
1,7,cpu_base,911,134
1,7,cpu_base,912,134
1,7,cpu_base,913,134
1,7,cpu_base,914,276
1,7,cpu_base,915,142
1,7,cpu_base,916,143
1,7,cpu_base,917,135
1,7,cpu_base,918,141
1,7,cpu_base,919,134
1,7,cpu_base,920,134
1,7,cpu_base,921,145
1,7,cpu_base,922,137
1,7,cpu_base,923,159
1,7,cpu_base,924,138
1,7,cpu_base,925,143
1,7,cpu_base,926,134
1,7,cpu_base,927,134
1,7,cpu_base,928,134
1,7,cpu_base,929,138
1,7,cpu_base,930,136
1,7,cpu_base,931,210
1,7,cpu_base,932,192
1,7,cpu_base,933,207
1,7,cpu_base,934,137
1,7,cpu_base,935,160
1,7,cpu_base,936,136
1,7,cpu_base,937,134
1,7,cpu_base,938,135
1,7,cpu_base,939,134
1,7,cpu_base,940,152
1,7,cpu_base,941,135
1,7,cpu_base,942,145
1,7,cpu_base,943,134
1,7,cpu_base,944,136
1,7,cpu_base,945,143
1,7,cpu_base,946,139
1,7,cpu_base,947,138
1,7,cpu_base,948,134
1,7,cpu_base,949,150
1,7,cpu_base,950,139
1,7,cpu_base,951,134
1,7,cpu_base,952,136
1,7,cpu_base,953,135
1,7,cpu_base,954,133
1,7,cpu_base,955,134
1,7,cpu_base,956,135
1,7,cpu_base,957,137
1,7,cpu_base,958,135
1,7,cpu_base,959,137
1,7,cpu_base,960,142
1,7,cpu_base,961,133
1,7,cpu_base,962,136
1,7,cpu_base,963,135
1,7,cpu_base,964,141
1,7,cpu_base,965,181
1,7,cpu_base,966,138
1,7,cpu_base,967,134
1,7,cpu_base,968,134
1,7,cpu_base,969,134
1,7,cpu_base,970,137
1,7,cpu_base,971,136
1,7,cpu_base,972,134
1,7,cpu_base,973,134
1,7,cpu_base,974,142
1,7,cpu_base,975,137
1,7,cpu_base,976,137
1,7,cpu_base,977,134
1,7,cpu_base,978,139
1,7,cpu_base,979,135
1,7,cpu_base,980,134
1,7,cpu_base,981,137
1,7,cpu_base,982,134
1,7,cpu_base,983,134
1,7,cpu_base,984,134
1,7,cpu_base,985,138
1,7,cpu_base,986,136
1,7,cpu_base,987,139
1,7,cpu_base,988,141
1,7,cpu_base,989,138
1,7,cpu_base,990,135
1,7,cpu_base,991,134
1,7,cpu_base,992,138
1,7,cpu_base,993,138
1,7,cpu_base,994,138
1,7,cpu_base,995,137
1,7,cpu_base,996,134
1,7,cpu_base,997,134
1,7,cpu_base,998,135
1,7,cpu_base,999,137
1,7,serial,0,532
1,7,serial,1,511
1,7,serial,2,510
1,7,serial,3,518
1,7,serial,4,509
1,7,serial,5,535
1,7,serial,6,497
1,7,serial,7,517
1,7,serial,8,513
1,7,serial,9,509
1,7,serial,10,509
1,7,serial,11,511
1,7,serial,12,594
1,7,serial,13,564
1,7,serial,14,542
1,7,serial,15,516
1,7,serial,16,518
1,7,serial,17,522
1,7,serial,18,510
1,7,serial,19,520
1,7,serial,20,532
1,7,serial,21,520
1,7,serial,22,528
1,7,serial,23,524
1,7,serial,24,518
1,7,serial,25,531
1,7,serial,26,513
1,7,serial,27,518
1,7,serial,28,511
1,7,serial,29,525
1,7,serial,30,515
1,7,serial,31,522
1,7,serial,32,560
1,7,serial,33,559
1,7,serial,34,618
1,7,serial,35,587
1,7,serial,36,602
1,7,serial,37,541
1,7,serial,38,526
1,7,serial,39,523
1,7,serial,40,518
1,7,serial,41,513
1,7,serial,42,601
1,7,serial,43,580
1,7,serial,44,534
1,7,serial,45,622
1,7,serial,46,1122
1,7,serial,47,559
1,7,serial,48,519
1,7,serial,49,596
1,7,serial,50,535
1,7,serial,51,512
1,7,serial,52,562
1,7,serial,53,532
1,7,serial,54,535
1,7,serial,55,531
1,7,serial,56,519
1,7,serial,57,520
1,7,serial,58,500
1,7,serial,59,527
1,7,serial,60,531
1,7,serial,61,534
1,7,serial,62,512
1,7,serial,63,489
1,7,serial,64,555
1,7,serial,65,514
1,7,serial,66,501
1,7,serial,67,484
1,7,serial,68,502
1,7,serial,69,520
1,7,serial,70,499
1,7,serial,71,629
1,7,serial,72,565
1,7,serial,73,531
1,7,serial,74,548
1,7,serial,75,516
1,7,serial,76,506
1,7,serial,77,548
1,7,serial,78,521
1,7,serial,79,508
1,7,serial,80,509
1,7,serial,81,510
1,7,serial,82,506
1,7,serial,83,508
1,7,serial,84,498
1,7,serial,85,510
1,7,serial,86,503
1,7,serial,87,502
1,7,serial,88,576
1,7,serial,89,564
1,7,serial,90,511
1,7,serial,91,512
1,7,serial,92,519
1,7,serial,93,510
1,7,serial,94,524
1,7,serial,95,511
1,7,serial,96,534
1,7,serial,97,518
1,7,serial,98,494
1,7,serial,99,530
1,7,serial,100,519
1,7,serial,101,895
1,7,serial,102,574
1,7,serial,103,761
1,7,serial,104,654
1,7,serial,105,584
1,7,serial,106,586
1,7,serial,107,548
1,7,serial,108,552
1,7,serial,109,533
1,7,serial,110,539
1,7,serial,111,575
1,7,serial,112,527
1,7,serial,113,521
1,7,serial,114,518
1,7,serial,115,530
1,7,serial,116,556
1,7,serial,117,549
1,7,serial,118,557
1,7,serial,119,563
1,7,serial,120,557
1,7,serial,121,563
1,7,serial,122,617
1,7,serial,123,559
1,7,serial,124,598
1,7,serial,125,610
1,7,serial,126,824
1,7,serial,127,593
1,7,serial,128,640
1,7,serial,129,739
1,7,serial,130,566
1,7,serial,131,544
1,7,serial,132,585
1,7,serial,133,564
1,7,serial,134,544
1,7,serial,135,638
1,7,serial,136,620
1,7,serial,137,605
1,7,serial,138,610
1,7,serial,139,617
1,7,serial,140,638
1,7,serial,141,597
1,7,serial,142,572
1,7,serial,143,578
1,7,serial,144,611
1,7,serial,145,583
1,7,serial,146,557
1,7,serial,147,536
1,7,serial,148,535
1,7,serial,149,555
1,7,serial,150,570
1,7,serial,151,561
1,7,serial,152,603
1,7,serial,153,519
1,7,serial,154,708
1,7,serial,155,523
1,7,serial,156,1062
1,7,serial,157,623
1,7,serial,158,587
1,7,serial,159,543
1,7,serial,160,609
1,7,serial,161,555
1,7,serial,162,527
1,7,serial,163,516
1,7,serial,164,506
1,7,serial,165,511
1,7,serial,166,520
1,7,serial,167,516
1,7,serial,168,518
1,7,serial,169,514
1,7,serial,170,517
1,7,serial,171,518
1,7,serial,172,510
1,7,serial,173,511
1,7,serial,174,513
1,7,serial,175,520
1,7,serial,176,511
1,7,serial,177,511
1,7,serial,178,524
1,7,serial,179,510
1,7,serial,180,661
1,7,serial,181,659
1,7,serial,182,558
1,7,serial,183,521
1,7,serial,184,521
1,7,serial,185,528
1,7,serial,186,508
1,7,serial,187,516
1,7,serial,188,534
1,7,serial,189,506
1,7,serial,190,516
1,7,serial,191,505
1,7,serial,192,519
1,7,serial,193,647
1,7,serial,194,539
1,7,serial,195,563
1,7,serial,196,496
1,7,serial,197,495
1,7,serial,198,490
1,7,serial,199,531
1,7,serial,200,479
1,7,serial,201,480
1,7,serial,202,489
1,7,serial,203,496
1,7,serial,204,557
1,7,serial,205,521
1,7,serial,206,532
1,7,serial,207,512
1,7,serial,208,545
1,7,serial,209,513
1,7,serial,210,522
1,7,serial,211,695
1,7,serial,212,555
1,7,serial,213,681
1,7,serial,214,743
1,7,serial,215,546
1,7,serial,216,524
1,7,serial,217,556
1,7,serial,218,552
1,7,serial,219,527
1,7,serial,220,589
1,7,serial,221,655
1,7,serial,222,615
1,7,serial,223,551
1,7,serial,224,561
1,7,serial,225,530
1,7,serial,226,529
1,7,serial,227,533
1,7,serial,228,537
1,7,serial,229,535
1,7,serial,230,524
1,7,serial,231,513
1,7,serial,232,540
1,7,serial,233,508
1,7,serial,234,533
1,7,serial,235,504
1,7,serial,236,515
1,7,serial,237,558
1,7,serial,238,513
1,7,serial,239,675
1,7,serial,240,679
1,7,serial,241,566
1,7,serial,242,609
1,7,serial,243,553
1,7,serial,244,548
1,7,serial,245,537
1,7,serial,246,544
1,7,serial,247,531
1,7,serial,248,542
1,7,serial,249,516
1,7,serial,250,509
1,7,serial,251,517
1,7,serial,252,516
1,7,serial,253,519
1,7,serial,254,506
1,7,serial,255,534
1,7,serial,256,508
1,7,serial,257,539
1,7,serial,258,592
1,7,serial,259,819
1,7,serial,260,790
1,7,serial,261,823
1,7,serial,262,849
1,7,serial,263,788
1,7,serial,264,587
1,7,serial,265,545
1,7,serial,266,922
1,7,serial,267,626
1,7,serial,268,666
1,7,serial,269,660
1,7,serial,270,549
1,7,serial,271,572
1,7,serial,272,534
1,7,serial,273,565
1,7,serial,274,546
1,7,serial,275,527
1,7,serial,276,573
1,7,serial,277,572
1,7,serial,278,523
1,7,serial,279,539
1,7,serial,280,680
1,7,serial,281,580
1,7,serial,282,551
1,7,serial,283,553
1,7,serial,284,542
1,7,serial,285,519
1,7,serial,286,513
1,7,serial,287,531
1,7,serial,288,531
1,7,serial,289,509
1,7,serial,290,516
1,7,serial,291,518
1,7,serial,292,566
1,7,serial,293,699
1,7,serial,294,795
1,7,serial,295,750
1,7,serial,296,898
1,7,serial,297,1088
1,7,serial,298,663
1,7,serial,299,611
1,7,serial,300,647
1,7,serial,301,680
1,7,serial,302,710
1,7,serial,303,936
1,7,serial,304,618
1,7,serial,305,689
1,7,serial,306,708
1,7,serial,307,702
1,7,serial,308,942
1,7,serial,309,635
1,7,serial,310,658
1,7,serial,311,630
1,7,serial,312,699
1,7,serial,313,650
1,7,serial,314,915
1,7,serial,315,763
1,7,serial,316,1160
1,7,serial,317,699
1,7,serial,318,716
1,7,serial,319,658
1,7,serial,320,627
1,7,serial,321,575
1,7,serial,322,605
1,7,serial,323,608
1,7,serial,324,615
1,7,serial,325,587
1,7,serial,326,623
1,7,serial,327,785
1,7,serial,328,592
1,7,serial,329,624
1,7,serial,330,594
1,7,serial,331,601
1,7,serial,332,579
1,7,serial,333,605
1,7,serial,334,590
1,7,serial,335,589
1,7,serial,336,569
1,7,serial,337,549
1,7,serial,338,840
1,7,serial,339,690
1,7,serial,340,745
1,7,serial,341,646
1,7,serial,342,594
1,7,serial,343,549
1,7,serial,344,569
1,7,serial,345,584
1,7,serial,346,564
1,7,serial,347,577
1,7,serial,348,549
1,7,serial,349,548
1,7,serial,350,582
1,7,serial,351,592
1,7,serial,352,554
1,7,serial,353,543
1,7,serial,354,588
1,7,serial,355,569
1,7,serial,356,588
1,7,serial,357,521
1,7,serial,358,627
1,7,serial,359,596
1,7,serial,360,587
1,7,serial,361,613
1,7,serial,362,572
1,7,serial,363,645
1,7,serial,364,774
1,7,serial,365,894
1,7,serial,366,617
1,7,serial,367,568
1,7,serial,368,569
1,7,serial,369,591
1,7,serial,370,594
1,7,serial,371,559
1,7,serial,372,585
1,7,serial,373,565
1,7,serial,374,536
1,7,serial,375,573
1,7,serial,376,571
1,7,serial,377,553
1,7,serial,378,608
1,7,serial,379,576
1,7,serial,380,587
1,7,serial,381,602
1,7,serial,382,612
1,7,serial,383,672
1,7,serial,384,568
1,7,serial,385,574
1,7,serial,386,592
1,7,serial,387,576
1,7,serial,388,622
1,7,serial,389,531
1,7,serial,390,740
1,7,serial,391,649
1,7,serial,392,664
1,7,serial,393,622
1,7,serial,394,595
1,7,serial,395,669
1,7,serial,396,684
1,7,serial,397,726
1,7,serial,398,931
1,7,serial,399,726
1,7,serial,400,944
1,7,serial,401,932
1,7,serial,402,621
1,7,serial,403,644
1,7,serial,404,756
1,7,serial,405,1009
1,7,serial,406,658
1,7,serial,407,630
1,7,serial,408,682
1,7,serial,409,696
1,7,serial,410,750
1,7,serial,411,1410
1,7,serial,412,1110
1,7,serial,413,722
1,7,serial,414,726
1,7,serial,415,761
1,7,serial,416,805
1,7,serial,417,679
1,7,serial,418,708
1,7,serial,419,708
1,7,serial,420,694
1,7,serial,421,724
1,7,serial,422,753
1,7,serial,423,1433
1,7,serial,424,1012
1,7,serial,425,821
1,7,serial,426,807
1,7,serial,427,668
1,7,serial,428,717
1,7,serial,429,698
1,7,serial,430,636
1,7,serial,431,657
1,7,serial,432,685
1,7,serial,433,655
1,7,serial,434,599
1,7,serial,435,664
1,7,serial,436,726
1,7,serial,437,1074
1,7,serial,438,964
1,7,serial,439,596
1,7,serial,440,634
1,7,serial,441,697
1,7,serial,442,957
1,7,serial,443,693
1,7,serial,444,712
1,7,serial,445,646
1,7,serial,446,619
1,7,serial,447,631
1,7,serial,448,643
1,7,serial,449,679
1,7,serial,450,733
1,7,serial,451,916
1,7,serial,452,730
1,7,serial,453,689
1,7,serial,454,659
1,7,serial,455,611
1,7,serial,456,599
1,7,serial,457,665
1,7,serial,458,694
1,7,serial,459,906
1,7,serial,460,661
1,7,serial,461,619
1,7,serial,462,652
1,7,serial,463,682
1,7,serial,464,955
1,7,serial,465,684
1,7,serial,466,599
1,7,serial,467,579
1,7,serial,468,620
1,7,serial,469,591
1,7,serial,470,543
1,7,serial,471,611
1,7,serial,472,698
1,7,serial,473,705
1,7,serial,474,613
1,7,serial,475,1014
1,7,serial,476,1075
1,7,serial,477,792
1,7,serial,478,639
1,7,serial,479,670
1,7,serial,480,638
1,7,serial,481,627
1,7,serial,482,642
1,7,serial,483,640
1,7,serial,484,670
1,7,serial,485,660
1,7,serial,486,593
1,7,serial,487,628
1,7,serial,488,608
1,7,serial,489,591
1,7,serial,490,585
1,7,serial,491,571
1,7,serial,492,586
1,7,serial,493,576
1,7,serial,494,620
1,7,serial,495,720
1,7,serial,496,784
1,7,serial,497,667
1,7,serial,498,644
1,7,serial,499,853
1,7,serial,500,790
1,7,serial,501,1010
1,7,serial,502,818
1,7,serial,503,824
1,7,serial,504,793
1,7,serial,505,768
1,7,serial,506,753
1,7,serial,507,787
1,7,serial,508,728
1,7,serial,509,719
1,7,serial,510,725
1,7,serial,511,768
1,7,serial,512,682
1,7,serial,513,655
1,7,serial,514,692
1,7,serial,515,683
1,7,serial,516,709
1,7,serial,517,676
1,7,serial,518,1080
1,7,serial,519,755
1,7,serial,520,675
1,7,serial,521,610
1,7,serial,522,641
1,7,serial,523,596
1,7,serial,524,615
1,7,serial,525,585
1,7,serial,526,639
1,7,serial,527,682
1,7,serial,528,670
1,7,serial,529,653
1,7,serial,530,662
1,7,serial,531,609
1,7,serial,532,626
1,7,serial,533,630
1,7,serial,534,665
1,7,serial,535,643
1,7,serial,536,631
1,7,serial,537,668
1,7,serial,538,623
1,7,serial,539,617
1,7,serial,540,689
1,7,serial,541,678
1,7,serial,542,1089
1,7,serial,543,574
1,7,serial,544,564
1,7,serial,545,597
1,7,serial,546,634
1,7,serial,547,610
1,7,serial,548,609
1,7,serial,549,612
1,7,serial,550,627
1,7,serial,551,642
1,7,serial,552,609
1,7,serial,553,604
1,7,serial,554,604
1,7,serial,555,651
1,7,serial,556,564
1,7,serial,557,606
1,7,serial,558,574
1,7,serial,559,605
1,7,serial,560,629
1,7,serial,561,595
1,7,serial,562,582
1,7,serial,563,566
1,7,serial,564,567
1,7,serial,565,508
1,7,serial,566,453
1,7,serial,567,505
1,7,serial,568,457
1,7,serial,569,465
1,7,serial,570,592
1,7,serial,571,542
1,7,serial,572,535
1,7,serial,573,602
1,7,serial,574,544
1,7,serial,575,528
1,7,serial,576,524
1,7,serial,577,521
1,7,serial,578,510
1,7,serial,579,511
1,7,serial,580,507
1,7,serial,581,488
1,7,serial,582,489
1,7,serial,583,499
1,7,serial,584,516
1,7,serial,585,513
1,7,serial,586,489
1,7,serial,587,500
1,7,serial,588,520
1,7,serial,589,507
1,7,serial,590,504
1,7,serial,591,544
1,7,serial,592,551
1,7,serial,593,534
1,7,serial,594,519
1,7,serial,595,529
1,7,serial,596,529
1,7,serial,597,973
1,7,serial,598,548
1,7,serial,599,784
1,7,serial,600,570
1,7,serial,601,604
1,7,serial,602,581
1,7,serial,603,798
1,7,serial,604,640
1,7,serial,605,682
1,7,serial,606,717
1,7,serial,607,885
1,7,serial,608,627
1,7,serial,609,678
1,7,serial,610,551
1,7,serial,611,520
1,7,serial,612,534
1,7,serial,613,515
1,7,serial,614,515
1,7,serial,615,542
1,7,serial,616,511
1,7,serial,617,522
1,7,serial,618,520
1,7,serial,619,506
1,7,serial,620,522
1,7,serial,621,521
1,7,serial,622,538
1,7,serial,623,553
1,7,serial,624,523
1,7,serial,625,862
1,7,serial,626,571
1,7,serial,627,551
1,7,serial,628,603
1,7,serial,629,557
1,7,serial,630,575
1,7,serial,631,579
1,7,serial,632,589
1,7,serial,633,586
1,7,serial,634,608
1,7,serial,635,590
1,7,serial,636,580
1,7,serial,637,553
1,7,serial,638,566
1,7,serial,639,559
1,7,serial,640,639
1,7,serial,641,633
1,7,serial,642,554
1,7,serial,643,549
1,7,serial,644,545
1,7,serial,645,547
1,7,serial,646,513
1,7,serial,647,548
1,7,serial,648,795
1,7,serial,649,527
1,7,serial,650,515
1,7,serial,651,569
1,7,serial,652,551
1,7,serial,653,615
1,7,serial,654,572
1,7,serial,655,616
1,7,serial,656,549
1,7,serial,657,539
1,7,serial,658,523
1,7,serial,659,529
1,7,serial,660,541
1,7,serial,661,526
1,7,serial,662,517
1,7,serial,663,553
1,7,serial,664,533
1,7,serial,665,540
1,7,serial,666,541
1,7,serial,667,512
1,7,serial,668,515
1,7,serial,669,508
1,7,serial,670,510
1,7,serial,671,497
1,7,serial,672,575
1,7,serial,673,525
1,7,serial,674,514
1,7,serial,675,536
1,7,serial,676,641
1,7,serial,677,614
1,7,serial,678,534
1,7,serial,679,558
1,7,serial,680,542
1,7,serial,681,513
1,7,serial,682,524
1,7,serial,683,518
1,7,serial,684,518
1,7,serial,685,532
1,7,serial,686,502
1,7,serial,687,509
1,7,serial,688,506
1,7,serial,689,508
1,7,serial,690,527
1,7,serial,691,498
1,7,serial,692,513
1,7,serial,693,536
1,7,serial,694,556
1,7,serial,695,510
1,7,serial,696,509
1,7,serial,697,514
1,7,serial,698,529
1,7,serial,699,507
1,7,serial,700,507
1,7,serial,701,499
1,7,serial,702,535
1,7,serial,703,513
1,7,serial,704,536
1,7,serial,705,508
1,7,serial,706,688
1,7,serial,707,644
1,7,serial,708,481
1,7,serial,709,599
1,7,serial,710,605
1,7,serial,711,665
1,7,serial,712,585
1,7,serial,713,570
1,7,serial,714,547
1,7,serial,715,562
1,7,serial,716,579
1,7,serial,717,553
1,7,serial,718,562
1,7,serial,719,563
1,7,serial,720,544
1,7,serial,721,547
1,7,serial,722,532
1,7,serial,723,582
1,7,serial,724,542
1,7,serial,725,538
1,7,serial,726,539
1,7,serial,727,548
1,7,serial,728,528
1,7,serial,729,534
1,7,serial,730,561
1,7,serial,731,571
1,7,serial,732,529
1,7,serial,733,506
1,7,serial,734,790
1,7,serial,735,530
1,7,serial,736,538
1,7,serial,737,518
1,7,serial,738,511
1,7,serial,739,543
1,7,serial,740,529
1,7,serial,741,515
1,7,serial,742,522
1,7,serial,743,515
1,7,serial,744,787
1,7,serial,745,522
1,7,serial,746,512
1,7,serial,747,518
1,7,serial,748,517
1,7,serial,749,543
1,7,serial,750,522
1,7,serial,751,509
1,7,serial,752,525
1,7,serial,753,528
1,7,serial,754,522
1,7,serial,755,539
1,7,serial,756,540
1,7,serial,757,520
1,7,serial,758,535
1,7,serial,759,524
1,7,serial,760,507
1,7,serial,761,517
1,7,serial,762,616
1,7,serial,763,531
1,7,serial,764,589
1,7,serial,765,556
1,7,serial,766,509
1,7,serial,767,519
1,7,serial,768,540
1,7,serial,769,505
1,7,serial,770,631
1,7,serial,771,541
1,7,serial,772,513
1,7,serial,773,561
1,7,serial,774,574
1,7,serial,775,522
1,7,serial,776,543
1,7,serial,777,513
1,7,serial,778,542
1,7,serial,779,515
1,7,serial,780,510
1,7,serial,781,534
1,7,serial,782,552
1,7,serial,783,604
1,7,serial,784,617
1,7,serial,785,527
1,7,serial,786,533
1,7,serial,787,585
1,7,serial,788,539
1,7,serial,789,584
1,7,serial,790,749
1,7,serial,791,720
1,7,serial,792,671
1,7,serial,793,688
1,7,serial,794,730
1,7,serial,795,744
1,7,serial,796,772
1,7,serial,797,755
1,7,serial,798,739
1,7,serial,799,728
1,7,serial,800,766
1,7,serial,801,707
1,7,serial,802,699
1,7,serial,803,676
1,7,serial,804,672
1,7,serial,805,641
1,7,serial,806,905
1,7,serial,807,9142
1,7,serial,808,7612
1,7,serial,809,1427
1,7,serial,810,628
1,7,serial,811,533
1,7,serial,812,806
1,7,serial,813,649
1,7,serial,814,663
1,7,serial,815,667
1,7,serial,816,638
1,7,serial,817,672
1,7,serial,818,638
1,7,serial,819,658
1,7,serial,820,622
1,7,serial,821,629
1,7,serial,822,655
1,7,serial,823,645
1,7,serial,824,646
1,7,serial,825,634
1,7,serial,826,657
1,7,serial,827,662
1,7,serial,828,669
1,7,serial,829,651
1,7,serial,830,773
1,7,serial,831,1046
1,7,serial,832,803
1,7,serial,833,1961
1,7,serial,834,704
1,7,serial,835,708
1,7,serial,836,692
1,7,serial,837,691
1,7,serial,838,668
1,7,serial,839,674
1,7,serial,840,693
1,7,serial,841,621
1,7,serial,842,646
1,7,serial,843,663
1,7,serial,844,659
1,7,serial,845,629
1,7,serial,846,655
1,7,serial,847,631
1,7,serial,848,674
1,7,serial,849,578
1,7,serial,850,593
1,7,serial,851,620
1,7,serial,852,601
1,7,serial,853,595
1,7,serial,854,581
1,7,serial,855,570
1,7,serial,856,575
1,7,serial,857,589
1,7,serial,858,589
1,7,serial,859,599
1,7,serial,860,602
1,7,serial,861,576
1,7,serial,862,601
1,7,serial,863,682
1,7,serial,864,589
1,7,serial,865,569
1,7,serial,866,580
1,7,serial,867,575
1,7,serial,868,601
1,7,serial,869,573
1,7,serial,870,607
1,7,serial,871,631
1,7,serial,872,621
1,7,serial,873,572
1,7,serial,874,557
1,7,serial,875,597
1,7,serial,876,1062
1,7,serial,877,684
1,7,serial,878,989
1,7,serial,879,1235
1,7,serial,880,1074
1,7,serial,881,997
1,7,serial,882,992
1,7,serial,883,825
1,7,serial,884,860
1,7,serial,885,823
1,7,serial,886,859
1,7,serial,887,655
1,7,serial,888,603
1,7,serial,889,580
1,7,serial,890,597
1,7,serial,891,621
1,7,serial,892,563
1,7,serial,893,589
1,7,serial,894,598
1,7,serial,895,606
1,7,serial,896,618
1,7,serial,897,607
1,7,serial,898,634
1,7,serial,899,671
1,7,serial,900,646
1,7,serial,901,683
1,7,serial,902,646
1,7,serial,903,680
1,7,serial,904,932
1,7,serial,905,639
1,7,serial,906,634
1,7,serial,907,671
1,7,serial,908,932
1,7,serial,909,613
1,7,serial,910,630
1,7,serial,911,612
1,7,serial,912,634
1,7,serial,913,640
1,7,serial,914,623
1,7,serial,915,622
1,7,serial,916,575
1,7,serial,917,662
1,7,serial,918,957
1,7,serial,919,653
1,7,serial,920,940
1,7,serial,921,989
1,7,serial,922,680
1,7,serial,923,1144
1,7,serial,924,721
1,7,serial,925,882
1,7,serial,926,723
1,7,serial,927,958
1,7,serial,928,688
1,7,serial,929,975
1,7,serial,930,676
1,7,serial,931,944
1,7,serial,932,729
1,7,serial,933,713
1,7,serial,934,798
1,7,serial,935,745
1,7,serial,936,647
1,7,serial,937,605
1,7,serial,938,646
1,7,serial,939,694
1,7,serial,940,746
1,7,serial,941,626
1,7,serial,942,683
1,7,serial,943,637
1,7,serial,944,797
1,7,serial,945,660
1,7,serial,946,675
1,7,serial,947,699
1,7,serial,948,802
1,7,serial,949,649
1,7,serial,950,686
1,7,serial,951,673
1,7,serial,952,724
1,7,serial,953,686
1,7,serial,954,774
1,7,serial,955,724
1,7,serial,956,668
1,7,serial,957,681
1,7,serial,958,713
1,7,serial,959,670
1,7,serial,960,655
1,7,serial,961,630
1,7,serial,962,638
1,7,serial,963,651
1,7,serial,964,704
1,7,serial,965,725
1,7,serial,966,1466
1,7,serial,967,668
1,7,serial,968,770
1,7,serial,969,747
1,7,serial,970,649
1,7,serial,971,715
1,7,serial,972,658
1,7,serial,973,654
1,7,serial,974,693
1,7,serial,975,677
1,7,serial,976,694
1,7,serial,977,648
1,7,serial,978,705
1,7,serial,979,705
1,7,serial,980,631
1,7,serial,981,666
1,7,serial,982,708
1,7,serial,983,671
1,7,serial,984,714
1,7,serial,985,675
1,7,serial,986,703
1,7,serial,987,666
1,7,serial,988,650
1,7,serial,989,715
1,7,serial,990,801
1,7,serial,991,691
1,7,serial,992,640
1,7,serial,993,735
1,7,serial,994,670
1,7,serial,995,873
1,7,serial,996,702
1,7,serial,997,615
1,7,serial,998,606
1,7,serial,999,619
1,7,concurrent,0,670
1,7,concurrent,1,547
1,7,concurrent,2,527
1,7,concurrent,3,517
1,7,concurrent,4,558
1,7,concurrent,5,559
1,7,concurrent,6,559
1,7,concurrent,7,542
1,7,concurrent,8,568
1,7,concurrent,9,541
1,7,concurrent,10,541
1,7,concurrent,11,577
1,7,concurrent,12,593
1,7,concurrent,13,602
1,7,concurrent,14,715
1,7,concurrent,15,916
1,7,concurrent,16,509
1,7,concurrent,17,722
1,7,concurrent,18,600
1,7,concurrent,19,515
1,7,concurrent,20,561
1,7,concurrent,21,583
1,7,concurrent,22,580
1,7,concurrent,23,575
1,7,concurrent,24,565
1,7,concurrent,25,612
1,7,concurrent,26,565
1,7,concurrent,27,494
1,7,concurrent,28,534
1,7,concurrent,29,522
1,7,concurrent,30,534
1,7,concurrent,31,507
1,7,concurrent,32,596
1,7,concurrent,33,522
1,7,concurrent,34,511
1,7,concurrent,35,570
1,7,concurrent,36,541
1,7,concurrent,37,543
1,7,concurrent,38,506
1,7,concurrent,39,521
1,7,concurrent,40,522
1,7,concurrent,41,540
1,7,concurrent,42,517
1,7,concurrent,43,512
1,7,concurrent,44,497
1,7,concurrent,45,668
1,7,concurrent,46,516
1,7,concurrent,47,506
1,7,concurrent,48,644
1,7,concurrent,49,550
1,7,concurrent,50,674
1,7,concurrent,51,523
1,7,concurrent,52,537
1,7,concurrent,53,529
1,7,concurrent,54,513
1,7,concurrent,55,493
1,7,concurrent,56,531
1,7,concurrent,57,609
1,7,concurrent,58,699
1,7,concurrent,59,608
1,7,concurrent,60,575
1,7,concurrent,61,520
1,7,concurrent,62,536
1,7,concurrent,63,536
1,7,concurrent,64,519
1,7,concurrent,65,525
1,7,concurrent,66,516
1,7,concurrent,67,514
1,7,concurrent,68,534
1,7,concurrent,69,511
1,7,concurrent,70,536
1,7,concurrent,71,572
1,7,concurrent,72,664
1,7,concurrent,73,829
1,7,concurrent,74,629
1,7,concurrent,75,524
1,7,concurrent,76,573
1,7,concurrent,77,558
1,7,concurrent,78,552
1,7,concurrent,79,575
1,7,concurrent,80,592
1,7,concurrent,81,608
1,7,concurrent,82,533
1,7,concurrent,83,585
1,7,concurrent,84,661
1,7,concurrent,85,563
1,7,concurrent,86,542
1,7,concurrent,87,588
1,7,concurrent,88,499
1,7,concurrent,89,950
1,7,concurrent,90,1090
1,7,concurrent,91,545
1,7,concurrent,92,585
1,7,concurrent,93,556
1,7,concurrent,94,502
1,7,concurrent,95,539
1,7,concurrent,96,529
1,7,concurrent,97,564
1,7,concurrent,98,506
1,7,concurrent,99,518
1,7,concurrent,100,697
1,7,concurrent,101,482
1,7,concurrent,102,512
1,7,concurrent,103,530
1,7,concurrent,104,572
1,7,concurrent,105,499
1,7,concurrent,106,492
1,7,concurrent,107,539
1,7,concurrent,108,580
1,7,concurrent,109,529
1,7,concurrent,110,525
1,7,concurrent,111,490
1,7,concurrent,112,581
1,7,concurrent,113,514
1,7,concurrent,114,510
1,7,concurrent,115,558
1,7,concurrent,116,553
1,7,concurrent,117,566
1,7,concurrent,118,616
1,7,concurrent,119,521
1,7,concurrent,120,872
1,7,concurrent,121,895
1,7,concurrent,122,883
1,7,concurrent,123,840
1,7,concurrent,124,929
1,7,concurrent,125,598
1,7,concurrent,126,537
1,7,concurrent,127,516
1,7,concurrent,128,516
1,7,concurrent,129,492
1,7,concurrent,130,519
1,7,concurrent,131,525
1,7,concurrent,132,515
1,7,concurrent,133,517
1,7,concurrent,134,533
1,7,concurrent,135,515
1,7,concurrent,136,491
1,7,concurrent,137,491
1,7,concurrent,138,547
1,7,concurrent,139,520
1,7,concurrent,140,519
1,7,concurrent,141,515
1,7,concurrent,142,545
1,7,concurrent,143,533
1,7,concurrent,144,515
1,7,concurrent,145,544
1,7,concurrent,146,521
1,7,concurrent,147,539
1,7,concurrent,148,547
1,7,concurrent,149,530
1,7,concurrent,150,534
1,7,concurrent,151,531
1,7,concurrent,152,541
1,7,concurrent,153,527
1,7,concurrent,154,964
1,7,concurrent,155,840
1,7,concurrent,156,612
1,7,concurrent,157,630
1,7,concurrent,158,649
1,7,concurrent,159,582
1,7,concurrent,160,563
1,7,concurrent,161,575
1,7,concurrent,162,578
1,7,concurrent,163,587
1,7,concurrent,164,589
1,7,concurrent,165,542
1,7,concurrent,166,568
1,7,concurrent,167,579
1,7,concurrent,168,590
1,7,concurrent,169,578
1,7,concurrent,170,592
1,7,concurrent,171,588
1,7,concurrent,172,588
1,7,concurrent,173,581
1,7,concurrent,174,574
1,7,concurrent,175,583
1,7,concurrent,176,916
1,7,concurrent,177,1032
1,7,concurrent,178,1218
1,7,concurrent,179,920
1,7,concurrent,180,687
1,7,concurrent,181,633
1,7,concurrent,182,659
1,7,concurrent,183,672
1,7,concurrent,184,700
1,7,concurrent,185,526
1,7,concurrent,186,669
1,7,concurrent,187,654
1,7,concurrent,188,597
1,7,concurrent,189,604
1,7,concurrent,190,597
1,7,concurrent,191,588
1,7,concurrent,192,626
1,7,concurrent,193,553
1,7,concurrent,194,594
1,7,concurrent,195,507
1,7,concurrent,196,502
1,7,concurrent,197,493
1,7,concurrent,198,501
1,7,concurrent,199,493
1,7,concurrent,200,489
1,7,concurrent,201,518
1,7,concurrent,202,857
1,7,concurrent,203,735
1,7,concurrent,204,613
1,7,concurrent,205,622
1,7,concurrent,206,629
1,7,concurrent,207,670
1,7,concurrent,208,605
1,7,concurrent,209,608
1,7,concurrent,210,622
1,7,concurrent,211,651
1,7,concurrent,212,641
1,7,concurrent,213,595
1,7,concurrent,214,655
1,7,concurrent,215,640
1,7,concurrent,216,561
1,7,concurrent,217,786
1,7,concurrent,218,656
1,7,concurrent,219,534
1,7,concurrent,220,488
1,7,concurrent,221,493
1,7,concurrent,222,496
1,7,concurrent,223,575
1,7,concurrent,224,459
1,7,concurrent,225,904
1,7,concurrent,226,652
1,7,concurrent,227,608
1,7,concurrent,228,592
1,7,concurrent,229,614
1,7,concurrent,230,546
1,7,concurrent,231,496
1,7,concurrent,232,511
1,7,concurrent,233,532
1,7,concurrent,234,491
1,7,concurrent,235,545
1,7,concurrent,236,562
1,7,concurrent,237,559
1,7,concurrent,238,555
1,7,concurrent,239,522
1,7,concurrent,240,517
1,7,concurrent,241,522
1,7,concurrent,242,530
1,7,concurrent,243,513
1,7,concurrent,244,520
1,7,concurrent,245,515
1,7,concurrent,246,515
1,7,concurrent,247,516
1,7,concurrent,248,511
1,7,concurrent,249,539
1,7,concurrent,250,517
1,7,concurrent,251,513
1,7,concurrent,252,535
1,7,concurrent,253,512
1,7,concurrent,254,513
1,7,concurrent,255,636
1,7,concurrent,256,530
1,7,concurrent,257,521
1,7,concurrent,258,500
1,7,concurrent,259,543
1,7,concurrent,260,677
1,7,concurrent,261,539
1,7,concurrent,262,545
1,7,concurrent,263,564
1,7,concurrent,264,569
1,7,concurrent,265,569
1,7,concurrent,266,565
1,7,concurrent,267,522
1,7,concurrent,268,540
1,7,concurrent,269,520
1,7,concurrent,270,540
1,7,concurrent,271,523
1,7,concurrent,272,539
1,7,concurrent,273,582
1,7,concurrent,274,563
1,7,concurrent,275,550
1,7,concurrent,276,517
1,7,concurrent,277,539
1,7,concurrent,278,534
1,7,concurrent,279,500
1,7,concurrent,280,518
1,7,concurrent,281,542
1,7,concurrent,282,717
1,7,concurrent,283,635
1,7,concurrent,284,607
1,7,concurrent,285,475
1,7,concurrent,286,508
1,7,concurrent,287,507
1,7,concurrent,288,514
1,7,concurrent,289,494
1,7,concurrent,290,497
1,7,concurrent,291,504
1,7,concurrent,292,505
1,7,concurrent,293,490
1,7,concurrent,294,496
1,7,concurrent,295,510
1,7,concurrent,296,532
1,7,concurrent,297,491
1,7,concurrent,298,525
1,7,concurrent,299,596
1,7,concurrent,300,520
1,7,concurrent,301,495
1,7,concurrent,302,574
1,7,concurrent,303,548
1,7,concurrent,304,517
1,7,concurrent,305,561
1,7,concurrent,306,514
1,7,concurrent,307,510
1,7,concurrent,308,552
1,7,concurrent,309,511
1,7,concurrent,310,512
1,7,concurrent,311,510
1,7,concurrent,312,532
1,7,concurrent,313,538
1,7,concurrent,314,516
1,7,concurrent,315,609
1,7,concurrent,316,554
1,7,concurrent,317,560
1,7,concurrent,318,505
1,7,concurrent,319,529
1,7,concurrent,320,522
1,7,concurrent,321,485
1,7,concurrent,322,612
1,7,concurrent,323,563
1,7,concurrent,324,488
1,7,concurrent,325,489
1,7,concurrent,326,472
1,7,concurrent,327,468
1,7,concurrent,328,484
1,7,concurrent,329,642
1,7,concurrent,330,508
1,7,concurrent,331,536
1,7,concurrent,332,496
1,7,concurrent,333,496
1,7,concurrent,334,495
1,7,concurrent,335,485
1,7,concurrent,336,515
1,7,concurrent,337,550
1,7,concurrent,338,517
1,7,concurrent,339,519
1,7,concurrent,340,469
1,7,concurrent,341,527
1,7,concurrent,342,545
1,7,concurrent,343,545
1,7,concurrent,344,494
1,7,concurrent,345,510
1,7,concurrent,346,532
1,7,concurrent,347,513
1,7,concurrent,348,514
1,7,concurrent,349,516
1,7,concurrent,350,525
1,7,concurrent,351,510
1,7,concurrent,352,514
1,7,concurrent,353,507
1,7,concurrent,354,502
1,7,concurrent,355,493
1,7,concurrent,356,494
1,7,concurrent,357,492
1,7,concurrent,358,500
1,7,concurrent,359,623
1,7,concurrent,360,552
1,7,concurrent,361,665
1,7,concurrent,362,559
1,7,concurrent,363,559
1,7,concurrent,364,500
1,7,concurrent,365,507
1,7,concurrent,366,537
1,7,concurrent,367,548
1,7,concurrent,368,548
1,7,concurrent,369,518
1,7,concurrent,370,522
1,7,concurrent,371,517
1,7,concurrent,372,513
1,7,concurrent,373,512
1,7,concurrent,374,515
1,7,concurrent,375,516
1,7,concurrent,376,510
1,7,concurrent,377,515
1,7,concurrent,378,529
1,7,concurrent,379,515
1,7,concurrent,380,515
1,7,concurrent,381,534
1,7,concurrent,382,548
1,7,concurrent,383,524
1,7,concurrent,384,525
1,7,concurrent,385,490
1,7,concurrent,386,484
1,7,concurrent,387,501
1,7,concurrent,388,527
1,7,concurrent,389,688
1,7,concurrent,390,519
1,7,concurrent,391,530
1,7,concurrent,392,642
1,7,concurrent,393,545
1,7,concurrent,394,541
1,7,concurrent,395,557
1,7,concurrent,396,607
1,7,concurrent,397,569
1,7,concurrent,398,559
1,7,concurrent,399,561
1,7,concurrent,400,547
1,7,concurrent,401,562
1,7,concurrent,402,550
1,7,concurrent,403,577
1,7,concurrent,404,590
1,7,concurrent,405,587
1,7,concurrent,406,597
1,7,concurrent,407,551
1,7,concurrent,408,571
1,7,concurrent,409,529
1,7,concurrent,410,563
1,7,concurrent,411,530
1,7,concurrent,412,532
1,7,concurrent,413,539
1,7,concurrent,414,540
1,7,concurrent,415,544
1,7,concurrent,416,683
1,7,concurrent,417,613
1,7,concurrent,418,560
1,7,concurrent,419,620
1,7,concurrent,420,576
1,7,concurrent,421,562
1,7,concurrent,422,571
1,7,concurrent,423,522
1,7,concurrent,424,540
1,7,concurrent,425,534
1,7,concurrent,426,520
1,7,concurrent,427,520
1,7,concurrent,428,616
1,7,concurrent,429,610
1,7,concurrent,430,489
1,7,concurrent,431,563
1,7,concurrent,432,558
1,7,concurrent,433,545
1,7,concurrent,434,509
1,7,concurrent,435,500
1,7,concurrent,436,494
1,7,concurrent,437,502
1,7,concurrent,438,501
1,7,concurrent,439,496
1,7,concurrent,440,501
1,7,concurrent,441,525
1,7,concurrent,442,497
1,7,concurrent,443,503
1,7,concurrent,444,496
1,7,concurrent,445,676
1,7,concurrent,446,543
1,7,concurrent,447,522
1,7,concurrent,448,533
1,7,concurrent,449,514
1,7,concurrent,450,517
1,7,concurrent,451,501
1,7,concurrent,452,511
1,7,concurrent,453,518
1,7,concurrent,454,585
1,7,concurrent,455,514
1,7,concurrent,456,495
1,7,concurrent,457,514
1,7,concurrent,458,509
1,7,concurrent,459,513
1,7,concurrent,460,514
1,7,concurrent,461,523
1,7,concurrent,462,521
1,7,concurrent,463,511
1,7,concurrent,464,516
1,7,concurrent,465,521
1,7,concurrent,466,510
1,7,concurrent,467,529
1,7,concurrent,468,513
1,7,concurrent,469,623
1,7,concurrent,470,590
1,7,concurrent,471,565
1,7,concurrent,472,530
1,7,concurrent,473,564
1,7,concurrent,474,822
1,7,concurrent,475,626
1,7,concurrent,476,655
1,7,concurrent,477,674
1,7,concurrent,478,608
1,7,concurrent,479,607
1,7,concurrent,480,518
1,7,concurrent,481,504
1,7,concurrent,482,525
1,7,concurrent,483,502
1,7,concurrent,484,500
1,7,concurrent,485,510
1,7,concurrent,486,497
1,7,concurrent,487,509
1,7,concurrent,488,550
1,7,concurrent,489,552
1,7,concurrent,490,585
1,7,concurrent,491,860
1,7,concurrent,492,561
1,7,concurrent,493,503
1,7,concurrent,494,517
1,7,concurrent,495,576
1,7,concurrent,496,532
1,7,concurrent,497,506
1,7,concurrent,498,546
1,7,concurrent,499,504
1,7,concurrent,500,645
1,7,concurrent,501,545
1,7,concurrent,502,541
1,7,concurrent,503,628
1,7,concurrent,504,698
1,7,concurrent,505,632
1,7,concurrent,506,643
1,7,concurrent,507,544
1,7,concurrent,508,529
1,7,concurrent,509,525
1,7,concurrent,510,502
1,7,concurrent,511,466
1,7,concurrent,512,489
1,7,concurrent,513,497
1,7,concurrent,514,649
1,7,concurrent,515,586
1,7,concurrent,516,511
1,7,concurrent,517,511
1,7,concurrent,518,536
1,7,concurrent,519,541
1,7,concurrent,520,518
1,7,concurrent,521,581
1,7,concurrent,522,641
1,7,concurrent,523,492
1,7,concurrent,524,584
1,7,concurrent,525,601
1,7,concurrent,526,568
1,7,concurrent,527,567
1,7,concurrent,528,1310
1,7,concurrent,529,758
1,7,concurrent,530,674
1,7,concurrent,531,821
1,7,concurrent,532,893
1,7,concurrent,533,764
1,7,concurrent,534,885
1,7,concurrent,535,766
1,7,concurrent,536,861
1,7,concurrent,537,754
1,7,concurrent,538,796
1,7,concurrent,539,864
1,7,concurrent,540,672
1,7,concurrent,541,674
1,7,concurrent,542,916
1,7,concurrent,543,887
1,7,concurrent,544,625
1,7,concurrent,545,674
1,7,concurrent,546,653
1,7,concurrent,547,699
1,7,concurrent,548,747
1,7,concurrent,549,663
1,7,concurrent,550,668
1,7,concurrent,551,752
1,7,concurrent,552,702
1,7,concurrent,553,666
1,7,concurrent,554,681
1,7,concurrent,555,661
1,7,concurrent,556,738
1,7,concurrent,557,963
1,7,concurrent,558,618
1,7,concurrent,559,539
1,7,concurrent,560,562
1,7,concurrent,561,522
1,7,concurrent,562,580
1,7,concurrent,563,570
1,7,concurrent,564,542
1,7,concurrent,565,594
1,7,concurrent,566,590
1,7,concurrent,567,591
1,7,concurrent,568,646
1,7,concurrent,569,546
1,7,concurrent,570,598
1,7,concurrent,571,620
1,7,concurrent,572,762
1,7,concurrent,573,712
1,7,concurrent,574,675
1,7,concurrent,575,670
1,7,concurrent,576,620
1,7,concurrent,577,567
1,7,concurrent,578,623
1,7,concurrent,579,585
1,7,concurrent,580,648
1,7,concurrent,581,573
1,7,concurrent,582,607
1,7,concurrent,583,606
1,7,concurrent,584,651
1,7,concurrent,585,615
1,7,concurrent,586,634
1,7,concurrent,587,614
1,7,concurrent,588,613
1,7,concurrent,589,568
1,7,concurrent,590,642
1,7,concurrent,591,609
1,7,concurrent,592,564
1,7,concurrent,593,565
1,7,concurrent,594,611
1,7,concurrent,595,624
1,7,concurrent,596,597
1,7,concurrent,597,564
1,7,concurrent,598,910
1,7,concurrent,599,626
1,7,concurrent,600,746
1,7,concurrent,601,657
1,7,concurrent,602,620
1,7,concurrent,603,732
1,7,concurrent,604,655
1,7,concurrent,605,663
1,7,concurrent,606,669
1,7,concurrent,607,989
1,7,concurrent,608,626
1,7,concurrent,609,646
1,7,concurrent,610,622
1,7,concurrent,611,651
1,7,concurrent,612,650
1,7,concurrent,613,544
1,7,concurrent,614,624
1,7,concurrent,615,657
1,7,concurrent,616,648
1,7,concurrent,617,647
1,7,concurrent,618,585
1,7,concurrent,619,616
1,7,concurrent,620,640
1,7,concurrent,621,799
1,7,concurrent,622,680
1,7,concurrent,623,604
1,7,concurrent,624,717
1,7,concurrent,625,675
1,7,concurrent,626,907
1,7,concurrent,627,1081
1,7,concurrent,628,1073
1,7,concurrent,629,900
1,7,concurrent,630,717
1,7,concurrent,631,668
1,7,concurrent,632,580
1,7,concurrent,633,626
1,7,concurrent,634,639
1,7,concurrent,635,666
1,7,concurrent,636,615
1,7,concurrent,637,618
1,7,concurrent,638,950
1,7,concurrent,639,1187
1,7,concurrent,640,922
1,7,concurrent,641,830
1,7,concurrent,642,693
1,7,concurrent,643,581
1,7,concurrent,644,632
1,7,concurrent,645,624
1,7,concurrent,646,573
1,7,concurrent,647,613
1,7,concurrent,648,912
1,7,concurrent,649,1069
1,7,concurrent,650,819
1,7,concurrent,651,658
1,7,concurrent,652,788
1,7,concurrent,653,770
1,7,concurrent,654,660
1,7,concurrent,655,646
1,7,concurrent,656,690
1,7,concurrent,657,700
1,7,concurrent,658,734
1,7,concurrent,659,764
1,7,concurrent,660,776
1,7,concurrent,661,985
1,7,concurrent,662,1027
1,7,concurrent,663,691
1,7,concurrent,664,702
1,7,concurrent,665,648
1,7,concurrent,666,666
1,7,concurrent,667,652
1,7,concurrent,668,645
1,7,concurrent,669,884
1,7,concurrent,670,1056
1,7,concurrent,671,885
1,7,concurrent,672,659
1,7,concurrent,673,634
1,7,concurrent,674,611
1,7,concurrent,675,915
1,7,concurrent,676,884
1,7,concurrent,677,634
1,7,concurrent,678,717
1,7,concurrent,679,701
1,7,concurrent,680,687
1,7,concurrent,681,627
1,7,concurrent,682,679
1,7,concurrent,683,731
1,7,concurrent,684,898
1,7,concurrent,685,693
1,7,concurrent,686,734
1,7,concurrent,687,680
1,7,concurrent,688,709
1,7,concurrent,689,696
1,7,concurrent,690,701
1,7,concurrent,691,1027
1,7,concurrent,692,1163
1,7,concurrent,693,1227
1,7,concurrent,694,895
1,7,concurrent,695,653
1,7,concurrent,696,632
1,7,concurrent,697,613
1,7,concurrent,698,557
1,7,concurrent,699,594
1,7,concurrent,700,588
1,7,concurrent,701,616
1,7,concurrent,702,684
1,7,concurrent,703,578
1,7,concurrent,704,596
1,7,concurrent,705,683
1,7,concurrent,706,751
1,7,concurrent,707,896
1,7,concurrent,708,673
1,7,concurrent,709,603
1,7,concurrent,710,609
1,7,concurrent,711,651
1,7,concurrent,712,615
1,7,concurrent,713,604
1,7,concurrent,714,583
1,7,concurrent,715,585
1,7,concurrent,716,578
1,7,concurrent,717,617
1,7,concurrent,718,618
1,7,concurrent,719,732
1,7,concurrent,720,714
1,7,concurrent,721,714
1,7,concurrent,722,660
1,7,concurrent,723,719
1,7,concurrent,724,699
1,7,concurrent,725,693
1,7,concurrent,726,706
1,7,concurrent,727,595
1,7,concurrent,728,860
1,7,concurrent,729,1019
1,7,concurrent,730,653
1,7,concurrent,731,1086
1,7,concurrent,732,714
1,7,concurrent,733,654
1,7,concurrent,734,679
1,7,concurrent,735,685
1,7,concurrent,736,1202
1,7,concurrent,737,1230
1,7,concurrent,738,820
1,7,concurrent,739,705
1,7,concurrent,740,922
1,7,concurrent,741,913
1,7,concurrent,742,656
1,7,concurrent,743,667
1,7,concurrent,744,671
1,7,concurrent,745,935
1,7,concurrent,746,1126
1,7,concurrent,747,1052
1,7,concurrent,748,644
1,7,concurrent,749,687
1,7,concurrent,750,669
1,7,concurrent,751,618
1,7,concurrent,752,648
1,7,concurrent,753,603
1,7,concurrent,754,599
1,7,concurrent,755,634
1,7,concurrent,756,638
1,7,concurrent,757,739
1,7,concurrent,758,674
1,7,concurrent,759,630
1,7,concurrent,760,558
1,7,concurrent,761,588
1,7,concurrent,762,582
1,7,concurrent,763,503
1,7,concurrent,764,502
1,7,concurrent,765,495
1,7,concurrent,766,527
1,7,concurrent,767,519
1,7,concurrent,768,512
1,7,concurrent,769,528
1,7,concurrent,770,597
1,7,concurrent,771,518
1,7,concurrent,772,540
1,7,concurrent,773,579
1,7,concurrent,774,500
1,7,concurrent,775,512
1,7,concurrent,776,530
1,7,concurrent,777,506
1,7,concurrent,778,489
1,7,concurrent,779,481
1,7,concurrent,780,512
1,7,concurrent,781,518
1,7,concurrent,782,558
1,7,concurrent,783,519
1,7,concurrent,784,543
1,7,concurrent,785,477
1,7,concurrent,786,511
1,7,concurrent,787,487
1,7,concurrent,788,487
1,7,concurrent,789,582
1,7,concurrent,790,584
1,7,concurrent,791,591
1,7,concurrent,792,573
1,7,concurrent,793,582
1,7,concurrent,794,587
1,7,concurrent,795,594
1,7,concurrent,796,568
1,7,concurrent,797,589
1,7,concurrent,798,605
1,7,concurrent,799,590
1,7,concurrent,800,587
1,7,concurrent,801,732
1,7,concurrent,802,571
1,7,concurrent,803,540
1,7,concurrent,804,592
1,7,concurrent,805,591
1,7,concurrent,806,570
1,7,concurrent,807,591
1,7,concurrent,808,574
1,7,concurrent,809,570
1,7,concurrent,810,594
1,7,concurrent,811,622
1,7,concurrent,812,570
1,7,concurrent,813,588
1,7,concurrent,814,573
1,7,concurrent,815,582
1,7,concurrent,816,544
1,7,concurrent,817,589
1,7,concurrent,818,540
1,7,concurrent,819,574
1,7,concurrent,820,593
1,7,concurrent,821,581
1,7,concurrent,822,569
1,7,concurrent,823,586
1,7,concurrent,824,596
1,7,concurrent,825,572
1,7,concurrent,826,589
1,7,concurrent,827,654
1,7,concurrent,828,898
1,7,concurrent,829,598
1,7,concurrent,830,635
1,7,concurrent,831,533
1,7,concurrent,832,542
1,7,concurrent,833,593
1,7,concurrent,834,615
1,7,concurrent,835,567
1,7,concurrent,836,647
1,7,concurrent,837,543
1,7,concurrent,838,536
1,7,concurrent,839,518
1,7,concurrent,840,526
1,7,concurrent,841,526
1,7,concurrent,842,506
1,7,concurrent,843,520
1,7,concurrent,844,513
1,7,concurrent,845,488
1,7,concurrent,846,493
1,7,concurrent,847,511
1,7,concurrent,848,513
1,7,concurrent,849,528
1,7,concurrent,850,514
1,7,concurrent,851,519
1,7,concurrent,852,520
1,7,concurrent,853,519
1,7,concurrent,854,508
1,7,concurrent,855,511
1,7,concurrent,856,651
1,7,concurrent,857,639
1,7,concurrent,858,612
1,7,concurrent,859,582
1,7,concurrent,860,662
1,7,concurrent,861,799
1,7,concurrent,862,850
1,7,concurrent,863,872
1,7,concurrent,864,876
1,7,concurrent,865,842
1,7,concurrent,866,843
1,7,concurrent,867,872
1,7,concurrent,868,860
1,7,concurrent,869,775
1,7,concurrent,870,554
1,7,concurrent,871,584
1,7,concurrent,872,768
1,7,concurrent,873,554
1,7,concurrent,874,473
1,7,concurrent,875,487
1,7,concurrent,876,487
1,7,concurrent,877,481
1,7,concurrent,878,475
1,7,concurrent,879,499
1,7,concurrent,880,491
1,7,concurrent,881,718
1,7,concurrent,882,564
1,7,concurrent,883,525
1,7,concurrent,884,517
1,7,concurrent,885,502
1,7,concurrent,886,489
1,7,concurrent,887,454
1,7,concurrent,888,644
1,7,concurrent,889,496
1,7,concurrent,890,450
1,7,concurrent,891,449
1,7,concurrent,892,483
1,7,concurrent,893,460
1,7,concurrent,894,454
1,7,concurrent,895,482
1,7,concurrent,896,482
1,7,concurrent,897,448
1,7,concurrent,898,448
1,7,concurrent,899,445
1,7,concurrent,900,445
1,7,concurrent,901,455
1,7,concurrent,902,444
1,7,concurrent,903,446
1,7,concurrent,904,449
1,7,concurrent,905,485
1,7,concurrent,906,516
1,7,concurrent,907,484
1,7,concurrent,908,471
1,7,concurrent,909,3056
1,7,concurrent,910,727
1,7,concurrent,911,667
1,7,concurrent,912,668
1,7,concurrent,913,935
1,7,concurrent,914,778
1,7,concurrent,915,849
1,7,concurrent,916,872
1,7,concurrent,917,652
1,7,concurrent,918,597
1,7,concurrent,919,691
1,7,concurrent,920,715
1,7,concurrent,921,677
1,7,concurrent,922,865
1,7,concurrent,923,1141
1,7,concurrent,924,1143
1,7,concurrent,925,1037
1,7,concurrent,926,949
1,7,concurrent,927,764
1,7,concurrent,928,682
1,7,concurrent,929,985
1,7,concurrent,930,864
1,7,concurrent,931,676
1,7,concurrent,932,631
1,7,concurrent,933,918
1,7,concurrent,934,593
1,7,concurrent,935,546
1,7,concurrent,936,574
1,7,concurrent,937,702
1,7,concurrent,938,586
1,7,concurrent,939,534
1,7,concurrent,940,622
1,7,concurrent,941,632
1,7,concurrent,942,616
1,7,concurrent,943,584
1,7,concurrent,944,568
1,7,concurrent,945,568
1,7,concurrent,946,532
1,7,concurrent,947,598
1,7,concurrent,948,620
1,7,concurrent,949,565
1,7,concurrent,950,544
1,7,concurrent,951,625
1,7,concurrent,952,867
1,7,concurrent,953,569
1,7,concurrent,954,552
1,7,concurrent,955,553
1,7,concurrent,956,580
1,7,concurrent,957,585
1,7,concurrent,958,553
1,7,concurrent,959,534
1,7,concurrent,960,575
1,7,concurrent,961,549
1,7,concurrent,962,620
1,7,concurrent,963,556
1,7,concurrent,964,517
1,7,concurrent,965,590
1,7,concurrent,966,632
1,7,concurrent,967,655
1,7,concurrent,968,565
1,7,concurrent,969,530
1,7,concurrent,970,524
1,7,concurrent,971,616
1,7,concurrent,972,557
1,7,concurrent,973,566
1,7,concurrent,974,523
1,7,concurrent,975,549
1,7,concurrent,976,610
1,7,concurrent,977,645
1,7,concurrent,978,582
1,7,concurrent,979,715
1,7,concurrent,980,585
1,7,concurrent,981,619
1,7,concurrent,982,518
1,7,concurrent,983,650
1,7,concurrent,984,650
1,7,concurrent,985,671
1,7,concurrent,986,677
1,7,concurrent,987,660
1,7,concurrent,988,629
1,7,concurrent,989,677
1,7,concurrent,990,638
1,7,concurrent,991,669
1,7,concurrent,992,910
1,7,concurrent,993,1163
1,7,concurrent,994,871
1,7,concurrent,995,591
1,7,concurrent,996,608
1,7,concurrent,997,924
1,7,concurrent,998,869
1,7,concurrent,999,603
2,6,cpu_base,0,179
2,6,cpu_base,1,192
2,6,cpu_base,2,189
2,6,cpu_base,3,192
2,6,cpu_base,4,200
2,6,cpu_base,5,201
2,6,cpu_base,6,208
2,6,cpu_base,7,197
2,6,cpu_base,8,187
2,6,cpu_base,9,197
2,6,cpu_base,10,201
2,6,cpu_base,11,146
2,6,cpu_base,12,191
2,6,cpu_base,13,198
2,6,cpu_base,14,188
2,6,cpu_base,15,194
2,6,cpu_base,16,217
2,6,cpu_base,17,177
2,6,cpu_base,18,184
2,6,cpu_base,19,191
2,6,cpu_base,20,197
2,6,cpu_base,21,194
2,6,cpu_base,22,191
2,6,cpu_base,23,212
2,6,cpu_base,24,207
2,6,cpu_base,25,198
2,6,cpu_base,26,172
2,6,cpu_base,27,149
2,6,cpu_base,28,171
2,6,cpu_base,29,183
2,6,cpu_base,30,184
2,6,cpu_base,31,235
2,6,cpu_base,32,324
2,6,cpu_base,33,269
2,6,cpu_base,34,199
2,6,cpu_base,35,147
2,6,cpu_base,36,153
2,6,cpu_base,37,183
2,6,cpu_base,38,147
2,6,cpu_base,39,163
2,6,cpu_base,40,166
2,6,cpu_base,41,174
2,6,cpu_base,42,156
2,6,cpu_base,43,144
2,6,cpu_base,44,398
2,6,cpu_base,45,171
2,6,cpu_base,46,180
2,6,cpu_base,47,193
2,6,cpu_base,48,198
2,6,cpu_base,49,191
2,6,cpu_base,50,190
2,6,cpu_base,51,209
2,6,cpu_base,52,196
2,6,cpu_base,53,173
2,6,cpu_base,54,183
2,6,cpu_base,55,162
2,6,cpu_base,56,155
2,6,cpu_base,57,180
2,6,cpu_base,58,151
2,6,cpu_base,59,155
2,6,cpu_base,60,136
2,6,cpu_base,61,166
2,6,cpu_base,62,154
2,6,cpu_base,63,172
2,6,cpu_base,64,158
2,6,cpu_base,65,158
2,6,cpu_base,66,168
2,6,cpu_base,67,173
2,6,cpu_base,68,158
2,6,cpu_base,69,161
2,6,cpu_base,70,171
2,6,cpu_base,71,184
2,6,cpu_base,72,154
2,6,cpu_base,73,153
2,6,cpu_base,74,174
2,6,cpu_base,75,162
2,6,cpu_base,76,152
2,6,cpu_base,77,162
2,6,cpu_base,78,158
2,6,cpu_base,79,139
2,6,cpu_base,80,153
2,6,cpu_base,81,162
2,6,cpu_base,82,168
2,6,cpu_base,83,165
2,6,cpu_base,84,163
2,6,cpu_base,85,180
2,6,cpu_base,86,170
2,6,cpu_base,87,156
2,6,cpu_base,88,150
2,6,cpu_base,89,164
2,6,cpu_base,90,152
2,6,cpu_base,91,169
2,6,cpu_base,92,152
2,6,cpu_base,93,161
2,6,cpu_base,94,191
2,6,cpu_base,95,174
2,6,cpu_base,96,174
2,6,cpu_base,97,161
2,6,cpu_base,98,143
2,6,cpu_base,99,148
2,6,cpu_base,100,163
2,6,cpu_base,101,169
2,6,cpu_base,102,162
2,6,cpu_base,103,165
2,6,cpu_base,104,151
2,6,cpu_base,105,152
2,6,cpu_base,106,167
2,6,cpu_base,107,162
2,6,cpu_base,108,164
2,6,cpu_base,109,159
2,6,cpu_base,110,171
2,6,cpu_base,111,160
2,6,cpu_base,112,149
2,6,cpu_base,113,160
2,6,cpu_base,114,174
2,6,cpu_base,115,149
2,6,cpu_base,116,167
2,6,cpu_base,117,151
2,6,cpu_base,118,155
2,6,cpu_base,119,153
2,6,cpu_base,120,171
2,6,cpu_base,121,157
2,6,cpu_base,122,159
2,6,cpu_base,123,165
2,6,cpu_base,124,175
2,6,cpu_base,125,179
2,6,cpu_base,126,149
2,6,cpu_base,127,146
2,6,cpu_base,128,155
2,6,cpu_base,129,191
2,6,cpu_base,130,148
2,6,cpu_base,131,163
2,6,cpu_base,132,177
2,6,cpu_base,133,153
2,6,cpu_base,134,171
2,6,cpu_base,135,203
2,6,cpu_base,136,401
2,6,cpu_base,137,164
2,6,cpu_base,138,166
2,6,cpu_base,139,147
2,6,cpu_base,140,160
2,6,cpu_base,141,161
2,6,cpu_base,142,167
2,6,cpu_base,143,197
2,6,cpu_base,144,156
2,6,cpu_base,145,161
2,6,cpu_base,146,171
2,6,cpu_base,147,197
2,6,cpu_base,148,186
2,6,cpu_base,149,186
2,6,cpu_base,150,204
2,6,cpu_base,151,234
2,6,cpu_base,152,245
2,6,cpu_base,153,259
2,6,cpu_base,154,264
2,6,cpu_base,155,272
2,6,cpu_base,156,194
2,6,cpu_base,157,205
2,6,cpu_base,158,192
2,6,cpu_base,159,179
2,6,cpu_base,160,194
2,6,cpu_base,161,244
2,6,cpu_base,162,218
2,6,cpu_base,163,192
2,6,cpu_base,164,163
2,6,cpu_base,165,164
2,6,cpu_base,166,171
2,6,cpu_base,167,177
2,6,cpu_base,168,178
2,6,cpu_base,169,181
2,6,cpu_base,170,175
2,6,cpu_base,171,169
2,6,cpu_base,172,191
2,6,cpu_base,173,146
2,6,cpu_base,174,153
2,6,cpu_base,175,166
2,6,cpu_base,176,203
2,6,cpu_base,177,221
2,6,cpu_base,178,195
2,6,cpu_base,179,203
2,6,cpu_base,180,191
2,6,cpu_base,181,237
2,6,cpu_base,182,187
2,6,cpu_base,183,215
2,6,cpu_base,184,147
2,6,cpu_base,185,153
2,6,cpu_base,186,161
2,6,cpu_base,187,155
2,6,cpu_base,188,172
2,6,cpu_base,189,194
2,6,cpu_base,190,174
2,6,cpu_base,191,177
2,6,cpu_base,192,178
2,6,cpu_base,193,177
2,6,cpu_base,194,154
2,6,cpu_base,195,164
2,6,cpu_base,196,151
2,6,cpu_base,197,150
2,6,cpu_base,198,163
2,6,cpu_base,199,188
2,6,cpu_base,200,156
2,6,cpu_base,201,171
2,6,cpu_base,202,151
2,6,cpu_base,203,152
2,6,cpu_base,204,157
2,6,cpu_base,205,169
2,6,cpu_base,206,158
2,6,cpu_base,207,175
2,6,cpu_base,208,197
2,6,cpu_base,209,188
2,6,cpu_base,210,180
2,6,cpu_base,211,163
2,6,cpu_base,212,152
2,6,cpu_base,213,173
2,6,cpu_base,214,192
2,6,cpu_base,215,166
2,6,cpu_base,216,159
2,6,cpu_base,217,170
2,6,cpu_base,218,156
2,6,cpu_base,219,157
2,6,cpu_base,220,164
2,6,cpu_base,221,289
2,6,cpu_base,222,197
2,6,cpu_base,223,185
2,6,cpu_base,224,199
2,6,cpu_base,225,190
2,6,cpu_base,226,149
2,6,cpu_base,227,158
2,6,cpu_base,228,177
2,6,cpu_base,229,180
2,6,cpu_base,230,172
2,6,cpu_base,231,158
2,6,cpu_base,232,159
2,6,cpu_base,233,165
2,6,cpu_base,234,219
2,6,cpu_base,235,168
2,6,cpu_base,236,170
2,6,cpu_base,237,161
2,6,cpu_base,238,174
2,6,cpu_base,239,138
2,6,cpu_base,240,149
2,6,cpu_base,241,256
2,6,cpu_base,242,192
2,6,cpu_base,243,185
2,6,cpu_base,244,187
2,6,cpu_base,245,186
2,6,cpu_base,246,189
2,6,cpu_base,247,193
2,6,cpu_base,248,194
2,6,cpu_base,249,181
2,6,cpu_base,250,153
2,6,cpu_base,251,163
2,6,cpu_base,252,165
2,6,cpu_base,253,166
2,6,cpu_base,254,167
2,6,cpu_base,255,166
2,6,cpu_base,256,153
2,6,cpu_base,257,155
2,6,cpu_base,258,163
2,6,cpu_base,259,155
2,6,cpu_base,260,155
2,6,cpu_base,261,170
2,6,cpu_base,262,151
2,6,cpu_base,263,161
2,6,cpu_base,264,159
2,6,cpu_base,265,169
2,6,cpu_base,266,163
2,6,cpu_base,267,178
2,6,cpu_base,268,151
2,6,cpu_base,269,158
2,6,cpu_base,270,169
2,6,cpu_base,271,156
2,6,cpu_base,272,169
2,6,cpu_base,273,169
2,6,cpu_base,274,165
2,6,cpu_base,275,141
2,6,cpu_base,276,148
2,6,cpu_base,277,185
2,6,cpu_base,278,178
2,6,cpu_base,279,164
2,6,cpu_base,280,168
2,6,cpu_base,281,173
2,6,cpu_base,282,170
2,6,cpu_base,283,166
2,6,cpu_base,284,172
2,6,cpu_base,285,152
2,6,cpu_base,286,163
2,6,cpu_base,287,168
2,6,cpu_base,288,161
2,6,cpu_base,289,228
2,6,cpu_base,290,177
2,6,cpu_base,291,174
2,6,cpu_base,292,160
2,6,cpu_base,293,155
2,6,cpu_base,294,149
2,6,cpu_base,295,156
2,6,cpu_base,296,166
2,6,cpu_base,297,165
2,6,cpu_base,298,152
2,6,cpu_base,299,168
2,6,cpu_base,300,173
2,6,cpu_base,301,178
2,6,cpu_base,302,183
2,6,cpu_base,303,171
2,6,cpu_base,304,179
2,6,cpu_base,305,168
2,6,cpu_base,306,163
2,6,cpu_base,307,165
2,6,cpu_base,308,152
2,6,cpu_base,309,184
2,6,cpu_base,310,148
2,6,cpu_base,311,158
2,6,cpu_base,312,286
2,6,cpu_base,313,184
2,6,cpu_base,314,183
2,6,cpu_base,315,178
2,6,cpu_base,316,190
2,6,cpu_base,317,215
2,6,cpu_base,318,193
2,6,cpu_base,319,206
2,6,cpu_base,320,256
2,6,cpu_base,321,264
2,6,cpu_base,322,233
2,6,cpu_base,323,272
2,6,cpu_base,324,266
2,6,cpu_base,325,287
2,6,cpu_base,326,238
2,6,cpu_base,327,200
2,6,cpu_base,328,202
2,6,cpu_base,329,237
2,6,cpu_base,330,248
2,6,cpu_base,331,251
2,6,cpu_base,332,261
2,6,cpu_base,333,253
2,6,cpu_base,334,231
2,6,cpu_base,335,218
2,6,cpu_base,336,235
2,6,cpu_base,337,231
2,6,cpu_base,338,189
2,6,cpu_base,339,153
2,6,cpu_base,340,180
2,6,cpu_base,341,200
2,6,cpu_base,342,183
2,6,cpu_base,343,186
2,6,cpu_base,344,196
2,6,cpu_base,345,196
2,6,cpu_base,346,184
2,6,cpu_base,347,190
2,6,cpu_base,348,204
2,6,cpu_base,349,186
2,6,cpu_base,350,172
2,6,cpu_base,351,185
2,6,cpu_base,352,193
2,6,cpu_base,353,169
2,6,cpu_base,354,169
2,6,cpu_base,355,157
2,6,cpu_base,356,153
2,6,cpu_base,357,179
2,6,cpu_base,358,162
2,6,cpu_base,359,167
2,6,cpu_base,360,149
2,6,cpu_base,361,172
2,6,cpu_base,362,184
2,6,cpu_base,363,158
2,6,cpu_base,364,184
2,6,cpu_base,365,178
2,6,cpu_base,366,163
2,6,cpu_base,367,147
2,6,cpu_base,368,170
2,6,cpu_base,369,186
2,6,cpu_base,370,172
2,6,cpu_base,371,175
2,6,cpu_base,372,151
2,6,cpu_base,373,168
2,6,cpu_base,374,150
2,6,cpu_base,375,150
2,6,cpu_base,376,171
2,6,cpu_base,377,158
2,6,cpu_base,378,172
2,6,cpu_base,379,156
2,6,cpu_base,380,172
2,6,cpu_base,381,182
2,6,cpu_base,382,165
2,6,cpu_base,383,166
2,6,cpu_base,384,172
2,6,cpu_base,385,150
2,6,cpu_base,386,157
2,6,cpu_base,387,176
2,6,cpu_base,388,157
2,6,cpu_base,389,154
2,6,cpu_base,390,188
2,6,cpu_base,391,171
2,6,cpu_base,392,147
2,6,cpu_base,393,256
2,6,cpu_base,394,212
2,6,cpu_base,395,234
2,6,cpu_base,396,213
2,6,cpu_base,397,216
2,6,cpu_base,398,187
2,6,cpu_base,399,160
2,6,cpu_base,400,189
2,6,cpu_base,401,178
2,6,cpu_base,402,186
2,6,cpu_base,403,178
2,6,cpu_base,404,159
2,6,cpu_base,405,152
2,6,cpu_base,406,179
2,6,cpu_base,407,151
2,6,cpu_base,408,163
2,6,cpu_base,409,181
2,6,cpu_base,410,148
2,6,cpu_base,411,169
2,6,cpu_base,412,153
2,6,cpu_base,413,185
2,6,cpu_base,414,159
2,6,cpu_base,415,168
2,6,cpu_base,416,176
2,6,cpu_base,417,159
2,6,cpu_base,418,170
2,6,cpu_base,419,175
2,6,cpu_base,420,162
2,6,cpu_base,421,165
2,6,cpu_base,422,171
2,6,cpu_base,423,185
2,6,cpu_base,424,197
2,6,cpu_base,425,190
2,6,cpu_base,426,197
2,6,cpu_base,427,175
2,6,cpu_base,428,151
2,6,cpu_base,429,159
2,6,cpu_base,430,166
2,6,cpu_base,431,163
2,6,cpu_base,432,170
2,6,cpu_base,433,135
2,6,cpu_base,434,135
2,6,cpu_base,435,135
2,6,cpu_base,436,137
2,6,cpu_base,437,135
2,6,cpu_base,438,135
2,6,cpu_base,439,137
2,6,cpu_base,440,142
2,6,cpu_base,441,153
2,6,cpu_base,442,136
2,6,cpu_base,443,138
2,6,cpu_base,444,144
2,6,cpu_base,445,138
2,6,cpu_base,446,166
2,6,cpu_base,447,136
2,6,cpu_base,448,134
2,6,cpu_base,449,135
2,6,cpu_base,450,137
2,6,cpu_base,451,134
2,6,cpu_base,452,134
2,6,cpu_base,453,139
2,6,cpu_base,454,135
2,6,cpu_base,455,143
2,6,cpu_base,456,135
2,6,cpu_base,457,135
2,6,cpu_base,458,145
2,6,cpu_base,459,141
2,6,cpu_base,460,139
2,6,cpu_base,461,136
2,6,cpu_base,462,135
2,6,cpu_base,463,135
2,6,cpu_base,464,134
2,6,cpu_base,465,139
2,6,cpu_base,466,134
2,6,cpu_base,467,137
2,6,cpu_base,468,139
2,6,cpu_base,469,135
2,6,cpu_base,470,135
2,6,cpu_base,471,134
2,6,cpu_base,472,140
2,6,cpu_base,473,140
2,6,cpu_base,474,140
2,6,cpu_base,475,141
2,6,cpu_base,476,135
2,6,cpu_base,477,134
2,6,cpu_base,478,135
2,6,cpu_base,479,136
2,6,cpu_base,480,135
2,6,cpu_base,481,134
2,6,cpu_base,482,137
2,6,cpu_base,483,135
2,6,cpu_base,484,135
2,6,cpu_base,485,135
2,6,cpu_base,486,134
2,6,cpu_base,487,140
2,6,cpu_base,488,143
2,6,cpu_base,489,137
2,6,cpu_base,490,138
2,6,cpu_base,491,134
2,6,cpu_base,492,135
2,6,cpu_base,493,135
2,6,cpu_base,494,137
2,6,cpu_base,495,134
2,6,cpu_base,496,222
2,6,cpu_base,497,271
2,6,cpu_base,498,264
2,6,cpu_base,499,223
2,6,cpu_base,500,193
2,6,cpu_base,501,157
2,6,cpu_base,502,135
2,6,cpu_base,503,134
2,6,cpu_base,504,167
2,6,cpu_base,505,259
2,6,cpu_base,506,214
2,6,cpu_base,507,226
2,6,cpu_base,508,218
2,6,cpu_base,509,220
2,6,cpu_base,510,218
2,6,cpu_base,511,172
2,6,cpu_base,512,135
2,6,cpu_base,513,135
2,6,cpu_base,514,138
2,6,cpu_base,515,140
2,6,cpu_base,516,142
2,6,cpu_base,517,138
2,6,cpu_base,518,202
2,6,cpu_base,519,218
2,6,cpu_base,520,161
2,6,cpu_base,521,157
2,6,cpu_base,522,143
2,6,cpu_base,523,144
2,6,cpu_base,524,143
2,6,cpu_base,525,135
2,6,cpu_base,526,134
2,6,cpu_base,527,145
2,6,cpu_base,528,143
2,6,cpu_base,529,140
2,6,cpu_base,530,135
2,6,cpu_base,531,138
2,6,cpu_base,532,135
2,6,cpu_base,533,138
2,6,cpu_base,534,136
2,6,cpu_base,535,149
2,6,cpu_base,536,142
2,6,cpu_base,537,135
2,6,cpu_base,538,137
2,6,cpu_base,539,135
2,6,cpu_base,540,140
2,6,cpu_base,541,135
2,6,cpu_base,542,139
2,6,cpu_base,543,141
2,6,cpu_base,544,136
2,6,cpu_base,545,137
2,6,cpu_base,546,135
2,6,cpu_base,547,138
2,6,cpu_base,548,136
2,6,cpu_base,549,159
2,6,cpu_base,550,138
2,6,cpu_base,551,138
2,6,cpu_base,552,137
2,6,cpu_base,553,135
2,6,cpu_base,554,138
2,6,cpu_base,555,134
2,6,cpu_base,556,138
2,6,cpu_base,557,138
2,6,cpu_base,558,134
2,6,cpu_base,559,136
2,6,cpu_base,560,138
2,6,cpu_base,561,138
2,6,cpu_base,562,135
2,6,cpu_base,563,135
2,6,cpu_base,564,144
2,6,cpu_base,565,142
2,6,cpu_base,566,134
2,6,cpu_base,567,138
2,6,cpu_base,568,138
2,6,cpu_base,569,135
2,6,cpu_base,570,135
2,6,cpu_base,571,141
2,6,cpu_base,572,139
2,6,cpu_base,573,135
2,6,cpu_base,574,136
2,6,cpu_base,575,135
2,6,cpu_base,576,138
2,6,cpu_base,577,135
2,6,cpu_base,578,138
2,6,cpu_base,579,137
2,6,cpu_base,580,139
2,6,cpu_base,581,136
2,6,cpu_base,582,136
2,6,cpu_base,583,137
2,6,cpu_base,584,135
2,6,cpu_base,585,138
2,6,cpu_base,586,150
2,6,cpu_base,587,134
2,6,cpu_base,588,135
2,6,cpu_base,589,150
2,6,cpu_base,590,137
2,6,cpu_base,591,146
2,6,cpu_base,592,137
2,6,cpu_base,593,135
2,6,cpu_base,594,147
2,6,cpu_base,595,159
2,6,cpu_base,596,135
2,6,cpu_base,597,138
2,6,cpu_base,598,138
2,6,cpu_base,599,136
2,6,cpu_base,600,141
2,6,cpu_base,601,390
2,6,cpu_base,602,215
2,6,cpu_base,603,158
2,6,cpu_base,604,137
2,6,cpu_base,605,147
2,6,cpu_base,606,152
2,6,cpu_base,607,140
2,6,cpu_base,608,136
2,6,cpu_base,609,171
2,6,cpu_base,610,141
2,6,cpu_base,611,137
2,6,cpu_base,612,138
2,6,cpu_base,613,135
2,6,cpu_base,614,136
2,6,cpu_base,615,135
2,6,cpu_base,616,138
2,6,cpu_base,617,134
2,6,cpu_base,618,138
2,6,cpu_base,619,139
2,6,cpu_base,620,135
2,6,cpu_base,621,139
2,6,cpu_base,622,135
2,6,cpu_base,623,135
2,6,cpu_base,624,137
2,6,cpu_base,625,135
2,6,cpu_base,626,140
2,6,cpu_base,627,133
2,6,cpu_base,628,135
2,6,cpu_base,629,148
2,6,cpu_base,630,135
2,6,cpu_base,631,135
2,6,cpu_base,632,134
2,6,cpu_base,633,138
2,6,cpu_base,634,142
2,6,cpu_base,635,138
2,6,cpu_base,636,138
2,6,cpu_base,637,134
2,6,cpu_base,638,134
2,6,cpu_base,639,137
2,6,cpu_base,640,137
2,6,cpu_base,641,138
2,6,cpu_base,642,134
2,6,cpu_base,643,133
2,6,cpu_base,644,135
2,6,cpu_base,645,134
2,6,cpu_base,646,134
2,6,cpu_base,647,158
2,6,cpu_base,648,138
2,6,cpu_base,649,139
2,6,cpu_base,650,136
2,6,cpu_base,651,135
2,6,cpu_base,652,134
2,6,cpu_base,653,136
2,6,cpu_base,654,135
2,6,cpu_base,655,138
2,6,cpu_base,656,142
2,6,cpu_base,657,135
2,6,cpu_base,658,134
2,6,cpu_base,659,134
2,6,cpu_base,660,134
2,6,cpu_base,661,134
2,6,cpu_base,662,139
2,6,cpu_base,663,138
2,6,cpu_base,664,136
2,6,cpu_base,665,137
2,6,cpu_base,666,134
2,6,cpu_base,667,135
2,6,cpu_base,668,137
2,6,cpu_base,669,148
2,6,cpu_base,670,137
2,6,cpu_base,671,134
2,6,cpu_base,672,135
2,6,cpu_base,673,134
2,6,cpu_base,674,134
2,6,cpu_base,675,134
2,6,cpu_base,676,139
2,6,cpu_base,677,134
2,6,cpu_base,678,145
2,6,cpu_base,679,137
2,6,cpu_base,680,134
2,6,cpu_base,681,135
2,6,cpu_base,682,134
2,6,cpu_base,683,138
2,6,cpu_base,684,137
2,6,cpu_base,685,138
2,6,cpu_base,686,134
2,6,cpu_base,687,134
2,6,cpu_base,688,133
2,6,cpu_base,689,134
2,6,cpu_base,690,136
2,6,cpu_base,691,136
2,6,cpu_base,692,136
2,6,cpu_base,693,136
2,6,cpu_base,694,137
2,6,cpu_base,695,134
2,6,cpu_base,696,134
2,6,cpu_base,697,135
2,6,cpu_base,698,137
2,6,cpu_base,699,134
2,6,cpu_base,700,137
2,6,cpu_base,701,133
2,6,cpu_base,702,134
2,6,cpu_base,703,138
2,6,cpu_base,704,134
2,6,cpu_base,705,135
2,6,cpu_base,706,136
2,6,cpu_base,707,137
2,6,cpu_base,708,139
2,6,cpu_base,709,137
2,6,cpu_base,710,133
2,6,cpu_base,711,134
2,6,cpu_base,712,137
2,6,cpu_base,713,280
2,6,cpu_base,714,158
2,6,cpu_base,715,216
2,6,cpu_base,716,243
2,6,cpu_base,717,208
2,6,cpu_base,718,151
2,6,cpu_base,719,152
2,6,cpu_base,720,152
2,6,cpu_base,721,139
2,6,cpu_base,722,142
2,6,cpu_base,723,144
2,6,cpu_base,724,144
2,6,cpu_base,725,148
2,6,cpu_base,726,135
2,6,cpu_base,727,142
2,6,cpu_base,728,137
2,6,cpu_base,729,147
2,6,cpu_base,730,135
2,6,cpu_base,731,141
2,6,cpu_base,732,148
2,6,cpu_base,733,135
2,6,cpu_base,734,135
2,6,cpu_base,735,136
2,6,cpu_base,736,138
2,6,cpu_base,737,139
2,6,cpu_base,738,140
2,6,cpu_base,739,142
2,6,cpu_base,740,136
2,6,cpu_base,741,136
2,6,cpu_base,742,140
2,6,cpu_base,743,135
2,6,cpu_base,744,136
2,6,cpu_base,745,139
2,6,cpu_base,746,141
2,6,cpu_base,747,145
2,6,cpu_base,748,136
2,6,cpu_base,749,194
2,6,cpu_base,750,145
2,6,cpu_base,751,141
2,6,cpu_base,752,141
2,6,cpu_base,753,142
2,6,cpu_base,754,135
2,6,cpu_base,755,135
2,6,cpu_base,756,136
2,6,cpu_base,757,136
2,6,cpu_base,758,135
2,6,cpu_base,759,138
2,6,cpu_base,760,139
2,6,cpu_base,761,142
2,6,cpu_base,762,135
2,6,cpu_base,763,145
2,6,cpu_base,764,136
2,6,cpu_base,765,137
2,6,cpu_base,766,143
2,6,cpu_base,767,145
2,6,cpu_base,768,142
2,6,cpu_base,769,135
2,6,cpu_base,770,135
2,6,cpu_base,771,136
2,6,cpu_base,772,135
2,6,cpu_base,773,137
2,6,cpu_base,774,136
2,6,cpu_base,775,142
2,6,cpu_base,776,135
2,6,cpu_base,777,137
2,6,cpu_base,778,135
2,6,cpu_base,779,135
2,6,cpu_base,780,142
2,6,cpu_base,781,144
2,6,cpu_base,782,142
2,6,cpu_base,783,135
2,6,cpu_base,784,136
2,6,cpu_base,785,136
2,6,cpu_base,786,135
2,6,cpu_base,787,136
2,6,cpu_base,788,139
2,6,cpu_base,789,144
2,6,cpu_base,790,146
2,6,cpu_base,791,135
2,6,cpu_base,792,230
2,6,cpu_base,793,215
2,6,cpu_base,794,233
2,6,cpu_base,795,145
2,6,cpu_base,796,135
2,6,cpu_base,797,135
2,6,cpu_base,798,134
2,6,cpu_base,799,134
2,6,cpu_base,800,143
2,6,cpu_base,801,134
2,6,cpu_base,802,154
2,6,cpu_base,803,134
2,6,cpu_base,804,141
2,6,cpu_base,805,150
2,6,cpu_base,806,137
2,6,cpu_base,807,148
2,6,cpu_base,808,140
2,6,cpu_base,809,138
2,6,cpu_base,810,134
2,6,cpu_base,811,133
2,6,cpu_base,812,134
2,6,cpu_base,813,139
2,6,cpu_base,814,134
2,6,cpu_base,815,138
2,6,cpu_base,816,137
2,6,cpu_base,817,146
2,6,cpu_base,818,145
2,6,cpu_base,819,136
2,6,cpu_base,820,231
2,6,cpu_base,821,201
2,6,cpu_base,822,140
2,6,cpu_base,823,149
2,6,cpu_base,824,135
2,6,cpu_base,825,134
2,6,cpu_base,826,134
2,6,cpu_base,827,134
2,6,cpu_base,828,135
2,6,cpu_base,829,171
2,6,cpu_base,830,139
2,6,cpu_base,831,138
2,6,cpu_base,832,141
2,6,cpu_base,833,139
2,6,cpu_base,834,154
2,6,cpu_base,835,134
2,6,cpu_base,836,136
2,6,cpu_base,837,135
2,6,cpu_base,838,134
2,6,cpu_base,839,142
2,6,cpu_base,840,136
2,6,cpu_base,841,148
2,6,cpu_base,842,141
2,6,cpu_base,843,143
2,6,cpu_base,844,133
2,6,cpu_base,845,136
2,6,cpu_base,846,200
2,6,cpu_base,847,141
2,6,cpu_base,848,137
2,6,cpu_base,849,133
2,6,cpu_base,850,135
2,6,cpu_base,851,213
2,6,cpu_base,852,134
2,6,cpu_base,853,143
2,6,cpu_base,854,134
2,6,cpu_base,855,454
2,6,cpu_base,856,153
2,6,cpu_base,857,133
2,6,cpu_base,858,135
2,6,cpu_base,859,136
2,6,cpu_base,860,136
2,6,cpu_base,861,133
2,6,cpu_base,862,137
2,6,cpu_base,863,134
2,6,cpu_base,864,133
2,6,cpu_base,865,141
2,6,cpu_base,866,134
2,6,cpu_base,867,144
2,6,cpu_base,868,133
2,6,cpu_base,869,143
2,6,cpu_base,870,137
2,6,cpu_base,871,137
2,6,cpu_base,872,133
2,6,cpu_base,873,137
2,6,cpu_base,874,136
2,6,cpu_base,875,134
2,6,cpu_base,876,136
2,6,cpu_base,877,133
2,6,cpu_base,878,133
2,6,cpu_base,879,144
2,6,cpu_base,880,137
2,6,cpu_base,881,134
2,6,cpu_base,882,134
2,6,cpu_base,883,136
2,6,cpu_base,884,134
2,6,cpu_base,885,137
2,6,cpu_base,886,139
2,6,cpu_base,887,136
2,6,cpu_base,888,137
2,6,cpu_base,889,136
2,6,cpu_base,890,133
2,6,cpu_base,891,138
2,6,cpu_base,892,134
2,6,cpu_base,893,133
2,6,cpu_base,894,136
2,6,cpu_base,895,136
2,6,cpu_base,896,134
2,6,cpu_base,897,134
2,6,cpu_base,898,138
2,6,cpu_base,899,134
2,6,cpu_base,900,139
2,6,cpu_base,901,133
2,6,cpu_base,902,134
2,6,cpu_base,903,137
2,6,cpu_base,904,136
2,6,cpu_base,905,135
2,6,cpu_base,906,137
2,6,cpu_base,907,133
2,6,cpu_base,908,133
2,6,cpu_base,909,146
2,6,cpu_base,910,133
2,6,cpu_base,911,134
2,6,cpu_base,912,134
2,6,cpu_base,913,139
2,6,cpu_base,914,137
2,6,cpu_base,915,134
2,6,cpu_base,916,133
2,6,cpu_base,917,136
2,6,cpu_base,918,137
2,6,cpu_base,919,134
2,6,cpu_base,920,135
2,6,cpu_base,921,133
2,6,cpu_base,922,133
2,6,cpu_base,923,135
2,6,cpu_base,924,136
2,6,cpu_base,925,133
2,6,cpu_base,926,133
2,6,cpu_base,927,135
2,6,cpu_base,928,136
2,6,cpu_base,929,141
2,6,cpu_base,930,137
2,6,cpu_base,931,282
2,6,cpu_base,932,270
2,6,cpu_base,933,229
2,6,cpu_base,934,212
2,6,cpu_base,935,198
2,6,cpu_base,936,202
2,6,cpu_base,937,324
2,6,cpu_base,938,288
2,6,cpu_base,939,227
2,6,cpu_base,940,185
2,6,cpu_base,941,136
2,6,cpu_base,942,141
2,6,cpu_base,943,144
2,6,cpu_base,944,134
2,6,cpu_base,945,141
2,6,cpu_base,946,142
2,6,cpu_base,947,135
2,6,cpu_base,948,138
2,6,cpu_base,949,140
2,6,cpu_base,950,137
2,6,cpu_base,951,150
2,6,cpu_base,952,164
2,6,cpu_base,953,135
2,6,cpu_base,954,143
2,6,cpu_base,955,134
2,6,cpu_base,956,137
2,6,cpu_base,957,162
2,6,cpu_base,958,135
2,6,cpu_base,959,138
2,6,cpu_base,960,135
2,6,cpu_base,961,134
2,6,cpu_base,962,133
2,6,cpu_base,963,144
2,6,cpu_base,964,135
2,6,cpu_base,965,140
2,6,cpu_base,966,134
2,6,cpu_base,967,135
2,6,cpu_base,968,136
2,6,cpu_base,969,134
2,6,cpu_base,970,137
2,6,cpu_base,971,137
2,6,cpu_base,972,135
2,6,cpu_base,973,136
2,6,cpu_base,974,134
2,6,cpu_base,975,135
2,6,cpu_base,976,134
2,6,cpu_base,977,136
2,6,cpu_base,978,138
2,6,cpu_base,979,139
2,6,cpu_base,980,137
2,6,cpu_base,981,143
2,6,cpu_base,982,170
2,6,cpu_base,983,151
2,6,cpu_base,984,138
2,6,cpu_base,985,142
2,6,cpu_base,986,134
2,6,cpu_base,987,134
2,6,cpu_base,988,137
2,6,cpu_base,989,134
2,6,cpu_base,990,135
2,6,cpu_base,991,136
2,6,cpu_base,992,137
2,6,cpu_base,993,135
2,6,cpu_base,994,141
2,6,cpu_base,995,134
2,6,cpu_base,996,134
2,6,cpu_base,997,140
2,6,cpu_base,998,134
2,6,cpu_base,999,136
2,6,serial,0,523
2,6,serial,1,500
2,6,serial,2,614
2,6,serial,3,769
2,6,serial,4,759
2,6,serial,5,539
2,6,serial,6,521
2,6,serial,7,511
2,6,serial,8,539
2,6,serial,9,503
2,6,serial,10,509
2,6,serial,11,703
2,6,serial,12,521
2,6,serial,13,520
2,6,serial,14,542
2,6,serial,15,596
2,6,serial,16,715
2,6,serial,17,792
2,6,serial,18,828
2,6,serial,19,591
2,6,serial,20,592
2,6,serial,21,695
2,6,serial,22,614
2,6,serial,23,547
2,6,serial,24,716
2,6,serial,25,584
2,6,serial,26,572
2,6,serial,27,502
2,6,serial,28,509
2,6,serial,29,504
2,6,serial,30,517
2,6,serial,31,515
2,6,serial,32,599
2,6,serial,33,518
2,6,serial,34,529
2,6,serial,35,554
2,6,serial,36,511
2,6,serial,37,548
2,6,serial,38,550
2,6,serial,39,523
2,6,serial,40,513
2,6,serial,41,542
2,6,serial,42,512
2,6,serial,43,519
2,6,serial,44,539
2,6,serial,45,676
2,6,serial,46,574
2,6,serial,47,534
2,6,serial,48,561
2,6,serial,49,993
2,6,serial,50,668
2,6,serial,51,1021
2,6,serial,52,818
2,6,serial,53,2066
2,6,serial,54,7628
2,6,serial,55,9725
2,6,serial,56,1168
2,6,serial,57,717
2,6,serial,58,691
2,6,serial,59,644
2,6,serial,60,646
2,6,serial,61,632
2,6,serial,62,757
2,6,serial,63,686
2,6,serial,64,649
2,6,serial,65,706
2,6,serial,66,666
2,6,serial,67,654
2,6,serial,68,725
2,6,serial,69,715
2,6,serial,70,1126
2,6,serial,71,615
2,6,serial,72,709
2,6,serial,73,1049
2,6,serial,74,953
2,6,serial,75,718
2,6,serial,76,904
2,6,serial,77,634
2,6,serial,78,656
2,6,serial,79,657
2,6,serial,80,624
2,6,serial,81,607
2,6,serial,82,621
2,6,serial,83,638
2,6,serial,84,644
2,6,serial,85,623
2,6,serial,86,629
2,6,serial,87,620
2,6,serial,88,622
2,6,serial,89,692
2,6,serial,90,626
2,6,serial,91,598
2,6,serial,92,560
2,6,serial,93,555
2,6,serial,94,645
2,6,serial,95,571
2,6,serial,96,587
2,6,serial,97,553
2,6,serial,98,579
2,6,serial,99,580
2,6,serial,100,597
2,6,serial,101,536
2,6,serial,102,577
2,6,serial,103,582
2,6,serial,104,609
2,6,serial,105,576
2,6,serial,106,594
2,6,serial,107,606
2,6,serial,108,580
2,6,serial,109,578
2,6,serial,110,620
2,6,serial,111,917
2,6,serial,112,679
2,6,serial,113,575
2,6,serial,114,770
2,6,serial,115,701
2,6,serial,116,872
2,6,serial,117,639
2,6,serial,118,646
2,6,serial,119,682
2,6,serial,120,616
2,6,serial,121,659
2,6,serial,122,670
2,6,serial,123,617
2,6,serial,124,679
2,6,serial,125,590
2,6,serial,126,625
2,6,serial,127,574
2,6,serial,128,690
2,6,serial,129,625
2,6,serial,130,601
2,6,serial,131,635
2,6,serial,132,606
2,6,serial,133,653
2,6,serial,134,946
2,6,serial,135,654
2,6,serial,136,986
2,6,serial,137,1046
2,6,serial,138,731
2,6,serial,139,715
2,6,serial,140,733
2,6,serial,141,641
2,6,serial,142,602
2,6,serial,143,642
2,6,serial,144,648
2,6,serial,145,623
2,6,serial,146,701
2,6,serial,147,675
2,6,serial,148,874
2,6,serial,149,635
2,6,serial,150,615
2,6,serial,151,580
2,6,serial,152,627
2,6,serial,153,635
2,6,serial,154,636
2,6,serial,155,596
2,6,serial,156,652
2,6,serial,157,923
2,6,serial,158,604
2,6,serial,159,759
2,6,serial,160,636
2,6,serial,161,754
2,6,serial,162,618
2,6,serial,163,668
2,6,serial,164,697
2,6,serial,165,646
2,6,serial,166,571
2,6,serial,167,599
2,6,serial,168,802
2,6,serial,169,604
2,6,serial,170,612
2,6,serial,171,617
2,6,serial,172,652
2,6,serial,173,588
2,6,serial,174,636
2,6,serial,175,634
2,6,serial,176,631
2,6,serial,177,616
2,6,serial,178,653
2,6,serial,179,589
2,6,serial,180,783
2,6,serial,181,709
2,6,serial,182,627
2,6,serial,183,605
2,6,serial,184,813
2,6,serial,185,927
2,6,serial,186,603
2,6,serial,187,618
2,6,serial,188,683
2,6,serial,189,636
2,6,serial,190,925
2,6,serial,191,586
2,6,serial,192,634
2,6,serial,193,644
2,6,serial,194,940
2,6,serial,195,603
2,6,serial,196,610
2,6,serial,197,606
2,6,serial,198,616
2,6,serial,199,675
2,6,serial,200,967
2,6,serial,201,899
2,6,serial,202,592
2,6,serial,203,593
2,6,serial,204,684
2,6,serial,205,615
2,6,serial,206,804
2,6,serial,207,750
2,6,serial,208,1172
2,6,serial,209,609
2,6,serial,210,691
2,6,serial,211,658
2,6,serial,212,890
2,6,serial,213,597
2,6,serial,214,641
2,6,serial,215,614
2,6,serial,216,581
2,6,serial,217,616
2,6,serial,218,661
2,6,serial,219,629
2,6,serial,220,657
2,6,serial,221,616
2,6,serial,222,640
2,6,serial,223,606
2,6,serial,224,605
2,6,serial,225,601
2,6,serial,226,605
2,6,serial,227,601
2,6,serial,228,558
2,6,serial,229,611
2,6,serial,230,615
2,6,serial,231,572
2,6,serial,232,582
2,6,serial,233,614
2,6,serial,234,571
2,6,serial,235,647
2,6,serial,236,653
2,6,serial,237,627
2,6,serial,238,632
2,6,serial,239,604
2,6,serial,240,625
2,6,serial,241,624
2,6,serial,242,644
2,6,serial,243,632
2,6,serial,244,645
2,6,serial,245,651
2,6,serial,246,884
2,6,serial,247,640
2,6,serial,248,884
2,6,serial,249,598
2,6,serial,250,618
2,6,serial,251,678
2,6,serial,252,609
2,6,serial,253,822
2,6,serial,254,669
2,6,serial,255,1384
2,6,serial,256,916
2,6,serial,257,612
2,6,serial,258,600
2,6,serial,259,544
2,6,serial,260,503
2,6,serial,261,541
2,6,serial,262,571
2,6,serial,263,535
2,6,serial,264,543
2,6,serial,265,541
2,6,serial,266,568
2,6,serial,267,533
2,6,serial,268,539
2,6,serial,269,561
2,6,serial,270,540
2,6,serial,271,560
2,6,serial,272,535
2,6,serial,273,567
2,6,serial,274,534
2,6,serial,275,544
2,6,serial,276,533
2,6,serial,277,566
2,6,serial,278,541
2,6,serial,279,677
2,6,serial,280,536
2,6,serial,281,521
2,6,serial,282,520
2,6,serial,283,518
2,6,serial,284,499
2,6,serial,285,492
2,6,serial,286,500
2,6,serial,287,521
2,6,serial,288,500
2,6,serial,289,496
2,6,serial,290,504
2,6,serial,291,498
2,6,serial,292,498
2,6,serial,293,499
2,6,serial,294,504
2,6,serial,295,624
2,6,serial,296,546
2,6,serial,297,586
2,6,serial,298,837
2,6,serial,299,831
2,6,serial,300,528
2,6,serial,301,503
2,6,serial,302,498
2,6,serial,303,501
2,6,serial,304,494
2,6,serial,305,499
2,6,serial,306,492
2,6,serial,307,496
2,6,serial,308,641
2,6,serial,309,561
2,6,serial,310,932
2,6,serial,311,518
2,6,serial,312,505
2,6,serial,313,508
2,6,serial,314,595
2,6,serial,315,559
2,6,serial,316,539
2,6,serial,317,575
2,6,serial,318,587
2,6,serial,319,532
2,6,serial,320,501
2,6,serial,321,502
2,6,serial,322,501
2,6,serial,323,535
2,6,serial,324,499
2,6,serial,325,503
2,6,serial,326,495
2,6,serial,327,503
2,6,serial,328,541
2,6,serial,329,549
2,6,serial,330,562
2,6,serial,331,538
2,6,serial,332,548
2,6,serial,333,558
2,6,serial,334,561
2,6,serial,335,718
2,6,serial,336,591
2,6,serial,337,574
2,6,serial,338,533
2,6,serial,339,522
2,6,serial,340,514
2,6,serial,341,502
2,6,serial,342,497
2,6,serial,343,496
2,6,serial,344,509
2,6,serial,345,502
2,6,serial,346,500
2,6,serial,347,507
2,6,serial,348,553
2,6,serial,349,497
2,6,serial,350,509
2,6,serial,351,508
2,6,serial,352,505
2,6,serial,353,524
2,6,serial,354,506
2,6,serial,355,500
2,6,serial,356,550
2,6,serial,357,507
2,6,serial,358,504
2,6,serial,359,578
2,6,serial,360,612
2,6,serial,361,496
2,6,serial,362,502
2,6,serial,363,503
2,6,serial,364,684
2,6,serial,365,608
2,6,serial,366,529
2,6,serial,367,530
2,6,serial,368,495
2,6,serial,369,499
2,6,serial,370,539
2,6,serial,371,491
2,6,serial,372,494
2,6,serial,373,495
2,6,serial,374,515
2,6,serial,375,498
2,6,serial,376,508
2,6,serial,377,503
2,6,serial,378,517
2,6,serial,379,502
2,6,serial,380,507
2,6,serial,381,490
2,6,serial,382,502
2,6,serial,383,493
2,6,serial,384,496
2,6,serial,385,550
2,6,serial,386,668
2,6,serial,387,560
2,6,serial,388,528
2,6,serial,389,503
2,6,serial,390,521
2,6,serial,391,519
2,6,serial,392,489
2,6,serial,393,525
2,6,serial,394,515
2,6,serial,395,572
2,6,serial,396,574
2,6,serial,397,550
2,6,serial,398,504
2,6,serial,399,533
2,6,serial,400,490
2,6,serial,401,681
2,6,serial,402,803
2,6,serial,403,789
2,6,serial,404,773
2,6,serial,405,952
2,6,serial,406,875
2,6,serial,407,809
2,6,serial,408,796
2,6,serial,409,722
2,6,serial,410,768
2,6,serial,411,783
2,6,serial,412,806
2,6,serial,413,792
2,6,serial,414,807
2,6,serial,415,799
2,6,serial,416,808
2,6,serial,417,533
2,6,serial,418,519
2,6,serial,419,506
2,6,serial,420,548
2,6,serial,421,469
2,6,serial,422,500
2,6,serial,423,509
2,6,serial,424,497
2,6,serial,425,507
2,6,serial,426,495
2,6,serial,427,503
2,6,serial,428,494
2,6,serial,429,520
2,6,serial,430,493
2,6,serial,431,505
2,6,serial,432,498
2,6,serial,433,501
2,6,serial,434,496
2,6,serial,435,497
2,6,serial,436,496
2,6,serial,437,499
2,6,serial,438,500
2,6,serial,439,505
2,6,serial,440,498
2,6,serial,441,504
2,6,serial,442,504
2,6,serial,443,495
2,6,serial,444,499
2,6,serial,445,543
2,6,serial,446,696
2,6,serial,447,657
2,6,serial,448,826
2,6,serial,449,867
2,6,serial,450,554
2,6,serial,451,557
2,6,serial,452,536
2,6,serial,453,544
2,6,serial,454,552
2,6,serial,455,532
2,6,serial,456,535
2,6,serial,457,539
2,6,serial,458,532
2,6,serial,459,542
2,6,serial,460,556
2,6,serial,461,536
2,6,serial,462,524
2,6,serial,463,537
2,6,serial,464,554
2,6,serial,465,551
2,6,serial,466,597
2,6,serial,467,556
2,6,serial,468,493
2,6,serial,469,507
2,6,serial,470,495
2,6,serial,471,506
2,6,serial,472,490
2,6,serial,473,642
2,6,serial,474,767
2,6,serial,475,670
2,6,serial,476,568
2,6,serial,477,563
2,6,serial,478,561
2,6,serial,479,556
2,6,serial,480,530
2,6,serial,481,543
2,6,serial,482,536
2,6,serial,483,527
2,6,serial,484,526
2,6,serial,485,545
2,6,serial,486,531
2,6,serial,487,533
2,6,serial,488,537
2,6,serial,489,542
2,6,serial,490,558
2,6,serial,491,533
2,6,serial,492,563
2,6,serial,493,540
2,6,serial,494,535
2,6,serial,495,532
2,6,serial,496,536
2,6,serial,497,562
2,6,serial,498,579
2,6,serial,499,537
2,6,serial,500,601
2,6,serial,501,678
2,6,serial,502,593
2,6,serial,503,525
2,6,serial,504,515
2,6,serial,505,522
2,6,serial,506,489
2,6,serial,507,494
2,6,serial,508,492
2,6,serial,509,551
2,6,serial,510,495
2,6,serial,511,492
2,6,serial,512,521
2,6,serial,513,509
2,6,serial,514,496
2,6,serial,515,494
2,6,serial,516,501
2,6,serial,517,493
2,6,serial,518,494
2,6,serial,519,494
2,6,serial,520,519
2,6,serial,521,495
2,6,serial,522,490
2,6,serial,523,537
2,6,serial,524,514
2,6,serial,525,497
2,6,serial,526,512
2,6,serial,527,513
2,6,serial,528,496
2,6,serial,529,496
2,6,serial,530,499
2,6,serial,531,504
2,6,serial,532,570
2,6,serial,533,561
2,6,serial,534,671
2,6,serial,535,585
2,6,serial,536,526
2,6,serial,537,631
2,6,serial,538,531
2,6,serial,539,510
2,6,serial,540,524
2,6,serial,541,510
2,6,serial,542,506
2,6,serial,543,513
2,6,serial,544,502
2,6,serial,545,506
2,6,serial,546,505
2,6,serial,547,500
2,6,serial,548,503
2,6,serial,549,508
2,6,serial,550,501
2,6,serial,551,500
2,6,serial,552,499
2,6,serial,553,522
2,6,serial,554,1037
2,6,serial,555,571
2,6,serial,556,517
2,6,serial,557,515
2,6,serial,558,499
2,6,serial,559,513
2,6,serial,560,499
2,6,serial,561,612
2,6,serial,562,652
2,6,serial,563,628
2,6,serial,564,519
2,6,serial,565,498
2,6,serial,566,578
2,6,serial,567,501
2,6,serial,568,497
2,6,serial,569,494
2,6,serial,570,508
2,6,serial,571,564
2,6,serial,572,507
2,6,serial,573,500
2,6,serial,574,513
2,6,serial,575,565
2,6,serial,576,502
2,6,serial,577,502
2,6,serial,578,498
2,6,serial,579,501
2,6,serial,580,490
2,6,serial,581,492
2,6,serial,582,493
2,6,serial,583,526
2,6,serial,584,493
2,6,serial,585,502
2,6,serial,586,497
2,6,serial,587,504
2,6,serial,588,491
2,6,serial,589,495
2,6,serial,590,509
2,6,serial,591,506
2,6,serial,592,867
2,6,serial,593,620
2,6,serial,594,545
2,6,serial,595,503
2,6,serial,596,509
2,6,serial,597,537
2,6,serial,598,509
2,6,serial,599,493
2,6,serial,600,519
2,6,serial,601,497
2,6,serial,602,503
2,6,serial,603,495
2,6,serial,604,516
2,6,serial,605,501
2,6,serial,606,499
2,6,serial,607,496
2,6,serial,608,492
2,6,serial,609,501
2,6,serial,610,501
2,6,serial,611,496
2,6,serial,612,494
2,6,serial,613,498
2,6,serial,614,498
2,6,serial,615,493
2,6,serial,616,514
2,6,serial,617,510
2,6,serial,618,500
2,6,serial,619,501
2,6,serial,620,524
2,6,serial,621,505
2,6,serial,622,616
2,6,serial,623,606
2,6,serial,624,533
2,6,serial,625,539
2,6,serial,626,501
2,6,serial,627,506
2,6,serial,628,497
2,6,serial,629,501
2,6,serial,630,500
2,6,serial,631,506
2,6,serial,632,502
2,6,serial,633,507
2,6,serial,634,496
2,6,serial,635,502
2,6,serial,636,504
2,6,serial,637,504
2,6,serial,638,500
2,6,serial,639,498
2,6,serial,640,494
2,6,serial,641,496
2,6,serial,642,494
2,6,serial,643,540
2,6,serial,644,561
2,6,serial,645,543
2,6,serial,646,535
2,6,serial,647,492
2,6,serial,648,502
2,6,serial,649,494
2,6,serial,650,497
2,6,serial,651,500
2,6,serial,652,503
2,6,serial,653,1252
2,6,serial,654,541
2,6,serial,655,508
2,6,serial,656,501
2,6,serial,657,513
2,6,serial,658,501
2,6,serial,659,498
2,6,serial,660,500
2,6,serial,661,505
2,6,serial,662,571
2,6,serial,663,512
2,6,serial,664,499
2,6,serial,665,510
2,6,serial,666,520
2,6,serial,667,506
2,6,serial,668,526
2,6,serial,669,517
2,6,serial,670,518
2,6,serial,671,494
2,6,serial,672,500
2,6,serial,673,498
2,6,serial,674,506
2,6,serial,675,508
2,6,serial,676,508
2,6,serial,677,535
2,6,serial,678,492
2,6,serial,679,499
2,6,serial,680,523
2,6,serial,681,504
2,6,serial,682,532
2,6,serial,683,729
2,6,serial,684,644
2,6,serial,685,662
2,6,serial,686,581
2,6,serial,687,558
2,6,serial,688,548
2,6,serial,689,529
2,6,serial,690,532
2,6,serial,691,536
2,6,serial,692,528
2,6,serial,693,500
2,6,serial,694,512
2,6,serial,695,505
2,6,serial,696,498
2,6,serial,697,499
2,6,serial,698,499
2,6,serial,699,490
2,6,serial,700,493
2,6,serial,701,503
2,6,serial,702,501
2,6,serial,703,491
2,6,serial,704,518
2,6,serial,705,514
2,6,serial,706,506
2,6,serial,707,490
2,6,serial,708,501
2,6,serial,709,505
2,6,serial,710,500
2,6,serial,711,495
2,6,serial,712,788
2,6,serial,713,553
2,6,serial,714,507
2,6,serial,715,523
2,6,serial,716,514
2,6,serial,717,509
2,6,serial,718,498
2,6,serial,719,494
2,6,serial,720,501
2,6,serial,721,500
2,6,serial,722,501
2,6,serial,723,493
2,6,serial,724,501
2,6,serial,725,498
2,6,serial,726,498
2,6,serial,727,496
2,6,serial,728,499
2,6,serial,729,498
2,6,serial,730,513
2,6,serial,731,491
2,6,serial,732,500
2,6,serial,733,498
2,6,serial,734,495
2,6,serial,735,494
2,6,serial,736,499
2,6,serial,737,500
2,6,serial,738,496
2,6,serial,739,494
2,6,serial,740,491
2,6,serial,741,503
2,6,serial,742,522
2,6,serial,743,526
2,6,serial,744,600
2,6,serial,745,560
2,6,serial,746,636
2,6,serial,747,563
2,6,serial,748,529
2,6,serial,749,504
2,6,serial,750,543
2,6,serial,751,571
2,6,serial,752,504
2,6,serial,753,532
2,6,serial,754,535
2,6,serial,755,539
2,6,serial,756,519
2,6,serial,757,519
2,6,serial,758,511
2,6,serial,759,524
2,6,serial,760,495
2,6,serial,761,501
2,6,serial,762,505
2,6,serial,763,522
2,6,serial,764,500
2,6,serial,765,502
2,6,serial,766,503
2,6,serial,767,521
2,6,serial,768,496
2,6,serial,769,505
2,6,serial,770,497
2,6,serial,771,507
2,6,serial,772,500
2,6,serial,773,610
2,6,serial,774,525
2,6,serial,775,553
2,6,serial,776,510
2,6,serial,777,511
2,6,serial,778,509
2,6,serial,779,512
2,6,serial,780,507
2,6,serial,781,512
2,6,serial,782,523
2,6,serial,783,508
2,6,serial,784,507
2,6,serial,785,507
2,6,serial,786,514
2,6,serial,787,507
2,6,serial,788,507
2,6,serial,789,504
2,6,serial,790,502
2,6,serial,791,582
2,6,serial,792,513
2,6,serial,793,551
2,6,serial,794,887
2,6,serial,795,608
2,6,serial,796,521
2,6,serial,797,506
2,6,serial,798,516
2,6,serial,799,517
2,6,serial,800,495
2,6,serial,801,509
2,6,serial,802,606
2,6,serial,803,544
2,6,serial,804,509
2,6,serial,805,511
2,6,serial,806,521
2,6,serial,807,496
2,6,serial,808,498
2,6,serial,809,499
2,6,serial,810,496
2,6,serial,811,504
2,6,serial,812,498
2,6,serial,813,495
2,6,serial,814,497
2,6,serial,815,503
2,6,serial,816,497
2,6,serial,817,496
2,6,serial,818,512
2,6,serial,819,500
2,6,serial,820,503
2,6,serial,821,497
2,6,serial,822,496
2,6,serial,823,509
2,6,serial,824,503
2,6,serial,825,500
2,6,serial,826,495
2,6,serial,827,503
2,6,serial,828,500
2,6,serial,829,501
2,6,serial,830,496
2,6,serial,831,763
2,6,serial,832,722
2,6,serial,833,603
2,6,serial,834,559
2,6,serial,835,585
2,6,serial,836,510
2,6,serial,837,501
2,6,serial,838,544
2,6,serial,839,556
2,6,serial,840,513
2,6,serial,841,510
2,6,serial,842,508
2,6,serial,843,501
2,6,serial,844,500
2,6,serial,845,512
2,6,serial,846,517
2,6,serial,847,505
2,6,serial,848,490
2,6,serial,849,491
2,6,serial,850,487
2,6,serial,851,522
2,6,serial,852,489
2,6,serial,853,501
2,6,serial,854,487
2,6,serial,855,499
2,6,serial,856,490
2,6,serial,857,505
2,6,serial,858,514
2,6,serial,859,520
2,6,serial,860,506
2,6,serial,861,498
2,6,serial,862,575
2,6,serial,863,523
2,6,serial,864,525
2,6,serial,865,523
2,6,serial,866,501
2,6,serial,867,496
2,6,serial,868,496
2,6,serial,869,512
2,6,serial,870,497
2,6,serial,871,499
2,6,serial,872,494
2,6,serial,873,540
2,6,serial,874,501
2,6,serial,875,497
2,6,serial,876,507
2,6,serial,877,618
2,6,serial,878,509
2,6,serial,879,520
2,6,serial,880,509
2,6,serial,881,512
2,6,serial,882,524
2,6,serial,883,502
2,6,serial,884,525
2,6,serial,885,505
2,6,serial,886,503
2,6,serial,887,501
2,6,serial,888,509
2,6,serial,889,508
2,6,serial,890,758
2,6,serial,891,688
2,6,serial,892,693
2,6,serial,893,637
2,6,serial,894,619
2,6,serial,895,612
2,6,serial,896,589
2,6,serial,897,679
2,6,serial,898,970
2,6,serial,899,950
2,6,serial,900,972
2,6,serial,901,970
2,6,serial,902,651
2,6,serial,903,665
2,6,serial,904,562
2,6,serial,905,669
2,6,serial,906,925
2,6,serial,907,931
2,6,serial,908,571
2,6,serial,909,617
2,6,serial,910,582
2,6,serial,911,555
2,6,serial,912,607
2,6,serial,913,758
2,6,serial,914,906
2,6,serial,915,665
2,6,serial,916,696
2,6,serial,917,640
2,6,serial,918,613
2,6,serial,919,680
2,6,serial,920,969
2,6,serial,921,900
2,6,serial,922,606
2,6,serial,923,608
2,6,serial,924,638
2,6,serial,925,666
2,6,serial,926,679
2,6,serial,927,658
2,6,serial,928,926
2,6,serial,929,587
2,6,serial,930,573
2,6,serial,931,577
2,6,serial,932,612
2,6,serial,933,612
2,6,serial,934,617
2,6,serial,935,619
2,6,serial,936,802
2,6,serial,937,622
2,6,serial,938,637
2,6,serial,939,656
2,6,serial,940,666
2,6,serial,941,670
2,6,serial,942,712
2,6,serial,943,599
2,6,serial,944,637
2,6,serial,945,990
2,6,serial,946,921
2,6,serial,947,680
2,6,serial,948,664
2,6,serial,949,684
2,6,serial,950,704
2,6,serial,951,625
2,6,serial,952,651
2,6,serial,953,650
2,6,serial,954,607
2,6,serial,955,607
2,6,serial,956,611
2,6,serial,957,642
2,6,serial,958,644
2,6,serial,959,816
2,6,serial,960,668
2,6,serial,961,635
2,6,serial,962,654
2,6,serial,963,672
2,6,serial,964,620
2,6,serial,965,626
2,6,serial,966,675
2,6,serial,967,627
2,6,serial,968,653
2,6,serial,969,685
2,6,serial,970,672
2,6,serial,971,686
2,6,serial,972,646
2,6,serial,973,619
2,6,serial,974,698
2,6,serial,975,658
2,6,serial,976,647
2,6,serial,977,855
2,6,serial,978,543
2,6,serial,979,566
2,6,serial,980,567
2,6,serial,981,1093
2,6,serial,982,601
2,6,serial,983,615
2,6,serial,984,636
2,6,serial,985,646
2,6,serial,986,666
2,6,serial,987,600
2,6,serial,988,567
2,6,serial,989,625
2,6,serial,990,644
2,6,serial,991,591
2,6,serial,992,607
2,6,serial,993,825
2,6,serial,994,665
2,6,serial,995,643
2,6,serial,996,692
2,6,serial,997,903
2,6,serial,998,802
2,6,serial,999,618
2,6,concurrent,0,765
2,6,concurrent,1,582
2,6,concurrent,2,598
2,6,concurrent,3,582
2,6,concurrent,4,601
2,6,concurrent,5,859
2,6,concurrent,6,840
2,6,concurrent,7,703
2,6,concurrent,8,656
2,6,concurrent,9,644
2,6,concurrent,10,609
2,6,concurrent,11,637
2,6,concurrent,12,973
2,6,concurrent,13,593
2,6,concurrent,14,662
2,6,concurrent,15,625
2,6,concurrent,16,598
2,6,concurrent,17,538
2,6,concurrent,18,522
2,6,concurrent,19,535
2,6,concurrent,20,560
2,6,concurrent,21,529
2,6,concurrent,22,566
2,6,concurrent,23,482
2,6,concurrent,24,519
2,6,concurrent,25,516
2,6,concurrent,26,561
2,6,concurrent,27,512
2,6,concurrent,28,532
2,6,concurrent,29,523
2,6,concurrent,30,547
2,6,concurrent,31,606
2,6,concurrent,32,598
2,6,concurrent,33,493
2,6,concurrent,34,492
2,6,concurrent,35,489
2,6,concurrent,36,505
2,6,concurrent,37,582
2,6,concurrent,38,510
2,6,concurrent,39,817
2,6,concurrent,40,539
2,6,concurrent,41,773
2,6,concurrent,42,848
2,6,concurrent,43,878
2,6,concurrent,44,850
2,6,concurrent,45,843
2,6,concurrent,46,846
2,6,concurrent,47,841
2,6,concurrent,48,842
2,6,concurrent,49,887
2,6,concurrent,50,853
2,6,concurrent,51,842
2,6,concurrent,52,830
2,6,concurrent,53,844
2,6,concurrent,54,837
2,6,concurrent,55,793
2,6,concurrent,56,1046
2,6,concurrent,57,508
2,6,concurrent,58,615
2,6,concurrent,59,583
2,6,concurrent,60,569
2,6,concurrent,61,493
2,6,concurrent,62,521
2,6,concurrent,63,488
2,6,concurrent,64,491
2,6,concurrent,65,493
2,6,concurrent,66,517
2,6,concurrent,67,497
2,6,concurrent,68,491
2,6,concurrent,69,491
2,6,concurrent,70,504
2,6,concurrent,71,528
2,6,concurrent,72,572
2,6,concurrent,73,494
2,6,concurrent,74,529
2,6,concurrent,75,509
2,6,concurrent,76,523
2,6,concurrent,77,515
2,6,concurrent,78,501
2,6,concurrent,79,486
2,6,concurrent,80,510
2,6,concurrent,81,534
2,6,concurrent,82,497
2,6,concurrent,83,489
2,6,concurrent,84,488
2,6,concurrent,85,486
2,6,concurrent,86,503
2,6,concurrent,87,530
2,6,concurrent,88,490
2,6,concurrent,89,554
2,6,concurrent,90,544
2,6,concurrent,91,509
2,6,concurrent,92,489
2,6,concurrent,93,542
2,6,concurrent,94,490
2,6,concurrent,95,486
2,6,concurrent,96,521
2,6,concurrent,97,543
2,6,concurrent,98,567
2,6,concurrent,99,505
2,6,concurrent,100,490
2,6,concurrent,101,548
2,6,concurrent,102,512
2,6,concurrent,103,493
2,6,concurrent,104,528
2,6,concurrent,105,495
2,6,concurrent,106,492
2,6,concurrent,107,537
2,6,concurrent,108,537
2,6,concurrent,109,529
2,6,concurrent,110,538
2,6,concurrent,111,513
2,6,concurrent,112,491
2,6,concurrent,113,532
2,6,concurrent,114,556
2,6,concurrent,115,827
2,6,concurrent,116,587
2,6,concurrent,117,554
2,6,concurrent,118,477
2,6,concurrent,119,657
2,6,concurrent,120,569
2,6,concurrent,121,568
2,6,concurrent,122,598
2,6,concurrent,123,567
2,6,concurrent,124,574
2,6,concurrent,125,569
2,6,concurrent,126,564
2,6,concurrent,127,567
2,6,concurrent,128,562
2,6,concurrent,129,587
2,6,concurrent,130,504
2,6,concurrent,131,489
2,6,concurrent,132,530
2,6,concurrent,133,520
2,6,concurrent,134,513
2,6,concurrent,135,495
2,6,concurrent,136,507
2,6,concurrent,137,510
2,6,concurrent,138,512
2,6,concurrent,139,497
2,6,concurrent,140,489
2,6,concurrent,141,496
2,6,concurrent,142,512
2,6,concurrent,143,494
2,6,concurrent,144,506
2,6,concurrent,145,504
2,6,concurrent,146,512
2,6,concurrent,147,525
2,6,concurrent,148,622
2,6,concurrent,149,450
2,6,concurrent,150,516
2,6,concurrent,151,510
2,6,concurrent,152,494
2,6,concurrent,153,535
2,6,concurrent,154,536
2,6,concurrent,155,526
2,6,concurrent,156,537
2,6,concurrent,157,524
2,6,concurrent,158,583
2,6,concurrent,159,573
2,6,concurrent,160,530
2,6,concurrent,161,554
2,6,concurrent,162,545
2,6,concurrent,163,496
2,6,concurrent,164,529
2,6,concurrent,165,449
2,6,concurrent,166,536
2,6,concurrent,167,512
2,6,concurrent,168,538
2,6,concurrent,169,534
2,6,concurrent,170,532
2,6,concurrent,171,547
2,6,concurrent,172,514
2,6,concurrent,173,835
2,6,concurrent,174,577
2,6,concurrent,175,555
2,6,concurrent,176,499
2,6,concurrent,177,558
2,6,concurrent,178,872
2,6,concurrent,179,580
2,6,concurrent,180,664
2,6,concurrent,181,551
2,6,concurrent,182,523
2,6,concurrent,183,502
2,6,concurrent,184,534
2,6,concurrent,185,511
2,6,concurrent,186,470
2,6,concurrent,187,515
2,6,concurrent,188,482
2,6,concurrent,189,479
2,6,concurrent,190,484
2,6,concurrent,191,488
2,6,concurrent,192,516
2,6,concurrent,193,537
2,6,concurrent,194,472
2,6,concurrent,195,459
2,6,concurrent,196,495
2,6,concurrent,197,512
2,6,concurrent,198,516
2,6,concurrent,199,503
2,6,concurrent,200,518
2,6,concurrent,201,491
2,6,concurrent,202,538
2,6,concurrent,203,484
2,6,concurrent,204,497
2,6,concurrent,205,488
2,6,concurrent,206,519
2,6,concurrent,207,493
2,6,concurrent,208,577
2,6,concurrent,209,913
2,6,concurrent,210,574
2,6,concurrent,211,567
2,6,concurrent,212,545
2,6,concurrent,213,572
2,6,concurrent,214,555
2,6,concurrent,215,545
2,6,concurrent,216,563
2,6,concurrent,217,537
2,6,concurrent,218,511
2,6,concurrent,219,554
2,6,concurrent,220,524
2,6,concurrent,221,591
2,6,concurrent,222,520
2,6,concurrent,223,564
2,6,concurrent,224,541
2,6,concurrent,225,582
2,6,concurrent,226,562
2,6,concurrent,227,575
2,6,concurrent,228,577
2,6,concurrent,229,532
2,6,concurrent,230,487
2,6,concurrent,231,496
2,6,concurrent,232,727
2,6,concurrent,233,506
2,6,concurrent,234,449
2,6,concurrent,235,495
2,6,concurrent,236,724
2,6,concurrent,237,495
2,6,concurrent,238,496
2,6,concurrent,239,525
2,6,concurrent,240,530
2,6,concurrent,241,511
2,6,concurrent,242,487
2,6,concurrent,243,508
2,6,concurrent,244,502
2,6,concurrent,245,498
2,6,concurrent,246,520
2,6,concurrent,247,503
2,6,concurrent,248,510
2,6,concurrent,249,509
2,6,concurrent,250,500
2,6,concurrent,251,513
2,6,concurrent,252,507
2,6,concurrent,253,488
2,6,concurrent,254,537
2,6,concurrent,255,562
2,6,concurrent,256,508
2,6,concurrent,257,490
2,6,concurrent,258,501
2,6,concurrent,259,536
2,6,concurrent,260,492
2,6,concurrent,261,492
2,6,concurrent,262,518
2,6,concurrent,263,491
2,6,concurrent,264,483
2,6,concurrent,265,501
2,6,concurrent,266,521
2,6,concurrent,267,613
2,6,concurrent,268,544
2,6,concurrent,269,651
2,6,concurrent,270,486
2,6,concurrent,271,506
2,6,concurrent,272,511
2,6,concurrent,273,611
2,6,concurrent,274,525
2,6,concurrent,275,474
2,6,concurrent,276,487
2,6,concurrent,277,521
2,6,concurrent,278,530
2,6,concurrent,279,494
2,6,concurrent,280,489
2,6,concurrent,281,456
2,6,concurrent,282,460
2,6,concurrent,283,494
2,6,concurrent,284,490
2,6,concurrent,285,500
2,6,concurrent,286,489
2,6,concurrent,287,487
2,6,concurrent,288,514
2,6,concurrent,289,489
2,6,concurrent,290,954
2,6,concurrent,291,590
2,6,concurrent,292,499
2,6,concurrent,293,477
2,6,concurrent,294,445
2,6,concurrent,295,493
2,6,concurrent,296,519
2,6,concurrent,297,506
2,6,concurrent,298,500
2,6,concurrent,299,522
2,6,concurrent,300,499
2,6,concurrent,301,487
2,6,concurrent,302,492
2,6,concurrent,303,508
2,6,concurrent,304,509
2,6,concurrent,305,505
2,6,concurrent,306,501
2,6,concurrent,307,483
2,6,concurrent,308,524
2,6,concurrent,309,486
2,6,concurrent,310,492
2,6,concurrent,311,512
2,6,concurrent,312,560
2,6,concurrent,313,486
2,6,concurrent,314,494
2,6,concurrent,315,495
2,6,concurrent,316,524
2,6,concurrent,317,496
2,6,concurrent,318,489
2,6,concurrent,319,490
2,6,concurrent,320,493
2,6,concurrent,321,484
2,6,concurrent,322,494
2,6,concurrent,323,525
2,6,concurrent,324,519
2,6,concurrent,325,486
2,6,concurrent,326,491
2,6,concurrent,327,513
2,6,concurrent,328,705
2,6,concurrent,329,746
2,6,concurrent,330,684
2,6,concurrent,331,683
2,6,concurrent,332,625
2,6,concurrent,333,996
2,6,concurrent,334,848
2,6,concurrent,335,636
2,6,concurrent,336,616
2,6,concurrent,337,628
2,6,concurrent,338,680
2,6,concurrent,339,637
2,6,concurrent,340,822
2,6,concurrent,341,1031
2,6,concurrent,342,851
2,6,concurrent,343,925
2,6,concurrent,344,848
2,6,concurrent,345,589
2,6,concurrent,346,608
2,6,concurrent,347,573
2,6,concurrent,348,582
2,6,concurrent,349,701
2,6,concurrent,350,579
2,6,concurrent,351,544
2,6,concurrent,352,600
2,6,concurrent,353,581
2,6,concurrent,354,678
2,6,concurrent,355,670
2,6,concurrent,356,668
2,6,concurrent,357,640
2,6,concurrent,358,663
2,6,concurrent,359,852
2,6,concurrent,360,809
2,6,concurrent,361,654
2,6,concurrent,362,658
2,6,concurrent,363,651
2,6,concurrent,364,576
2,6,concurrent,365,835
2,6,concurrent,366,835
2,6,concurrent,367,633
2,6,concurrent,368,637
2,6,concurrent,369,624
2,6,concurrent,370,605
2,6,concurrent,371,587
2,6,concurrent,372,727
2,6,concurrent,373,620
2,6,concurrent,374,585
2,6,concurrent,375,678
2,6,concurrent,376,656
2,6,concurrent,377,592
2,6,concurrent,378,603
2,6,concurrent,379,606
2,6,concurrent,380,660
2,6,concurrent,381,674
2,6,concurrent,382,657
2,6,concurrent,383,583
2,6,concurrent,384,681
2,6,concurrent,385,873
2,6,concurrent,386,1141
2,6,concurrent,387,1024
2,6,concurrent,388,675
2,6,concurrent,389,582
2,6,concurrent,390,915
2,6,concurrent,391,793
2,6,concurrent,392,873
2,6,concurrent,393,863
2,6,concurrent,394,725
2,6,concurrent,395,583
2,6,concurrent,396,604
2,6,concurrent,397,606
2,6,concurrent,398,651
2,6,concurrent,399,579
2,6,concurrent,400,544
2,6,concurrent,401,603
2,6,concurrent,402,639
2,6,concurrent,403,543
2,6,concurrent,404,587
2,6,concurrent,405,542
2,6,concurrent,406,634
2,6,concurrent,407,583
2,6,concurrent,408,603
2,6,concurrent,409,667
2,6,concurrent,410,580
2,6,concurrent,411,555
2,6,concurrent,412,595
2,6,concurrent,413,609
2,6,concurrent,414,853
2,6,concurrent,415,633
2,6,concurrent,416,597
2,6,concurrent,417,527
2,6,concurrent,418,581
2,6,concurrent,419,583
2,6,concurrent,420,686
2,6,concurrent,421,551
2,6,concurrent,422,493
2,6,concurrent,423,554
2,6,concurrent,424,614
2,6,concurrent,425,865
2,6,concurrent,426,853
2,6,concurrent,427,584
2,6,concurrent,428,642
2,6,concurrent,429,593
2,6,concurrent,430,587
2,6,concurrent,431,585
2,6,concurrent,432,570
2,6,concurrent,433,542
2,6,concurrent,434,613
2,6,concurrent,435,669
2,6,concurrent,436,629
2,6,concurrent,437,905
2,6,concurrent,438,1218
2,6,concurrent,439,598
2,6,concurrent,440,885
2,6,concurrent,441,1007
2,6,concurrent,442,899
2,6,concurrent,443,631
2,6,concurrent,444,672
2,6,concurrent,445,987
2,6,concurrent,446,1068
2,6,concurrent,447,901
2,6,concurrent,448,621
2,6,concurrent,449,693
2,6,concurrent,450,686
2,6,concurrent,451,1005
2,6,concurrent,452,903
2,6,concurrent,453,667
2,6,concurrent,454,858
2,6,concurrent,455,1082
2,6,concurrent,456,934
2,6,concurrent,457,629
2,6,concurrent,458,612
2,6,concurrent,459,672
2,6,concurrent,460,665
2,6,concurrent,461,645
2,6,concurrent,462,645
2,6,concurrent,463,813
2,6,concurrent,464,716
2,6,concurrent,465,663
2,6,concurrent,466,573
2,6,concurrent,467,583
2,6,concurrent,468,539
2,6,concurrent,469,544
2,6,concurrent,470,608
2,6,concurrent,471,588
2,6,concurrent,472,637
2,6,concurrent,473,588
2,6,concurrent,474,603
2,6,concurrent,475,539
2,6,concurrent,476,632
2,6,concurrent,477,638
2,6,concurrent,478,550
2,6,concurrent,479,603
2,6,concurrent,480,631
2,6,concurrent,481,1172
2,6,concurrent,482,572
2,6,concurrent,483,562
2,6,concurrent,484,549
2,6,concurrent,485,588
2,6,concurrent,486,594
2,6,concurrent,487,585
2,6,concurrent,488,623
2,6,concurrent,489,600
2,6,concurrent,490,524
2,6,concurrent,491,582
2,6,concurrent,492,528
2,6,concurrent,493,573
2,6,concurrent,494,559
2,6,concurrent,495,574
2,6,concurrent,496,568
2,6,concurrent,497,582
2,6,concurrent,498,556
2,6,concurrent,499,557
2,6,concurrent,500,585
2,6,concurrent,501,567
2,6,concurrent,502,556
2,6,concurrent,503,541
2,6,concurrent,504,689
2,6,concurrent,505,641
2,6,concurrent,506,632
2,6,concurrent,507,612
2,6,concurrent,508,840
2,6,concurrent,509,1121
2,6,concurrent,510,921
2,6,concurrent,511,848
2,6,concurrent,512,982
2,6,concurrent,513,644
2,6,concurrent,514,597
2,6,concurrent,515,631
2,6,concurrent,516,599
2,6,concurrent,517,568
2,6,concurrent,518,552
2,6,concurrent,519,561
2,6,concurrent,520,566
2,6,concurrent,521,580
2,6,concurrent,522,547
2,6,concurrent,523,581
2,6,concurrent,524,585
2,6,concurrent,525,601
2,6,concurrent,526,564
2,6,concurrent,527,606
2,6,concurrent,528,566
2,6,concurrent,529,571
2,6,concurrent,530,551
2,6,concurrent,531,527
2,6,concurrent,532,564
2,6,concurrent,533,545
2,6,concurrent,534,538
2,6,concurrent,535,579
2,6,concurrent,536,583
2,6,concurrent,537,564
2,6,concurrent,538,519
2,6,concurrent,539,712
2,6,concurrent,540,571
2,6,concurrent,541,688
2,6,concurrent,542,980
2,6,concurrent,543,922
2,6,concurrent,544,603
2,6,concurrent,545,677
2,6,concurrent,546,668
2,6,concurrent,547,645
2,6,concurrent,548,668
2,6,concurrent,549,585
2,6,concurrent,550,643
2,6,concurrent,551,653
2,6,concurrent,552,612
2,6,concurrent,553,623
2,6,concurrent,554,609
2,6,concurrent,555,591
2,6,concurrent,556,588
2,6,concurrent,557,508
2,6,concurrent,558,546
2,6,concurrent,559,678
2,6,concurrent,560,606
2,6,concurrent,561,600
2,6,concurrent,562,731
2,6,concurrent,563,941
2,6,concurrent,564,900
2,6,concurrent,565,741
2,6,concurrent,566,735
2,6,concurrent,567,706
2,6,concurrent,568,789
2,6,concurrent,569,806
2,6,concurrent,570,764
2,6,concurrent,571,705
2,6,concurrent,572,929
2,6,concurrent,573,831
2,6,concurrent,574,633
2,6,concurrent,575,657
2,6,concurrent,576,574
2,6,concurrent,577,577
2,6,concurrent,578,626
2,6,concurrent,579,616
2,6,concurrent,580,653
2,6,concurrent,581,642
2,6,concurrent,582,568
2,6,concurrent,583,625
2,6,concurrent,584,700
2,6,concurrent,585,910
2,6,concurrent,586,510
2,6,concurrent,587,559
2,6,concurrent,588,503
2,6,concurrent,589,520
2,6,concurrent,590,518
2,6,concurrent,591,507
2,6,concurrent,592,503
2,6,concurrent,593,459
2,6,concurrent,594,525
2,6,concurrent,595,527
2,6,concurrent,596,488
2,6,concurrent,597,490
2,6,concurrent,598,508
2,6,concurrent,599,495
2,6,concurrent,600,489
2,6,concurrent,601,536
2,6,concurrent,602,499
2,6,concurrent,603,524
2,6,concurrent,604,510
2,6,concurrent,605,535
2,6,concurrent,606,567
2,6,concurrent,607,784
2,6,concurrent,608,520
2,6,concurrent,609,500
2,6,concurrent,610,468
2,6,concurrent,611,503
2,6,concurrent,612,492
2,6,concurrent,613,498
2,6,concurrent,614,580
2,6,concurrent,615,508
2,6,concurrent,616,496
2,6,concurrent,617,477
2,6,concurrent,618,489
2,6,concurrent,619,493
2,6,concurrent,620,487
2,6,concurrent,621,492
2,6,concurrent,622,516
2,6,concurrent,623,483
2,6,concurrent,624,504
2,6,concurrent,625,491
2,6,concurrent,626,504
2,6,concurrent,627,489
2,6,concurrent,628,505
2,6,concurrent,629,494
2,6,concurrent,630,482
2,6,concurrent,631,513
2,6,concurrent,632,517
2,6,concurrent,633,537
2,6,concurrent,634,489
2,6,concurrent,635,983
2,6,concurrent,636,804
2,6,concurrent,637,817
2,6,concurrent,638,839
2,6,concurrent,639,897
2,6,concurrent,640,870
2,6,concurrent,641,844
2,6,concurrent,642,556
2,6,concurrent,643,596
2,6,concurrent,644,751
2,6,concurrent,645,844
2,6,concurrent,646,846
2,6,concurrent,647,474
2,6,concurrent,648,495
2,6,concurrent,649,490
2,6,concurrent,650,482
2,6,concurrent,651,491
2,6,concurrent,652,488
2,6,concurrent,653,530
2,6,concurrent,654,498
2,6,concurrent,655,520
2,6,concurrent,656,465
2,6,concurrent,657,463
2,6,concurrent,658,540
2,6,concurrent,659,489
2,6,concurrent,660,486
2,6,concurrent,661,516
2,6,concurrent,662,520
2,6,concurrent,663,511
2,6,concurrent,664,512
2,6,concurrent,665,508
2,6,concurrent,666,521
2,6,concurrent,667,488
2,6,concurrent,668,474
2,6,concurrent,669,497
2,6,concurrent,670,528
2,6,concurrent,671,613
2,6,concurrent,672,518
2,6,concurrent,673,557
2,6,concurrent,674,509
2,6,concurrent,675,480
2,6,concurrent,676,512
2,6,concurrent,677,499
2,6,concurrent,678,542
2,6,concurrent,679,504
2,6,concurrent,680,519
2,6,concurrent,681,517
2,6,concurrent,682,521
2,6,concurrent,683,488
2,6,concurrent,684,566
2,6,concurrent,685,511
2,6,concurrent,686,519
2,6,concurrent,687,515
2,6,concurrent,688,539
2,6,concurrent,689,963
2,6,concurrent,690,526
2,6,concurrent,691,501
2,6,concurrent,692,494
2,6,concurrent,693,520
2,6,concurrent,694,538
2,6,concurrent,695,502
2,6,concurrent,696,553
2,6,concurrent,697,504
2,6,concurrent,698,487
2,6,concurrent,699,516
2,6,concurrent,700,603
2,6,concurrent,701,500
2,6,concurrent,702,514
2,6,concurrent,703,528
2,6,concurrent,704,488
2,6,concurrent,705,492
2,6,concurrent,706,491
2,6,concurrent,707,508
2,6,concurrent,708,488
2,6,concurrent,709,487
2,6,concurrent,710,545
2,6,concurrent,711,511
2,6,concurrent,712,532
2,6,concurrent,713,510
2,6,concurrent,714,517
2,6,concurrent,715,557
2,6,concurrent,716,504
2,6,concurrent,717,515
2,6,concurrent,718,508
2,6,concurrent,719,501
2,6,concurrent,720,488
2,6,concurrent,721,491
2,6,concurrent,722,531
2,6,concurrent,723,488
2,6,concurrent,724,478
2,6,concurrent,725,489
2,6,concurrent,726,519
2,6,concurrent,727,514
2,6,concurrent,728,513
2,6,concurrent,729,488
2,6,concurrent,730,560
2,6,concurrent,731,550
2,6,concurrent,732,528
2,6,concurrent,733,489
2,6,concurrent,734,476
2,6,concurrent,735,475
2,6,concurrent,736,497
2,6,concurrent,737,488
2,6,concurrent,738,479
2,6,concurrent,739,494
2,6,concurrent,740,490
2,6,concurrent,741,491
2,6,concurrent,742,478
2,6,concurrent,743,523
2,6,concurrent,744,507
2,6,concurrent,745,509
2,6,concurrent,746,510
2,6,concurrent,747,514
2,6,concurrent,748,487
2,6,concurrent,749,505
2,6,concurrent,750,516
2,6,concurrent,751,485
2,6,concurrent,752,498
2,6,concurrent,753,488
2,6,concurrent,754,499
2,6,concurrent,755,501
2,6,concurrent,756,511
2,6,concurrent,757,478
2,6,concurrent,758,485
2,6,concurrent,759,490
2,6,concurrent,760,488
2,6,concurrent,761,518
2,6,concurrent,762,726
2,6,concurrent,763,524
2,6,concurrent,764,524
2,6,concurrent,765,489
2,6,concurrent,766,538
2,6,concurrent,767,540
2,6,concurrent,768,500
2,6,concurrent,769,545
2,6,concurrent,770,489
2,6,concurrent,771,490
2,6,concurrent,772,487
2,6,concurrent,773,500
2,6,concurrent,774,516
2,6,concurrent,775,499
2,6,concurrent,776,515
2,6,concurrent,777,487
2,6,concurrent,778,498
2,6,concurrent,779,530
2,6,concurrent,780,514
2,6,concurrent,781,491
2,6,concurrent,782,506
2,6,concurrent,783,504
2,6,concurrent,784,488
2,6,concurrent,785,523
2,6,concurrent,786,524
2,6,concurrent,787,490
2,6,concurrent,788,509
2,6,concurrent,789,521
2,6,concurrent,790,522
2,6,concurrent,791,524
2,6,concurrent,792,480
2,6,concurrent,793,488
2,6,concurrent,794,471
2,6,concurrent,795,481
2,6,concurrent,796,519
2,6,concurrent,797,478
2,6,concurrent,798,462
2,6,concurrent,799,491
2,6,concurrent,800,484
2,6,concurrent,801,527
2,6,concurrent,802,492
2,6,concurrent,803,477
2,6,concurrent,804,491
2,6,concurrent,805,494
2,6,concurrent,806,490
2,6,concurrent,807,483
2,6,concurrent,808,481
2,6,concurrent,809,505
2,6,concurrent,810,487
2,6,concurrent,811,483
2,6,concurrent,812,477
2,6,concurrent,813,561
2,6,concurrent,814,557
2,6,concurrent,815,601
2,6,concurrent,816,566
2,6,concurrent,817,554
2,6,concurrent,818,793
2,6,concurrent,819,3245
2,6,concurrent,820,10306
2,6,concurrent,821,5289
2,6,concurrent,822,838
2,6,concurrent,823,729
2,6,concurrent,824,513
2,6,concurrent,825,519
2,6,concurrent,826,506
2,6,concurrent,827,525
2,6,concurrent,828,537
2,6,concurrent,829,520
2,6,concurrent,830,530
2,6,concurrent,831,530
2,6,concurrent,832,514
2,6,concurrent,833,540
2,6,concurrent,834,589
2,6,concurrent,835,593
2,6,concurrent,836,976
2,6,concurrent,837,640
2,6,concurrent,838,531
2,6,concurrent,839,533
2,6,concurrent,840,531
2,6,concurrent,841,569
2,6,concurrent,842,637
2,6,concurrent,843,573
2,6,concurrent,844,734
2,6,concurrent,845,661
2,6,concurrent,846,708
2,6,concurrent,847,527
2,6,concurrent,848,574
2,6,concurrent,849,583
2,6,concurrent,850,568
2,6,concurrent,851,553
2,6,concurrent,852,627
2,6,concurrent,853,564
2,6,concurrent,854,569
2,6,concurrent,855,471
2,6,concurrent,856,495
2,6,concurrent,857,450
2,6,concurrent,858,458
2,6,concurrent,859,486
2,6,concurrent,860,483
2,6,concurrent,861,497
2,6,concurrent,862,519
2,6,concurrent,863,505
2,6,concurrent,864,531
2,6,concurrent,865,505
2,6,concurrent,866,490
2,6,concurrent,867,474
2,6,concurrent,868,494
2,6,concurrent,869,489
2,6,concurrent,870,515
2,6,concurrent,871,476
2,6,concurrent,872,526
2,6,concurrent,873,502
2,6,concurrent,874,535
2,6,concurrent,875,623
2,6,concurrent,876,541
2,6,concurrent,877,483
2,6,concurrent,878,485
2,6,concurrent,879,507
2,6,concurrent,880,746
2,6,concurrent,881,889
2,6,concurrent,882,853
2,6,concurrent,883,852
2,6,concurrent,884,875
2,6,concurrent,885,841
2,6,concurrent,886,848
2,6,concurrent,887,843
2,6,concurrent,888,989
2,6,concurrent,889,531
2,6,concurrent,890,534
2,6,concurrent,891,515
2,6,concurrent,892,496
2,6,concurrent,893,521
2,6,concurrent,894,511
2,6,concurrent,895,507
2,6,concurrent,896,501
2,6,concurrent,897,504
2,6,concurrent,898,516
2,6,concurrent,899,518
2,6,concurrent,900,621
2,6,concurrent,901,523
2,6,concurrent,902,489
2,6,concurrent,903,499
2,6,concurrent,904,489
2,6,concurrent,905,513
2,6,concurrent,906,519
2,6,concurrent,907,528
2,6,concurrent,908,505
2,6,concurrent,909,486
2,6,concurrent,910,512
2,6,concurrent,911,511
2,6,concurrent,912,470
2,6,concurrent,913,507
2,6,concurrent,914,528
2,6,concurrent,915,513
2,6,concurrent,916,511
2,6,concurrent,917,509
2,6,concurrent,918,511
2,6,concurrent,919,489
2,6,concurrent,920,510
2,6,concurrent,921,531
2,6,concurrent,922,486
2,6,concurrent,923,488
2,6,concurrent,924,509
2,6,concurrent,925,517
2,6,concurrent,926,488
2,6,concurrent,927,488
2,6,concurrent,928,510
2,6,concurrent,929,511
2,6,concurrent,930,504
2,6,concurrent,931,613
2,6,concurrent,932,528
2,6,concurrent,933,579
2,6,concurrent,934,545
2,6,concurrent,935,571
2,6,concurrent,936,563
2,6,concurrent,937,576
2,6,concurrent,938,565
2,6,concurrent,939,565
2,6,concurrent,940,564
2,6,concurrent,941,583
2,6,concurrent,942,566
2,6,concurrent,943,529
2,6,concurrent,944,564
2,6,concurrent,945,575
2,6,concurrent,946,572
2,6,concurrent,947,572
2,6,concurrent,948,571
2,6,concurrent,949,572
2,6,concurrent,950,576
2,6,concurrent,951,561
2,6,concurrent,952,572
2,6,concurrent,953,567
2,6,concurrent,954,578
2,6,concurrent,955,564
2,6,concurrent,956,570
2,6,concurrent,957,537
2,6,concurrent,958,662
2,6,concurrent,959,696
2,6,concurrent,960,506
2,6,concurrent,961,481
2,6,concurrent,962,498
2,6,concurrent,963,500
2,6,concurrent,964,455
2,6,concurrent,965,483
2,6,concurrent,966,559
2,6,concurrent,967,524
2,6,concurrent,968,488
2,6,concurrent,969,489
2,6,concurrent,970,492
2,6,concurrent,971,485
2,6,concurrent,972,536
2,6,concurrent,973,493
2,6,concurrent,974,522
2,6,concurrent,975,512
2,6,concurrent,976,517
2,6,concurrent,977,508
2,6,concurrent,978,503
2,6,concurrent,979,665
2,6,concurrent,980,526
2,6,concurrent,981,542
2,6,concurrent,982,561
2,6,concurrent,983,876
2,6,concurrent,984,859
2,6,concurrent,985,847
2,6,concurrent,986,826
2,6,concurrent,987,543
2,6,concurrent,988,514
2,6,concurrent,989,503
2,6,concurrent,990,541
2,6,concurrent,991,515
2,6,concurrent,992,514
2,6,concurrent,993,449
2,6,concurrent,994,483
2,6,concurrent,995,463
2,6,concurrent,996,481
2,6,concurrent,997,551
2,6,concurrent,998,484
2,6,concurrent,999,510
3,5,cpu_base,0,146
3,5,cpu_base,1,135
3,5,cpu_base,2,148
3,5,cpu_base,3,154
3,5,cpu_base,4,157
3,5,cpu_base,5,148
3,5,cpu_base,6,141
3,5,cpu_base,7,144
3,5,cpu_base,8,134
3,5,cpu_base,9,147
3,5,cpu_base,10,151
3,5,cpu_base,11,142
3,5,cpu_base,12,135
3,5,cpu_base,13,138
3,5,cpu_base,14,138
3,5,cpu_base,15,135
3,5,cpu_base,16,160
3,5,cpu_base,17,147
3,5,cpu_base,18,143
3,5,cpu_base,19,138
3,5,cpu_base,20,158
3,5,cpu_base,21,156
3,5,cpu_base,22,139
3,5,cpu_base,23,136
3,5,cpu_base,24,157
3,5,cpu_base,25,192
3,5,cpu_base,26,178
3,5,cpu_base,27,150
3,5,cpu_base,28,214
3,5,cpu_base,29,152
3,5,cpu_base,30,163
3,5,cpu_base,31,154
3,5,cpu_base,32,155
3,5,cpu_base,33,162
3,5,cpu_base,34,161
3,5,cpu_base,35,159
3,5,cpu_base,36,176
3,5,cpu_base,37,156
3,5,cpu_base,38,161
3,5,cpu_base,39,146
3,5,cpu_base,40,171
3,5,cpu_base,41,152
3,5,cpu_base,42,154
3,5,cpu_base,43,147
3,5,cpu_base,44,147
3,5,cpu_base,45,147
3,5,cpu_base,46,152
3,5,cpu_base,47,153
3,5,cpu_base,48,146
3,5,cpu_base,49,159
3,5,cpu_base,50,177
3,5,cpu_base,51,155
3,5,cpu_base,52,171
3,5,cpu_base,53,152
3,5,cpu_base,54,150
3,5,cpu_base,55,152
3,5,cpu_base,56,151
3,5,cpu_base,57,161
3,5,cpu_base,58,169
3,5,cpu_base,59,158
3,5,cpu_base,60,147
3,5,cpu_base,61,147
3,5,cpu_base,62,145
3,5,cpu_base,63,149
3,5,cpu_base,64,147
3,5,cpu_base,65,147
3,5,cpu_base,66,150
3,5,cpu_base,67,161
3,5,cpu_base,68,159
3,5,cpu_base,69,153
3,5,cpu_base,70,150
3,5,cpu_base,71,152
3,5,cpu_base,72,216
3,5,cpu_base,73,218
3,5,cpu_base,74,229
3,5,cpu_base,75,250
3,5,cpu_base,76,230
3,5,cpu_base,77,256
3,5,cpu_base,78,231
3,5,cpu_base,79,327
3,5,cpu_base,80,269
3,5,cpu_base,81,219
3,5,cpu_base,82,159
3,5,cpu_base,83,181
3,5,cpu_base,84,155
3,5,cpu_base,85,162
3,5,cpu_base,86,159
3,5,cpu_base,87,164
3,5,cpu_base,88,184
3,5,cpu_base,89,144
3,5,cpu_base,90,157
3,5,cpu_base,91,162
3,5,cpu_base,92,175
3,5,cpu_base,93,146
3,5,cpu_base,94,156
3,5,cpu_base,95,158
3,5,cpu_base,96,159
3,5,cpu_base,97,161
3,5,cpu_base,98,154
3,5,cpu_base,99,164
3,5,cpu_base,100,159
3,5,cpu_base,101,152
3,5,cpu_base,102,163
3,5,cpu_base,103,182
3,5,cpu_base,104,200
3,5,cpu_base,105,145
3,5,cpu_base,106,153
3,5,cpu_base,107,160
3,5,cpu_base,108,156
3,5,cpu_base,109,153
3,5,cpu_base,110,170
3,5,cpu_base,111,156
3,5,cpu_base,112,160
3,5,cpu_base,113,244
3,5,cpu_base,114,207
3,5,cpu_base,115,144
3,5,cpu_base,116,137
3,5,cpu_base,117,136
3,5,cpu_base,118,169
3,5,cpu_base,119,138
3,5,cpu_base,120,285
3,5,cpu_base,121,145
3,5,cpu_base,122,140
3,5,cpu_base,123,154
3,5,cpu_base,124,143
3,5,cpu_base,125,151
3,5,cpu_base,126,146
3,5,cpu_base,127,160
3,5,cpu_base,128,141
3,5,cpu_base,129,149
3,5,cpu_base,130,149
3,5,cpu_base,131,136
3,5,cpu_base,132,143
3,5,cpu_base,133,138
3,5,cpu_base,134,135
3,5,cpu_base,135,136
3,5,cpu_base,136,159
3,5,cpu_base,137,180
3,5,cpu_base,138,135
3,5,cpu_base,139,158
3,5,cpu_base,140,143
3,5,cpu_base,141,146
3,5,cpu_base,142,135
3,5,cpu_base,143,156
3,5,cpu_base,144,134
3,5,cpu_base,145,134
3,5,cpu_base,146,138
3,5,cpu_base,147,135
3,5,cpu_base,148,143
3,5,cpu_base,149,144
3,5,cpu_base,150,162
3,5,cpu_base,151,137
3,5,cpu_base,152,152
3,5,cpu_base,153,137
3,5,cpu_base,154,149
3,5,cpu_base,155,138
3,5,cpu_base,156,134
3,5,cpu_base,157,137
3,5,cpu_base,158,135
3,5,cpu_base,159,146
3,5,cpu_base,160,139
3,5,cpu_base,161,136
3,5,cpu_base,162,148
3,5,cpu_base,163,153
3,5,cpu_base,164,156
3,5,cpu_base,165,159
3,5,cpu_base,166,140
3,5,cpu_base,167,140
3,5,cpu_base,168,141
3,5,cpu_base,169,144
3,5,cpu_base,170,138
3,5,cpu_base,171,146
3,5,cpu_base,172,139
3,5,cpu_base,173,139
3,5,cpu_base,174,147
3,5,cpu_base,175,135
3,5,cpu_base,176,134
3,5,cpu_base,177,151
3,5,cpu_base,178,167
3,5,cpu_base,179,134
3,5,cpu_base,180,138
3,5,cpu_base,181,145
3,5,cpu_base,182,141
3,5,cpu_base,183,140
3,5,cpu_base,184,134
3,5,cpu_base,185,142
3,5,cpu_base,186,151
3,5,cpu_base,187,135
3,5,cpu_base,188,260
3,5,cpu_base,189,271
3,5,cpu_base,190,271
3,5,cpu_base,191,178
3,5,cpu_base,192,153
3,5,cpu_base,193,157
3,5,cpu_base,194,140
3,5,cpu_base,195,135
3,5,cpu_base,196,147
3,5,cpu_base,197,148
3,5,cpu_base,198,148
3,5,cpu_base,199,135
3,5,cpu_base,200,140
3,5,cpu_base,201,144
3,5,cpu_base,202,165
3,5,cpu_base,203,156
3,5,cpu_base,204,138
3,5,cpu_base,205,151
3,5,cpu_base,206,176
3,5,cpu_base,207,135
3,5,cpu_base,208,139
3,5,cpu_base,209,157
3,5,cpu_base,210,153
3,5,cpu_base,211,137
3,5,cpu_base,212,143
3,5,cpu_base,213,154
3,5,cpu_base,214,151
3,5,cpu_base,215,138
3,5,cpu_base,216,143
3,5,cpu_base,217,170
3,5,cpu_base,218,165
3,5,cpu_base,219,143
3,5,cpu_base,220,138
3,5,cpu_base,221,148
3,5,cpu_base,222,139
3,5,cpu_base,223,134
3,5,cpu_base,224,141
3,5,cpu_base,225,336
3,5,cpu_base,226,231
3,5,cpu_base,227,159
3,5,cpu_base,228,211
3,5,cpu_base,229,136
3,5,cpu_base,230,136
3,5,cpu_base,231,155
3,5,cpu_base,232,145
3,5,cpu_base,233,139
3,5,cpu_base,234,134
3,5,cpu_base,235,133
3,5,cpu_base,236,155
3,5,cpu_base,237,175
3,5,cpu_base,238,145
3,5,cpu_base,239,149
3,5,cpu_base,240,147
3,5,cpu_base,241,162
3,5,cpu_base,242,150
3,5,cpu_base,243,158
3,5,cpu_base,244,156
3,5,cpu_base,245,164
3,5,cpu_base,246,155
3,5,cpu_base,247,149
3,5,cpu_base,248,180
3,5,cpu_base,249,166
3,5,cpu_base,250,135
3,5,cpu_base,251,139
3,5,cpu_base,252,142
3,5,cpu_base,253,134
3,5,cpu_base,254,151
3,5,cpu_base,255,146
3,5,cpu_base,256,140
3,5,cpu_base,257,163
3,5,cpu_base,258,134
3,5,cpu_base,259,158
3,5,cpu_base,260,150
3,5,cpu_base,261,140
3,5,cpu_base,262,134
3,5,cpu_base,263,145
3,5,cpu_base,264,135
3,5,cpu_base,265,142
3,5,cpu_base,266,140
3,5,cpu_base,267,136
3,5,cpu_base,268,137
3,5,cpu_base,269,159
3,5,cpu_base,270,243
3,5,cpu_base,271,206
3,5,cpu_base,272,153
3,5,cpu_base,273,150
3,5,cpu_base,274,203
3,5,cpu_base,275,184
3,5,cpu_base,276,267
3,5,cpu_base,277,235
3,5,cpu_base,278,142
3,5,cpu_base,279,153
3,5,cpu_base,280,155
3,5,cpu_base,281,138
3,5,cpu_base,282,139
3,5,cpu_base,283,134
3,5,cpu_base,284,140
3,5,cpu_base,285,135
3,5,cpu_base,286,135
3,5,cpu_base,287,163
3,5,cpu_base,288,149
3,5,cpu_base,289,140
3,5,cpu_base,290,168
3,5,cpu_base,291,136
3,5,cpu_base,292,168
3,5,cpu_base,293,152
3,5,cpu_base,294,153
3,5,cpu_base,295,135
3,5,cpu_base,296,149
3,5,cpu_base,297,141
3,5,cpu_base,298,150
3,5,cpu_base,299,164
3,5,cpu_base,300,184
3,5,cpu_base,301,149
3,5,cpu_base,302,140
3,5,cpu_base,303,147
3,5,cpu_base,304,135
3,5,cpu_base,305,174
3,5,cpu_base,306,171
3,5,cpu_base,307,138
3,5,cpu_base,308,135
3,5,cpu_base,309,134
3,5,cpu_base,310,135
3,5,cpu_base,311,152
3,5,cpu_base,312,153
3,5,cpu_base,313,161
3,5,cpu_base,314,155
3,5,cpu_base,315,141
3,5,cpu_base,316,141
3,5,cpu_base,317,148
3,5,cpu_base,318,216
3,5,cpu_base,319,150
3,5,cpu_base,320,138
3,5,cpu_base,321,136
3,5,cpu_base,322,134
3,5,cpu_base,323,135
3,5,cpu_base,324,342
3,5,cpu_base,325,225
3,5,cpu_base,326,191
3,5,cpu_base,327,147
3,5,cpu_base,328,147
3,5,cpu_base,329,160
3,5,cpu_base,330,155
3,5,cpu_base,331,173
3,5,cpu_base,332,200
3,5,cpu_base,333,253
3,5,cpu_base,334,201
3,5,cpu_base,335,143
3,5,cpu_base,336,156
3,5,cpu_base,337,196
3,5,cpu_base,338,148
3,5,cpu_base,339,182
3,5,cpu_base,340,155
3,5,cpu_base,341,169
3,5,cpu_base,342,147
3,5,cpu_base,343,169
3,5,cpu_base,344,154
3,5,cpu_base,345,157
3,5,cpu_base,346,153
3,5,cpu_base,347,145
3,5,cpu_base,348,143
3,5,cpu_base,349,165
3,5,cpu_base,350,154
3,5,cpu_base,351,148
3,5,cpu_base,352,154
3,5,cpu_base,353,156
3,5,cpu_base,354,154
3,5,cpu_base,355,167
3,5,cpu_base,356,154
3,5,cpu_base,357,189
3,5,cpu_base,358,158
3,5,cpu_base,359,163
3,5,cpu_base,360,139
3,5,cpu_base,361,145
3,5,cpu_base,362,148
3,5,cpu_base,363,177
3,5,cpu_base,364,151
3,5,cpu_base,365,151
3,5,cpu_base,366,148
3,5,cpu_base,367,147
3,5,cpu_base,368,145
3,5,cpu_base,369,159
3,5,cpu_base,370,154
3,5,cpu_base,371,160
3,5,cpu_base,372,188
3,5,cpu_base,373,232
3,5,cpu_base,374,261
3,5,cpu_base,375,233
3,5,cpu_base,376,156
3,5,cpu_base,377,152
3,5,cpu_base,378,148
3,5,cpu_base,379,155
3,5,cpu_base,380,146
3,5,cpu_base,381,155
3,5,cpu_base,382,148
3,5,cpu_base,383,149
3,5,cpu_base,384,148
3,5,cpu_base,385,149
3,5,cpu_base,386,151
3,5,cpu_base,387,161
3,5,cpu_base,388,174
3,5,cpu_base,389,148
3,5,cpu_base,390,151
3,5,cpu_base,391,151
3,5,cpu_base,392,161
3,5,cpu_base,393,143
3,5,cpu_base,394,187
3,5,cpu_base,395,144
3,5,cpu_base,396,150
3,5,cpu_base,397,161
3,5,cpu_base,398,155
3,5,cpu_base,399,150
3,5,cpu_base,400,157
3,5,cpu_base,401,152
3,5,cpu_base,402,149
3,5,cpu_base,403,150
3,5,cpu_base,404,145
3,5,cpu_base,405,152
3,5,cpu_base,406,181
3,5,cpu_base,407,243
3,5,cpu_base,408,156
3,5,cpu_base,409,147
3,5,cpu_base,410,168
3,5,cpu_base,411,190
3,5,cpu_base,412,175
3,5,cpu_base,413,219
3,5,cpu_base,414,219
3,5,cpu_base,415,221
3,5,cpu_base,416,154
3,5,cpu_base,417,360
3,5,cpu_base,418,344
3,5,cpu_base,419,245
3,5,cpu_base,420,265
3,5,cpu_base,421,264
3,5,cpu_base,422,258
3,5,cpu_base,423,275
3,5,cpu_base,424,271
3,5,cpu_base,425,250
3,5,cpu_base,426,258
3,5,cpu_base,427,253
3,5,cpu_base,428,260
3,5,cpu_base,429,247
3,5,cpu_base,430,243
3,5,cpu_base,431,275
3,5,cpu_base,432,236
3,5,cpu_base,433,251
3,5,cpu_base,434,271
3,5,cpu_base,435,268
3,5,cpu_base,436,245
3,5,cpu_base,437,249
3,5,cpu_base,438,281
3,5,cpu_base,439,185
3,5,cpu_base,440,229
3,5,cpu_base,441,213
3,5,cpu_base,442,288
3,5,cpu_base,443,269
3,5,cpu_base,444,278
3,5,cpu_base,445,294
3,5,cpu_base,446,513
3,5,cpu_base,447,233
3,5,cpu_base,448,293
3,5,cpu_base,449,238
3,5,cpu_base,450,252
3,5,cpu_base,451,238
3,5,cpu_base,452,278
3,5,cpu_base,453,259
3,5,cpu_base,454,265
3,5,cpu_base,455,211
3,5,cpu_base,456,234
3,5,cpu_base,457,209
3,5,cpu_base,458,186
3,5,cpu_base,459,207
3,5,cpu_base,460,211
3,5,cpu_base,461,195
3,5,cpu_base,462,186
3,5,cpu_base,463,165
3,5,cpu_base,464,195
3,5,cpu_base,465,193
3,5,cpu_base,466,244
3,5,cpu_base,467,200
3,5,cpu_base,468,210
3,5,cpu_base,469,199
3,5,cpu_base,470,199
3,5,cpu_base,471,189
3,5,cpu_base,472,194
3,5,cpu_base,473,193
3,5,cpu_base,474,173
3,5,cpu_base,475,197
3,5,cpu_base,476,187
3,5,cpu_base,477,177
3,5,cpu_base,478,187
3,5,cpu_base,479,159
3,5,cpu_base,480,183
3,5,cpu_base,481,196
3,5,cpu_base,482,184
3,5,cpu_base,483,199
3,5,cpu_base,484,182
3,5,cpu_base,485,398
3,5,cpu_base,486,183
3,5,cpu_base,487,187
3,5,cpu_base,488,185
3,5,cpu_base,489,275
3,5,cpu_base,490,259
3,5,cpu_base,491,253
3,5,cpu_base,492,217
3,5,cpu_base,493,192
3,5,cpu_base,494,161
3,5,cpu_base,495,161
3,5,cpu_base,496,199
3,5,cpu_base,497,221
3,5,cpu_base,498,201
3,5,cpu_base,499,199
3,5,cpu_base,500,195
3,5,cpu_base,501,197
3,5,cpu_base,502,204
3,5,cpu_base,503,187
3,5,cpu_base,504,258
3,5,cpu_base,505,209
3,5,cpu_base,506,183
3,5,cpu_base,507,217
3,5,cpu_base,508,174
3,5,cpu_base,509,198
3,5,cpu_base,510,244
3,5,cpu_base,511,274
3,5,cpu_base,512,257
3,5,cpu_base,513,248
3,5,cpu_base,514,290
3,5,cpu_base,515,258
3,5,cpu_base,516,259
3,5,cpu_base,517,318
3,5,cpu_base,518,280
3,5,cpu_base,519,273
3,5,cpu_base,520,225
3,5,cpu_base,521,170
3,5,cpu_base,522,163
3,5,cpu_base,523,166
3,5,cpu_base,524,188
3,5,cpu_base,525,187
3,5,cpu_base,526,186
3,5,cpu_base,527,179
3,5,cpu_base,528,187
3,5,cpu_base,529,193
3,5,cpu_base,530,179
3,5,cpu_base,531,202
3,5,cpu_base,532,191
3,5,cpu_base,533,189
3,5,cpu_base,534,190
3,5,cpu_base,535,187
3,5,cpu_base,536,199
3,5,cpu_base,537,193
3,5,cpu_base,538,189
3,5,cpu_base,539,147
3,5,cpu_base,540,180
3,5,cpu_base,541,192
3,5,cpu_base,542,191
3,5,cpu_base,543,204
3,5,cpu_base,544,247
3,5,cpu_base,545,241
3,5,cpu_base,546,263
3,5,cpu_base,547,282
3,5,cpu_base,548,261
3,5,cpu_base,549,468
3,5,cpu_base,550,299
3,5,cpu_base,551,251
3,5,cpu_base,552,234
3,5,cpu_base,553,240
3,5,cpu_base,554,193
3,5,cpu_base,555,294
3,5,cpu_base,556,294
3,5,cpu_base,557,373
3,5,cpu_base,558,259
3,5,cpu_base,559,188
3,5,cpu_base,560,181
3,5,cpu_base,561,219
3,5,cpu_base,562,262
3,5,cpu_base,563,381
3,5,cpu_base,564,249
3,5,cpu_base,565,245
3,5,cpu_base,566,269
3,5,cpu_base,567,337
3,5,cpu_base,568,303
3,5,cpu_base,569,254
3,5,cpu_base,570,258
3,5,cpu_base,571,238
3,5,cpu_base,572,258
3,5,cpu_base,573,194
3,5,cpu_base,574,215
3,5,cpu_base,575,179
3,5,cpu_base,576,163
3,5,cpu_base,577,216
3,5,cpu_base,578,256
3,5,cpu_base,579,246
3,5,cpu_base,580,251
3,5,cpu_base,581,260
3,5,cpu_base,582,261
3,5,cpu_base,583,256
3,5,cpu_base,584,388
3,5,cpu_base,585,423
3,5,cpu_base,586,266
3,5,cpu_base,587,183
3,5,cpu_base,588,231
3,5,cpu_base,589,176
3,5,cpu_base,590,189
3,5,cpu_base,591,194
3,5,cpu_base,592,191
3,5,cpu_base,593,191
3,5,cpu_base,594,200
3,5,cpu_base,595,192
3,5,cpu_base,596,199
3,5,cpu_base,597,176
3,5,cpu_base,598,188
3,5,cpu_base,599,186
3,5,cpu_base,600,203
3,5,cpu_base,601,175
3,5,cpu_base,602,200
3,5,cpu_base,603,182
3,5,cpu_base,604,236
3,5,cpu_base,605,256
3,5,cpu_base,606,206
3,5,cpu_base,607,254
3,5,cpu_base,608,272
3,5,cpu_base,609,196
3,5,cpu_base,610,187
3,5,cpu_base,611,189
3,5,cpu_base,612,180
3,5,cpu_base,613,184
3,5,cpu_base,614,195
3,5,cpu_base,615,190
3,5,cpu_base,616,225
3,5,cpu_base,617,193
3,5,cpu_base,618,205
3,5,cpu_base,619,236
3,5,cpu_base,620,295
3,5,cpu_base,621,547
3,5,cpu_base,622,406
3,5,cpu_base,623,513
3,5,cpu_base,624,310
3,5,cpu_base,625,411
3,5,cpu_base,626,257
3,5,cpu_base,627,253
3,5,cpu_base,628,241
3,5,cpu_base,629,232
3,5,cpu_base,630,243
3,5,cpu_base,631,246
3,5,cpu_base,632,246
3,5,cpu_base,633,261
3,5,cpu_base,634,247
3,5,cpu_base,635,243
3,5,cpu_base,636,265
3,5,cpu_base,637,271
3,5,cpu_base,638,247
3,5,cpu_base,639,264
3,5,cpu_base,640,243
3,5,cpu_base,641,233
3,5,cpu_base,642,288
3,5,cpu_base,643,249
3,5,cpu_base,644,314
3,5,cpu_base,645,190
3,5,cpu_base,646,189
3,5,cpu_base,647,180
3,5,cpu_base,648,221
3,5,cpu_base,649,191
3,5,cpu_base,650,189
3,5,cpu_base,651,200
3,5,cpu_base,652,248
3,5,cpu_base,653,258
3,5,cpu_base,654,283
3,5,cpu_base,655,169
3,5,cpu_base,656,165
3,5,cpu_base,657,209
3,5,cpu_base,658,186
3,5,cpu_base,659,175
3,5,cpu_base,660,200
3,5,cpu_base,661,182
3,5,cpu_base,662,199
3,5,cpu_base,663,195
3,5,cpu_base,664,179
3,5,cpu_base,665,187
3,5,cpu_base,666,185
3,5,cpu_base,667,209
3,5,cpu_base,668,188
3,5,cpu_base,669,234
3,5,cpu_base,670,175
3,5,cpu_base,671,190
3,5,cpu_base,672,164
3,5,cpu_base,673,157
3,5,cpu_base,674,184
3,5,cpu_base,675,179
3,5,cpu_base,676,187
3,5,cpu_base,677,204
3,5,cpu_base,678,194
3,5,cpu_base,679,180
3,5,cpu_base,680,195
3,5,cpu_base,681,180
3,5,cpu_base,682,203
3,5,cpu_base,683,270
3,5,cpu_base,684,278
3,5,cpu_base,685,289
3,5,cpu_base,686,270
3,5,cpu_base,687,282
3,5,cpu_base,688,232
3,5,cpu_base,689,196
3,5,cpu_base,690,256
3,5,cpu_base,691,229
3,5,cpu_base,692,221
3,5,cpu_base,693,231
3,5,cpu_base,694,190
3,5,cpu_base,695,206
3,5,cpu_base,696,211
3,5,cpu_base,697,199
3,5,cpu_base,698,215
3,5,cpu_base,699,192
3,5,cpu_base,700,183
3,5,cpu_base,701,193
3,5,cpu_base,702,197
3,5,cpu_base,703,177
3,5,cpu_base,704,204
3,5,cpu_base,705,187
3,5,cpu_base,706,186
3,5,cpu_base,707,169
3,5,cpu_base,708,194
3,5,cpu_base,709,199
3,5,cpu_base,710,185
3,5,cpu_base,711,197
3,5,cpu_base,712,226
3,5,cpu_base,713,176
3,5,cpu_base,714,200
3,5,cpu_base,715,185
3,5,cpu_base,716,176
3,5,cpu_base,717,287
3,5,cpu_base,718,233
3,5,cpu_base,719,251
3,5,cpu_base,720,256
3,5,cpu_base,721,332
3,5,cpu_base,722,315
3,5,cpu_base,723,296
3,5,cpu_base,724,341
3,5,cpu_base,725,381
3,5,cpu_base,726,277
3,5,cpu_base,727,256
3,5,cpu_base,728,255
3,5,cpu_base,729,267
3,5,cpu_base,730,205
3,5,cpu_base,731,179
3,5,cpu_base,732,173
3,5,cpu_base,733,194
3,5,cpu_base,734,182
3,5,cpu_base,735,180
3,5,cpu_base,736,192
3,5,cpu_base,737,181
3,5,cpu_base,738,192
3,5,cpu_base,739,187
3,5,cpu_base,740,184
3,5,cpu_base,741,194
3,5,cpu_base,742,190
3,5,cpu_base,743,199
3,5,cpu_base,744,167
3,5,cpu_base,745,156
3,5,cpu_base,746,195
3,5,cpu_base,747,185
3,5,cpu_base,748,190
3,5,cpu_base,749,325
3,5,cpu_base,750,222
3,5,cpu_base,751,207
3,5,cpu_base,752,200
3,5,cpu_base,753,197
3,5,cpu_base,754,190
3,5,cpu_base,755,192
3,5,cpu_base,756,194
3,5,cpu_base,757,375
3,5,cpu_base,758,194
3,5,cpu_base,759,173
3,5,cpu_base,760,151
3,5,cpu_base,761,172
3,5,cpu_base,762,196
3,5,cpu_base,763,184
3,5,cpu_base,764,206
3,5,cpu_base,765,197
3,5,cpu_base,766,203
3,5,cpu_base,767,211
3,5,cpu_base,768,225
3,5,cpu_base,769,189
3,5,cpu_base,770,186
3,5,cpu_base,771,191
3,5,cpu_base,772,192
3,5,cpu_base,773,214
3,5,cpu_base,774,212
3,5,cpu_base,775,209
3,5,cpu_base,776,188
3,5,cpu_base,777,220
3,5,cpu_base,778,440
3,5,cpu_base,779,248
3,5,cpu_base,780,216
3,5,cpu_base,781,207
3,5,cpu_base,782,186
3,5,cpu_base,783,198
3,5,cpu_base,784,205
3,5,cpu_base,785,186
3,5,cpu_base,786,190
3,5,cpu_base,787,201
3,5,cpu_base,788,182
3,5,cpu_base,789,201
3,5,cpu_base,790,169
3,5,cpu_base,791,149
3,5,cpu_base,792,182
3,5,cpu_base,793,189
3,5,cpu_base,794,185
3,5,cpu_base,795,191
3,5,cpu_base,796,195
3,5,cpu_base,797,179
3,5,cpu_base,798,210
3,5,cpu_base,799,192
3,5,cpu_base,800,195
3,5,cpu_base,801,184
3,5,cpu_base,802,179
3,5,cpu_base,803,182
3,5,cpu_base,804,191
3,5,cpu_base,805,191
3,5,cpu_base,806,179
3,5,cpu_base,807,192
3,5,cpu_base,808,159
3,5,cpu_base,809,199
3,5,cpu_base,810,175
3,5,cpu_base,811,196
3,5,cpu_base,812,191
3,5,cpu_base,813,206
3,5,cpu_base,814,182
3,5,cpu_base,815,183
3,5,cpu_base,816,192
3,5,cpu_base,817,175
3,5,cpu_base,818,188
3,5,cpu_base,819,187
3,5,cpu_base,820,194
3,5,cpu_base,821,199
3,5,cpu_base,822,185
3,5,cpu_base,823,205
3,5,cpu_base,824,161
3,5,cpu_base,825,147
3,5,cpu_base,826,193
3,5,cpu_base,827,172
3,5,cpu_base,828,204
3,5,cpu_base,829,175
3,5,cpu_base,830,238
3,5,cpu_base,831,209
3,5,cpu_base,832,187
3,5,cpu_base,833,194
3,5,cpu_base,834,190
3,5,cpu_base,835,186
3,5,cpu_base,836,196
3,5,cpu_base,837,191
3,5,cpu_base,838,464
3,5,cpu_base,839,275
3,5,cpu_base,840,418
3,5,cpu_base,841,305
3,5,cpu_base,842,271
3,5,cpu_base,843,282
3,5,cpu_base,844,313
3,5,cpu_base,845,277
3,5,cpu_base,846,274
3,5,cpu_base,847,247
3,5,cpu_base,848,239
3,5,cpu_base,849,238
3,5,cpu_base,850,224
3,5,cpu_base,851,244
3,5,cpu_base,852,419
3,5,cpu_base,853,238
3,5,cpu_base,854,200
3,5,cpu_base,855,176
3,5,cpu_base,856,194
3,5,cpu_base,857,196
3,5,cpu_base,858,202
3,5,cpu_base,859,183
3,5,cpu_base,860,239
3,5,cpu_base,861,196
3,5,cpu_base,862,199
3,5,cpu_base,863,203
3,5,cpu_base,864,177
3,5,cpu_base,865,168
3,5,cpu_base,866,196
3,5,cpu_base,867,197
3,5,cpu_base,868,217
3,5,cpu_base,869,272
3,5,cpu_base,870,247
3,5,cpu_base,871,224
3,5,cpu_base,872,196
3,5,cpu_base,873,210
3,5,cpu_base,874,215
3,5,cpu_base,875,207
3,5,cpu_base,876,215
3,5,cpu_base,877,184
3,5,cpu_base,878,165
3,5,cpu_base,879,190
3,5,cpu_base,880,206
3,5,cpu_base,881,204
3,5,cpu_base,882,204
3,5,cpu_base,883,199
3,5,cpu_base,884,245
3,5,cpu_base,885,240
3,5,cpu_base,886,204
3,5,cpu_base,887,209
3,5,cpu_base,888,198
3,5,cpu_base,889,226
3,5,cpu_base,890,204
3,5,cpu_base,891,165
3,5,cpu_base,892,188
3,5,cpu_base,893,297
3,5,cpu_base,894,217
3,5,cpu_base,895,198
3,5,cpu_base,896,196
3,5,cpu_base,897,188
3,5,cpu_base,898,246
3,5,cpu_base,899,235
3,5,cpu_base,900,299
3,5,cpu_base,901,187
3,5,cpu_base,902,219
3,5,cpu_base,903,176
3,5,cpu_base,904,473
3,5,cpu_base,905,274
3,5,cpu_base,906,267
3,5,cpu_base,907,277
3,5,cpu_base,908,336
3,5,cpu_base,909,274
3,5,cpu_base,910,333
3,5,cpu_base,911,335
3,5,cpu_base,912,246
3,5,cpu_base,913,244
3,5,cpu_base,914,316
3,5,cpu_base,915,305
3,5,cpu_base,916,251
3,5,cpu_base,917,267
3,5,cpu_base,918,272
3,5,cpu_base,919,264
3,5,cpu_base,920,289
3,5,cpu_base,921,289
3,5,cpu_base,922,273
3,5,cpu_base,923,273
3,5,cpu_base,924,254
3,5,cpu_base,925,267
3,5,cpu_base,926,241
3,5,cpu_base,927,248
3,5,cpu_base,928,280
3,5,cpu_base,929,266
3,5,cpu_base,930,289
3,5,cpu_base,931,268
3,5,cpu_base,932,252
3,5,cpu_base,933,184
3,5,cpu_base,934,182
3,5,cpu_base,935,177
3,5,cpu_base,936,164
3,5,cpu_base,937,180
3,5,cpu_base,938,206
3,5,cpu_base,939,192
3,5,cpu_base,940,197
3,5,cpu_base,941,177
3,5,cpu_base,942,186
3,5,cpu_base,943,188
3,5,cpu_base,944,180
3,5,cpu_base,945,185
3,5,cpu_base,946,237
3,5,cpu_base,947,189
3,5,cpu_base,948,191
3,5,cpu_base,949,181
3,5,cpu_base,950,188
3,5,cpu_base,951,185
3,5,cpu_base,952,151
3,5,cpu_base,953,176
3,5,cpu_base,954,246
3,5,cpu_base,955,188
3,5,cpu_base,956,188
3,5,cpu_base,957,202
3,5,cpu_base,958,182
3,5,cpu_base,959,186
3,5,cpu_base,960,178
3,5,cpu_base,961,179
3,5,cpu_base,962,193
3,5,cpu_base,963,221
3,5,cpu_base,964,204
3,5,cpu_base,965,200
3,5,cpu_base,966,261
3,5,cpu_base,967,318
3,5,cpu_base,968,232
3,5,cpu_base,969,175
3,5,cpu_base,970,147
3,5,cpu_base,971,182
3,5,cpu_base,972,173
3,5,cpu_base,973,257
3,5,cpu_base,974,181
3,5,cpu_base,975,165
3,5,cpu_base,976,160
3,5,cpu_base,977,166
3,5,cpu_base,978,156
3,5,cpu_base,979,167
3,5,cpu_base,980,171
3,5,cpu_base,981,179
3,5,cpu_base,982,188
3,5,cpu_base,983,168
3,5,cpu_base,984,168
3,5,cpu_base,985,159
3,5,cpu_base,986,155
3,5,cpu_base,987,166
3,5,cpu_base,988,162
3,5,cpu_base,989,194
3,5,cpu_base,990,171
3,5,cpu_base,991,148
3,5,cpu_base,992,180
3,5,cpu_base,993,146
3,5,cpu_base,994,171
3,5,cpu_base,995,185
3,5,cpu_base,996,163
3,5,cpu_base,997,166
3,5,cpu_base,998,168
3,5,cpu_base,999,160
3,5,serial,0,483
3,5,serial,1,553
3,5,serial,2,546
3,5,serial,3,468
3,5,serial,4,467
3,5,serial,5,467
3,5,serial,6,512
3,5,serial,7,485
3,5,serial,8,479
3,5,serial,9,475
3,5,serial,10,513
3,5,serial,11,1143
3,5,serial,12,531
3,5,serial,13,713
3,5,serial,14,538
3,5,serial,15,488
3,5,serial,16,480
3,5,serial,17,469
3,5,serial,18,472
3,5,serial,19,480
3,5,serial,20,485
3,5,serial,21,487
3,5,serial,22,477
3,5,serial,23,488
3,5,serial,24,483
3,5,serial,25,488
3,5,serial,26,482
3,5,serial,27,482
3,5,serial,28,480
3,5,serial,29,902
3,5,serial,30,550
3,5,serial,31,517
3,5,serial,32,524
3,5,serial,33,550
3,5,serial,34,524
3,5,serial,35,535
3,5,serial,36,525
3,5,serial,37,531
3,5,serial,38,545
3,5,serial,39,528
3,5,serial,40,534
3,5,serial,41,543
3,5,serial,42,519
3,5,serial,43,542
3,5,serial,44,536
3,5,serial,45,517
3,5,serial,46,542
3,5,serial,47,522
3,5,serial,48,528
3,5,serial,49,542
3,5,serial,50,496
3,5,serial,51,573
3,5,serial,52,591
3,5,serial,53,515
3,5,serial,54,500
3,5,serial,55,490
3,5,serial,56,491
3,5,serial,57,482
3,5,serial,58,635
3,5,serial,59,489
3,5,serial,60,497
3,5,serial,61,536
3,5,serial,62,566
3,5,serial,63,532
3,5,serial,64,529
3,5,serial,65,483
3,5,serial,66,530
3,5,serial,67,573
3,5,serial,68,951
3,5,serial,69,492
3,5,serial,70,506
3,5,serial,71,485
3,5,serial,72,483
3,5,serial,73,478
3,5,serial,74,480
3,5,serial,75,485
3,5,serial,76,486
3,5,serial,77,481
3,5,serial,78,480
3,5,serial,79,489
3,5,serial,80,479
3,5,serial,81,477
3,5,serial,82,481
3,5,serial,83,479
3,5,serial,84,488
3,5,serial,85,481
3,5,serial,86,480
3,5,serial,87,516
3,5,serial,88,582
3,5,serial,89,490
3,5,serial,90,482
3,5,serial,91,543
3,5,serial,92,509
3,5,serial,93,478
3,5,serial,94,503
3,5,serial,95,489
3,5,serial,96,487
3,5,serial,97,487
3,5,serial,98,496
3,5,serial,99,483
3,5,serial,100,487
3,5,serial,101,481
3,5,serial,102,493
3,5,serial,103,488
3,5,serial,104,490
3,5,serial,105,486
3,5,serial,106,500
3,5,serial,107,486
3,5,serial,108,484
3,5,serial,109,480
3,5,serial,110,484
3,5,serial,111,511
3,5,serial,112,487
3,5,serial,113,490
3,5,serial,114,481
3,5,serial,115,491
3,5,serial,116,479
3,5,serial,117,483
3,5,serial,118,510
3,5,serial,119,592
3,5,serial,120,544
3,5,serial,121,512
3,5,serial,122,506
3,5,serial,123,500
3,5,serial,124,489
3,5,serial,125,485
3,5,serial,126,476
3,5,serial,127,492
3,5,serial,128,500
3,5,serial,129,490
3,5,serial,130,1179
3,5,serial,131,517
3,5,serial,132,532
3,5,serial,133,525
3,5,serial,134,503
3,5,serial,135,487
3,5,serial,136,496
3,5,serial,137,484
3,5,serial,138,482
3,5,serial,139,494
3,5,serial,140,504
3,5,serial,141,493
3,5,serial,142,484
3,5,serial,143,506
3,5,serial,144,484
3,5,serial,145,488
3,5,serial,146,483
3,5,serial,147,478
3,5,serial,148,486
3,5,serial,149,586
3,5,serial,150,495
3,5,serial,151,544
3,5,serial,152,553
3,5,serial,153,499
3,5,serial,154,511
3,5,serial,155,487
3,5,serial,156,503
3,5,serial,157,509
3,5,serial,158,495
3,5,serial,159,530
3,5,serial,160,476
3,5,serial,161,470
3,5,serial,162,475
3,5,serial,163,480
3,5,serial,164,463
3,5,serial,165,467
3,5,serial,166,510
3,5,serial,167,485
3,5,serial,168,479
3,5,serial,169,480
3,5,serial,170,532
3,5,serial,171,479
3,5,serial,172,472
3,5,serial,173,470
3,5,serial,174,502
3,5,serial,175,488
3,5,serial,176,479
3,5,serial,177,480
3,5,serial,178,479
3,5,serial,179,486
3,5,serial,180,753
3,5,serial,181,522
3,5,serial,182,491
3,5,serial,183,496
3,5,serial,184,489
3,5,serial,185,487
3,5,serial,186,487
3,5,serial,187,483
3,5,serial,188,507
3,5,serial,189,543
3,5,serial,190,507
3,5,serial,191,972
3,5,serial,192,491
3,5,serial,193,493
3,5,serial,194,485
3,5,serial,195,467
3,5,serial,196,494
3,5,serial,197,487
3,5,serial,198,488
3,5,serial,199,523
3,5,serial,200,548
3,5,serial,201,803
3,5,serial,202,533
3,5,serial,203,504
3,5,serial,204,493
3,5,serial,205,490
3,5,serial,206,486
3,5,serial,207,541
3,5,serial,208,483
3,5,serial,209,487
3,5,serial,210,532
3,5,serial,211,519
3,5,serial,212,507
3,5,serial,213,491
3,5,serial,214,489
3,5,serial,215,481
3,5,serial,216,482
3,5,serial,217,488
3,5,serial,218,487
3,5,serial,219,484
3,5,serial,220,484
3,5,serial,221,489
3,5,serial,222,480
3,5,serial,223,484
3,5,serial,224,483
3,5,serial,225,484
3,5,serial,226,490
3,5,serial,227,480
3,5,serial,228,479
3,5,serial,229,487
3,5,serial,230,494
3,5,serial,231,488
3,5,serial,232,510
3,5,serial,233,480
3,5,serial,234,491
3,5,serial,235,496
3,5,serial,236,499
3,5,serial,237,497
3,5,serial,238,488
3,5,serial,239,542
3,5,serial,240,486
3,5,serial,241,478
3,5,serial,242,733
3,5,serial,243,561
3,5,serial,244,520
3,5,serial,245,541
3,5,serial,246,489
3,5,serial,247,527
3,5,serial,248,498
3,5,serial,249,509
3,5,serial,250,512
3,5,serial,251,1185
3,5,serial,252,788
3,5,serial,253,800
3,5,serial,254,522
3,5,serial,255,534
3,5,serial,256,521
3,5,serial,257,498
3,5,serial,258,518
3,5,serial,259,515
3,5,serial,260,496
3,5,serial,261,519
3,5,serial,262,540
3,5,serial,263,515
3,5,serial,264,532
3,5,serial,265,517
3,5,serial,266,515
3,5,serial,267,509
3,5,serial,268,544
3,5,serial,269,674
3,5,serial,270,489
3,5,serial,271,471
3,5,serial,272,487
3,5,serial,273,483
3,5,serial,274,479
3,5,serial,275,484
3,5,serial,276,485
3,5,serial,277,479
3,5,serial,278,484
3,5,serial,279,475
3,5,serial,280,487
3,5,serial,281,477
3,5,serial,282,476
3,5,serial,283,475
3,5,serial,284,487
3,5,serial,285,477
3,5,serial,286,487
3,5,serial,287,483
3,5,serial,288,528
3,5,serial,289,511
3,5,serial,290,468
3,5,serial,291,479
3,5,serial,292,498
3,5,serial,293,624
3,5,serial,294,807
3,5,serial,295,494
3,5,serial,296,512
3,5,serial,297,485
3,5,serial,298,485
3,5,serial,299,644
3,5,serial,300,889
3,5,serial,301,912
3,5,serial,302,982
3,5,serial,303,918
3,5,serial,304,952
3,5,serial,305,986
3,5,serial,306,681
3,5,serial,307,878
3,5,serial,308,613
3,5,serial,309,579
3,5,serial,310,601
3,5,serial,311,912
3,5,serial,312,565
3,5,serial,313,602
3,5,serial,314,652
3,5,serial,315,577
3,5,serial,316,614
3,5,serial,317,567
3,5,serial,318,666
3,5,serial,319,622
3,5,serial,320,758
3,5,serial,321,618
3,5,serial,322,633
3,5,serial,323,542
3,5,serial,324,585
3,5,serial,325,630
3,5,serial,326,591
3,5,serial,327,619
3,5,serial,328,624
3,5,serial,329,840
3,5,serial,330,569
3,5,serial,331,613
3,5,serial,332,949
3,5,serial,333,581
3,5,serial,334,613
3,5,serial,335,707
3,5,serial,336,991
3,5,serial,337,855
3,5,serial,338,628
3,5,serial,339,858
3,5,serial,340,607
3,5,serial,341,567
3,5,serial,342,595
3,5,serial,343,627
3,5,serial,344,622
3,5,serial,345,579
3,5,serial,346,582
3,5,serial,347,595
3,5,serial,348,561
3,5,serial,349,502
3,5,serial,350,554
3,5,serial,351,544
3,5,serial,352,516
3,5,serial,353,477
3,5,serial,354,493
3,5,serial,355,487
3,5,serial,356,499
3,5,serial,357,548
3,5,serial,358,513
3,5,serial,359,495
3,5,serial,360,556
3,5,serial,361,485
3,5,serial,362,491
3,5,serial,363,492
3,5,serial,364,538
3,5,serial,365,484
3,5,serial,366,502
3,5,serial,367,516
3,5,serial,368,486
3,5,serial,369,495
3,5,serial,370,479
3,5,serial,371,487
3,5,serial,372,480
3,5,serial,373,527
3,5,serial,374,706
3,5,serial,375,702
3,5,serial,376,627
3,5,serial,377,657
3,5,serial,378,704
3,5,serial,379,848
3,5,serial,380,657
3,5,serial,381,832
3,5,serial,382,901
3,5,serial,383,861
3,5,serial,384,826
3,5,serial,385,633
3,5,serial,386,650
3,5,serial,387,869
3,5,serial,388,875
3,5,serial,389,854
3,5,serial,390,818
3,5,serial,391,680
3,5,serial,392,1020
3,5,serial,393,586
3,5,serial,394,734
3,5,serial,395,588
3,5,serial,396,594
3,5,serial,397,581
3,5,serial,398,604
3,5,serial,399,572
3,5,serial,400,599
3,5,serial,401,899
3,5,serial,402,803
3,5,serial,403,672
3,5,serial,404,535
3,5,serial,405,523
3,5,serial,406,592
3,5,serial,407,551
3,5,serial,408,530
3,5,serial,409,553
3,5,serial,410,623
3,5,serial,411,592
3,5,serial,412,674
3,5,serial,413,602
3,5,serial,414,582
3,5,serial,415,595
3,5,serial,416,583
3,5,serial,417,594
3,5,serial,418,608
3,5,serial,419,1208
3,5,serial,420,669
3,5,serial,421,580
3,5,serial,422,615
3,5,serial,423,620
3,5,serial,424,584
3,5,serial,425,662
3,5,serial,426,585
3,5,serial,427,647
3,5,serial,428,591
3,5,serial,429,567
3,5,serial,430,585
3,5,serial,431,590
3,5,serial,432,555
3,5,serial,433,590
3,5,serial,434,551
3,5,serial,435,534
3,5,serial,436,605
3,5,serial,437,599
3,5,serial,438,522
3,5,serial,439,589
3,5,serial,440,560
3,5,serial,441,646
3,5,serial,442,630
3,5,serial,443,613
3,5,serial,444,971
3,5,serial,445,580
3,5,serial,446,564
3,5,serial,447,614
3,5,serial,448,902
3,5,serial,449,595
3,5,serial,450,634
3,5,serial,451,637
3,5,serial,452,900
3,5,serial,453,576
3,5,serial,454,923
3,5,serial,455,851
3,5,serial,456,548
3,5,serial,457,553
3,5,serial,458,548
3,5,serial,459,583
3,5,serial,460,574
3,5,serial,461,636
3,5,serial,462,866
3,5,serial,463,564
3,5,serial,464,612
3,5,serial,465,598
3,5,serial,466,938
3,5,serial,467,692
3,5,serial,468,699
3,5,serial,469,650
3,5,serial,470,897
3,5,serial,471,612
3,5,serial,472,612
3,5,serial,473,953
3,5,serial,474,658
3,5,serial,475,894
3,5,serial,476,861
3,5,serial,477,559
3,5,serial,478,921
3,5,serial,479,593
3,5,serial,480,891
3,5,serial,481,633
3,5,serial,482,934
3,5,serial,483,600
3,5,serial,484,547
3,5,serial,485,516
3,5,serial,486,559
3,5,serial,487,538
3,5,serial,488,584
3,5,serial,489,548
3,5,serial,490,552
3,5,serial,491,754
3,5,serial,492,642
3,5,serial,493,693
3,5,serial,494,659
3,5,serial,495,629
3,5,serial,496,643
3,5,serial,497,652
3,5,serial,498,1090
3,5,serial,499,597
3,5,serial,500,653
3,5,serial,501,683
3,5,serial,502,679
3,5,serial,503,908
3,5,serial,504,604
3,5,serial,505,631
3,5,serial,506,619
3,5,serial,507,590
3,5,serial,508,617
3,5,serial,509,947
3,5,serial,510,931
3,5,serial,511,670
3,5,serial,512,869
3,5,serial,513,677
3,5,serial,514,561
3,5,serial,515,546
3,5,serial,516,610
3,5,serial,517,537
3,5,serial,518,592
3,5,serial,519,579
3,5,serial,520,537
3,5,serial,521,526
3,5,serial,522,527
3,5,serial,523,562
3,5,serial,524,555
3,5,serial,525,572
3,5,serial,526,574
3,5,serial,527,538
3,5,serial,528,528
3,5,serial,529,562
3,5,serial,530,561
3,5,serial,531,618
3,5,serial,532,549
3,5,serial,533,545
3,5,serial,534,518
3,5,serial,535,561
3,5,serial,536,561
3,5,serial,537,569
3,5,serial,538,655
3,5,serial,539,587
3,5,serial,540,1316
3,5,serial,541,756
3,5,serial,542,606
3,5,serial,543,605
3,5,serial,544,597
3,5,serial,545,689
3,5,serial,546,571
3,5,serial,547,608
3,5,serial,548,592
3,5,serial,549,578
3,5,serial,550,631
3,5,serial,551,608
3,5,serial,552,505
3,5,serial,553,474
3,5,serial,554,510
3,5,serial,555,464
3,5,serial,556,497
3,5,serial,557,492
3,5,serial,558,480
3,5,serial,559,488
3,5,serial,560,490
3,5,serial,561,467
3,5,serial,562,472
3,5,serial,563,472
3,5,serial,564,488
3,5,serial,565,490
3,5,serial,566,479
3,5,serial,567,480
3,5,serial,568,645
3,5,serial,569,545
3,5,serial,570,507
3,5,serial,571,538
3,5,serial,572,497
3,5,serial,573,528
3,5,serial,574,537
3,5,serial,575,541
3,5,serial,576,595
3,5,serial,577,850
3,5,serial,578,519
3,5,serial,579,491
3,5,serial,580,504
3,5,serial,581,495
3,5,serial,582,491
3,5,serial,583,489
3,5,serial,584,496
3,5,serial,585,491
3,5,serial,586,489
3,5,serial,587,519
3,5,serial,588,510
3,5,serial,589,494
3,5,serial,590,498
3,5,serial,591,491
3,5,serial,592,493
3,5,serial,593,490
3,5,serial,594,485
3,5,serial,595,485
3,5,serial,596,486
3,5,serial,597,494
3,5,serial,598,627
3,5,serial,599,515
3,5,serial,600,477
3,5,serial,601,519
3,5,serial,602,485
3,5,serial,603,548
3,5,serial,604,498
3,5,serial,605,615
3,5,serial,606,640
3,5,serial,607,528
3,5,serial,608,487
3,5,serial,609,486
3,5,serial,610,491
3,5,serial,611,499
3,5,serial,612,493
3,5,serial,613,495
3,5,serial,614,490
3,5,serial,615,486
3,5,serial,616,481
3,5,serial,617,491
3,5,serial,618,500
3,5,serial,619,503
3,5,serial,620,490
3,5,serial,621,499
3,5,serial,622,496
3,5,serial,623,477
3,5,serial,624,476
3,5,serial,625,497
3,5,serial,626,485
3,5,serial,627,482
3,5,serial,628,476
3,5,serial,629,479
3,5,serial,630,536
3,5,serial,631,491
3,5,serial,632,495
3,5,serial,633,489
3,5,serial,634,492
3,5,serial,635,488
3,5,serial,636,486
3,5,serial,637,494
3,5,serial,638,481
3,5,serial,639,481
3,5,serial,640,484
3,5,serial,641,491
3,5,serial,642,495
3,5,serial,643,485
3,5,serial,644,486
3,5,serial,645,489
3,5,serial,646,489
3,5,serial,647,484
3,5,serial,648,489
3,5,serial,649,488
3,5,serial,650,491
3,5,serial,651,488
3,5,serial,652,489
3,5,serial,653,488
3,5,serial,654,488
3,5,serial,655,543
3,5,serial,656,483
3,5,serial,657,489
3,5,serial,658,507
3,5,serial,659,483
3,5,serial,660,484
3,5,serial,661,750
3,5,serial,662,622
3,5,serial,663,615
3,5,serial,664,505
3,5,serial,665,501
3,5,serial,666,547
3,5,serial,667,769
3,5,serial,668,482
3,5,serial,669,482
3,5,serial,670,485
3,5,serial,671,501
3,5,serial,672,488
3,5,serial,673,484
3,5,serial,674,483
3,5,serial,675,480
3,5,serial,676,479
3,5,serial,677,480
3,5,serial,678,483
3,5,serial,679,488
3,5,serial,680,481
3,5,serial,681,481
3,5,serial,682,481
3,5,serial,683,483
3,5,serial,684,488
3,5,serial,685,490
3,5,serial,686,486
3,5,serial,687,483
3,5,serial,688,487
3,5,serial,689,490
3,5,serial,690,480
3,5,serial,691,480
3,5,serial,692,631
3,5,serial,693,647
3,5,serial,694,694
3,5,serial,695,517
3,5,serial,696,508
3,5,serial,697,495
3,5,serial,698,493
3,5,serial,699,478
3,5,serial,700,474
3,5,serial,701,531
3,5,serial,702,530
3,5,serial,703,487
3,5,serial,704,508
3,5,serial,705,497
3,5,serial,706,499
3,5,serial,707,495
3,5,serial,708,503
3,5,serial,709,507
3,5,serial,710,490
3,5,serial,711,497
3,5,serial,712,508
3,5,serial,713,477
3,5,serial,714,481
3,5,serial,715,492
3,5,serial,716,491
3,5,serial,717,515
3,5,serial,718,482
3,5,serial,719,490
3,5,serial,720,490
3,5,serial,721,483
3,5,serial,722,678
3,5,serial,723,553
3,5,serial,724,575
3,5,serial,725,560
3,5,serial,726,617
3,5,serial,727,613
3,5,serial,728,623
3,5,serial,729,604
3,5,serial,730,615
3,5,serial,731,572
3,5,serial,732,652
3,5,serial,733,810
3,5,serial,734,615
3,5,serial,735,571
3,5,serial,736,584
3,5,serial,737,907
3,5,serial,738,604
3,5,serial,739,601
3,5,serial,740,618
3,5,serial,741,916
3,5,serial,742,606
3,5,serial,743,557
3,5,serial,744,572
3,5,serial,745,934
3,5,serial,746,685
3,5,serial,747,660
3,5,serial,748,654
3,5,serial,749,623
3,5,serial,750,700
3,5,serial,751,653
3,5,serial,752,661
3,5,serial,753,938
3,5,serial,754,843
3,5,serial,755,636
3,5,serial,756,629
3,5,serial,757,717
3,5,serial,758,643
3,5,serial,759,618
3,5,serial,760,581
3,5,serial,761,595
3,5,serial,762,623
3,5,serial,763,544
3,5,serial,764,527
3,5,serial,765,532
3,5,serial,766,613
3,5,serial,767,581
3,5,serial,768,588
3,5,serial,769,607
3,5,serial,770,614
3,5,serial,771,574
3,5,serial,772,584
3,5,serial,773,619
3,5,serial,774,595
3,5,serial,775,669
3,5,serial,776,677
3,5,serial,777,648
3,5,serial,778,588
3,5,serial,779,565
3,5,serial,780,580
3,5,serial,781,602
3,5,serial,782,623
3,5,serial,783,599
3,5,serial,784,605
3,5,serial,785,673
3,5,serial,786,673
3,5,serial,787,751
3,5,serial,788,673
3,5,serial,789,1688
3,5,serial,790,962
3,5,serial,791,837
3,5,serial,792,693
3,5,serial,793,627
3,5,serial,794,710
3,5,serial,795,607
3,5,serial,796,618
3,5,serial,797,629
3,5,serial,798,631
3,5,serial,799,734
3,5,serial,800,723
3,5,serial,801,680
3,5,serial,802,598
3,5,serial,803,616
3,5,serial,804,627
3,5,serial,805,621
3,5,serial,806,720
3,5,serial,807,820
3,5,serial,808,777
3,5,serial,809,667
3,5,serial,810,627
3,5,serial,811,768
3,5,serial,812,639
3,5,serial,813,789
3,5,serial,814,712
3,5,serial,815,677
3,5,serial,816,784
3,5,serial,817,707
3,5,serial,818,651
3,5,serial,819,737
3,5,serial,820,1143
3,5,serial,821,654
3,5,serial,822,578
3,5,serial,823,592
3,5,serial,824,523
3,5,serial,825,589
3,5,serial,826,582
3,5,serial,827,588
3,5,serial,828,594
3,5,serial,829,603
3,5,serial,830,608
3,5,serial,831,573
3,5,serial,832,623
3,5,serial,833,613
3,5,serial,834,583
3,5,serial,835,565
3,5,serial,836,553
3,5,serial,837,648
3,5,serial,838,597
3,5,serial,839,670
3,5,serial,840,659
3,5,serial,841,969
3,5,serial,842,680
3,5,serial,843,959
3,5,serial,844,712
3,5,serial,845,709
3,5,serial,846,693
3,5,serial,847,706
3,5,serial,848,1017
3,5,serial,849,970
3,5,serial,850,643
3,5,serial,851,933
3,5,serial,852,862
3,5,serial,853,620
3,5,serial,854,688
3,5,serial,855,893
3,5,serial,856,800
3,5,serial,857,617
3,5,serial,858,641
3,5,serial,859,712
3,5,serial,860,825
3,5,serial,861,681
3,5,serial,862,609
3,5,serial,863,687
3,5,serial,864,916
3,5,serial,865,864
3,5,serial,866,1313
3,5,serial,867,951
3,5,serial,868,621
3,5,serial,869,913
3,5,serial,870,629
3,5,serial,871,660
3,5,serial,872,735
3,5,serial,873,766
3,5,serial,874,1032
3,5,serial,875,898
3,5,serial,876,620
3,5,serial,877,735
3,5,serial,878,716
3,5,serial,879,638
3,5,serial,880,610
3,5,serial,881,624
3,5,serial,882,609
3,5,serial,883,664
3,5,serial,884,866
3,5,serial,885,549
3,5,serial,886,573
3,5,serial,887,621
3,5,serial,888,612
3,5,serial,889,674
3,5,serial,890,605
3,5,serial,891,627
3,5,serial,892,662
3,5,serial,893,634
3,5,serial,894,599
3,5,serial,895,615
3,5,serial,896,641
3,5,serial,897,637
3,5,serial,898,753
3,5,serial,899,1057
3,5,serial,900,894
3,5,serial,901,735
3,5,serial,902,1034
3,5,serial,903,643
3,5,serial,904,604
3,5,serial,905,574
3,5,serial,906,724
3,5,serial,907,589
3,5,serial,908,611
3,5,serial,909,551
3,5,serial,910,576
3,5,serial,911,677
3,5,serial,912,624
3,5,serial,913,698
3,5,serial,914,577
3,5,serial,915,600
3,5,serial,916,555
3,5,serial,917,609
3,5,serial,918,542
3,5,serial,919,536
3,5,serial,920,589
3,5,serial,921,559
3,5,serial,922,549
3,5,serial,923,561
3,5,serial,924,542
3,5,serial,925,526
3,5,serial,926,599
3,5,serial,927,541
3,5,serial,928,548
3,5,serial,929,529
3,5,serial,930,639
3,5,serial,931,598
3,5,serial,932,586
3,5,serial,933,572
3,5,serial,934,554
3,5,serial,935,569
3,5,serial,936,567
3,5,serial,937,558
3,5,serial,938,580
3,5,serial,939,557
3,5,serial,940,550
3,5,serial,941,549
3,5,serial,942,573
3,5,serial,943,588
3,5,serial,944,552
3,5,serial,945,558
3,5,serial,946,564
3,5,serial,947,536
3,5,serial,948,590
3,5,serial,949,564
3,5,serial,950,584
3,5,serial,951,564
3,5,serial,952,928
3,5,serial,953,643
3,5,serial,954,596
3,5,serial,955,642
3,5,serial,956,564
3,5,serial,957,602
3,5,serial,958,663
3,5,serial,959,632
3,5,serial,960,647
3,5,serial,961,928
3,5,serial,962,687
3,5,serial,963,902
3,5,serial,964,525
3,5,serial,965,473
3,5,serial,966,470
3,5,serial,967,502
3,5,serial,968,504
3,5,serial,969,485
3,5,serial,970,500
3,5,serial,971,498
3,5,serial,972,480
3,5,serial,973,485
3,5,serial,974,480
3,5,serial,975,486
3,5,serial,976,484
3,5,serial,977,478
3,5,serial,978,549
3,5,serial,979,515
3,5,serial,980,511
3,5,serial,981,509
3,5,serial,982,506
3,5,serial,983,532
3,5,serial,984,494
3,5,serial,985,495
3,5,serial,986,492
3,5,serial,987,481
3,5,serial,988,485
3,5,serial,989,480
3,5,serial,990,487
3,5,serial,991,495
3,5,serial,992,487
3,5,serial,993,480
3,5,serial,994,476
3,5,serial,995,481
3,5,serial,996,483
3,5,serial,997,477
3,5,serial,998,481
3,5,serial,999,509
3,5,concurrent,0,498
3,5,concurrent,1,515
3,5,concurrent,2,500
3,5,concurrent,3,559
3,5,concurrent,4,697
3,5,concurrent,5,723
3,5,concurrent,6,607
3,5,concurrent,7,538
3,5,concurrent,8,554
3,5,concurrent,9,537
3,5,concurrent,10,554
3,5,concurrent,11,565
3,5,concurrent,12,553
3,5,concurrent,13,557
3,5,concurrent,14,580
3,5,concurrent,15,764
3,5,concurrent,16,551
3,5,concurrent,17,494
3,5,concurrent,18,522
3,5,concurrent,19,522
3,5,concurrent,20,519
3,5,concurrent,21,495
3,5,concurrent,22,523
3,5,concurrent,23,508
3,5,concurrent,24,927
3,5,concurrent,25,577
3,5,concurrent,26,464
3,5,concurrent,27,448
3,5,concurrent,28,476
3,5,concurrent,29,506
3,5,concurrent,30,476
3,5,concurrent,31,494
3,5,concurrent,32,496
3,5,concurrent,33,488
3,5,concurrent,34,489
3,5,concurrent,35,503
3,5,concurrent,36,500
3,5,concurrent,37,492
3,5,concurrent,38,491
3,5,concurrent,39,494
3,5,concurrent,40,492
3,5,concurrent,41,506
3,5,concurrent,42,470
3,5,concurrent,43,484
3,5,concurrent,44,492
3,5,concurrent,45,510
3,5,concurrent,46,797
3,5,concurrent,47,578
3,5,concurrent,48,529
3,5,concurrent,49,504
3,5,concurrent,50,498
3,5,concurrent,51,509
3,5,concurrent,52,555
3,5,concurrent,53,564
3,5,concurrent,54,589
3,5,concurrent,55,558
3,5,concurrent,56,558
3,5,concurrent,57,577
3,5,concurrent,58,569
3,5,concurrent,59,564
3,5,concurrent,60,562
3,5,concurrent,61,622
3,5,concurrent,62,563
3,5,concurrent,63,557
3,5,concurrent,64,556
3,5,concurrent,65,558
3,5,concurrent,66,555
3,5,concurrent,67,560
3,5,concurrent,68,566
3,5,concurrent,69,630
3,5,concurrent,70,560
3,5,concurrent,71,558
3,5,concurrent,72,549
3,5,concurrent,73,637
3,5,concurrent,74,584
3,5,concurrent,75,489
3,5,concurrent,76,512
3,5,concurrent,77,522
3,5,concurrent,78,491
3,5,concurrent,79,528
3,5,concurrent,80,517
3,5,concurrent,81,983
3,5,concurrent,82,562
3,5,concurrent,83,515
3,5,concurrent,84,542
3,5,concurrent,85,528
3,5,concurrent,86,523
3,5,concurrent,87,521
3,5,concurrent,88,530
3,5,concurrent,89,538
3,5,concurrent,90,541
3,5,concurrent,91,684
3,5,concurrent,92,536
3,5,concurrent,93,626
3,5,concurrent,94,550
3,5,concurrent,95,500
3,5,concurrent,96,496
3,5,concurrent,97,525
3,5,concurrent,98,516
3,5,concurrent,99,502
3,5,concurrent,100,510
3,5,concurrent,101,502
3,5,concurrent,102,642
3,5,concurrent,103,534
3,5,concurrent,104,509
3,5,concurrent,105,482
3,5,concurrent,106,506
3,5,concurrent,107,533
3,5,concurrent,108,515
3,5,concurrent,109,503
3,5,concurrent,110,467
3,5,concurrent,111,522
3,5,concurrent,112,588
3,5,concurrent,113,574
3,5,concurrent,114,559
3,5,concurrent,115,559
3,5,concurrent,116,555
3,5,concurrent,117,563
3,5,concurrent,118,511
3,5,concurrent,119,559
3,5,concurrent,120,552
3,5,concurrent,121,556
3,5,concurrent,122,567
3,5,concurrent,123,557
3,5,concurrent,124,560
3,5,concurrent,125,562
3,5,concurrent,126,563
3,5,concurrent,127,564
3,5,concurrent,128,527
3,5,concurrent,129,542
3,5,concurrent,130,664
3,5,concurrent,131,535
3,5,concurrent,132,537
3,5,concurrent,133,646
3,5,concurrent,134,538
3,5,concurrent,135,491
3,5,concurrent,136,488
3,5,concurrent,137,451
3,5,concurrent,138,465
3,5,concurrent,139,473
3,5,concurrent,140,652
3,5,concurrent,141,478
3,5,concurrent,142,492
3,5,concurrent,143,463
3,5,concurrent,144,456
3,5,concurrent,145,457
3,5,concurrent,146,477
3,5,concurrent,147,474
3,5,concurrent,148,489
3,5,concurrent,149,489
3,5,concurrent,150,502
3,5,concurrent,151,490
3,5,concurrent,152,500
3,5,concurrent,153,499
3,5,concurrent,154,495
3,5,concurrent,155,491
3,5,concurrent,156,507
3,5,concurrent,157,505
3,5,concurrent,158,486
3,5,concurrent,159,544
3,5,concurrent,160,514
3,5,concurrent,161,585
3,5,concurrent,162,740
3,5,concurrent,163,1056
3,5,concurrent,164,963
3,5,concurrent,165,587
3,5,concurrent,166,647
3,5,concurrent,167,681
3,5,concurrent,168,878
3,5,concurrent,169,1225
3,5,concurrent,170,793
3,5,concurrent,171,589
3,5,concurrent,172,628
3,5,concurrent,173,857
3,5,concurrent,174,933
3,5,concurrent,175,617
3,5,concurrent,176,600
3,5,concurrent,177,620
3,5,concurrent,178,590
3,5,concurrent,179,596
3,5,concurrent,180,606
3,5,concurrent,181,601
3,5,concurrent,182,605
3,5,concurrent,183,716
3,5,concurrent,184,615
3,5,concurrent,185,653
3,5,concurrent,186,593
3,5,concurrent,187,643
3,5,concurrent,188,637
3,5,concurrent,189,634
3,5,concurrent,190,885
3,5,concurrent,191,1137
3,5,concurrent,192,889
3,5,concurrent,193,632
3,5,concurrent,194,847
3,5,concurrent,195,1055
3,5,concurrent,196,1096
3,5,concurrent,197,1095
3,5,concurrent,198,829
3,5,concurrent,199,659
3,5,concurrent,200,646
3,5,concurrent,201,745
3,5,concurrent,202,616
3,5,concurrent,203,817
3,5,concurrent,204,608
3,5,concurrent,205,640
3,5,concurrent,206,657
3,5,concurrent,207,798
3,5,concurrent,208,582
3,5,concurrent,209,564
3,5,concurrent,210,597
3,5,concurrent,211,572
3,5,concurrent,212,560
3,5,concurrent,213,640
3,5,concurrent,214,626
3,5,concurrent,215,639
3,5,concurrent,216,679
3,5,concurrent,217,638
3,5,concurrent,218,672
3,5,concurrent,219,604
3,5,concurrent,220,596
3,5,concurrent,221,618
3,5,concurrent,222,654
3,5,concurrent,223,651
3,5,concurrent,224,908
3,5,concurrent,225,875
3,5,concurrent,226,577
3,5,concurrent,227,908
3,5,concurrent,228,600
3,5,concurrent,229,565
3,5,concurrent,230,637
3,5,concurrent,231,594
3,5,concurrent,232,564
3,5,concurrent,233,663
3,5,concurrent,234,635
3,5,concurrent,235,787
3,5,concurrent,236,598
3,5,concurrent,237,1221
3,5,concurrent,238,697
3,5,concurrent,239,722
3,5,concurrent,240,818
3,5,concurrent,241,698
3,5,concurrent,242,589
3,5,concurrent,243,500
3,5,concurrent,244,467
3,5,concurrent,245,563
3,5,concurrent,246,556
3,5,concurrent,247,571
3,5,concurrent,248,498
3,5,concurrent,249,665
3,5,concurrent,250,788
3,5,concurrent,251,615
3,5,concurrent,252,576
3,5,concurrent,253,641
3,5,concurrent,254,516
3,5,concurrent,255,529
3,5,concurrent,256,559
3,5,concurrent,257,519
3,5,concurrent,258,557
3,5,concurrent,259,556
3,5,concurrent,260,533
3,5,concurrent,261,555
3,5,concurrent,262,546
3,5,concurrent,263,530
3,5,concurrent,264,560
3,5,concurrent,265,524
3,5,concurrent,266,474
3,5,concurrent,267,529
3,5,concurrent,268,548
3,5,concurrent,269,570
3,5,concurrent,270,582
3,5,concurrent,271,622
3,5,concurrent,272,560
3,5,concurrent,273,523
3,5,concurrent,274,521
3,5,concurrent,275,545
3,5,concurrent,276,631
3,5,concurrent,277,488
3,5,concurrent,278,676
3,5,concurrent,279,492
3,5,concurrent,280,569
3,5,concurrent,281,578
3,5,concurrent,282,535
3,5,concurrent,283,483
3,5,concurrent,284,532
3,5,concurrent,285,510
3,5,concurrent,286,568
3,5,concurrent,287,469
3,5,concurrent,288,547
3,5,concurrent,289,571
3,5,concurrent,290,597
3,5,concurrent,291,640
3,5,concurrent,292,670
3,5,concurrent,293,624
3,5,concurrent,294,634
3,5,concurrent,295,640
3,5,concurrent,296,861
3,5,concurrent,297,819
3,5,concurrent,298,826
3,5,concurrent,299,899
3,5,concurrent,300,660
3,5,concurrent,301,668
3,5,concurrent,302,628
3,5,concurrent,303,1146
3,5,concurrent,304,612
3,5,concurrent,305,649
3,5,concurrent,306,565
3,5,concurrent,307,554
3,5,concurrent,308,614
3,5,concurrent,309,545
3,5,concurrent,310,557
3,5,concurrent,311,578
3,5,concurrent,312,581
3,5,concurrent,313,585
3,5,concurrent,314,552
3,5,concurrent,315,579
3,5,concurrent,316,577
3,5,concurrent,317,596
3,5,concurrent,318,583
3,5,concurrent,319,582
3,5,concurrent,320,576
3,5,concurrent,321,598
3,5,concurrent,322,624
3,5,concurrent,323,589
3,5,concurrent,324,584
3,5,concurrent,325,578
3,5,concurrent,326,634
3,5,concurrent,327,697
3,5,concurrent,328,702
3,5,concurrent,329,684
3,5,concurrent,330,821
3,5,concurrent,331,815
3,5,concurrent,332,13258
3,5,concurrent,333,8112
3,5,concurrent,334,582
3,5,concurrent,335,528
3,5,concurrent,336,517
3,5,concurrent,337,487
3,5,concurrent,338,525
3,5,concurrent,339,512
3,5,concurrent,340,538
3,5,concurrent,341,522
3,5,concurrent,342,572
3,5,concurrent,343,511
3,5,concurrent,344,502
3,5,concurrent,345,511
3,5,concurrent,346,494
3,5,concurrent,347,569
3,5,concurrent,348,523
3,5,concurrent,349,1246
3,5,concurrent,350,702
3,5,concurrent,351,731
3,5,concurrent,352,1181
3,5,concurrent,353,785
3,5,concurrent,354,723
3,5,concurrent,355,721
3,5,concurrent,356,667
3,5,concurrent,357,640
3,5,concurrent,358,681
3,5,concurrent,359,685
3,5,concurrent,360,768
3,5,concurrent,361,642
3,5,concurrent,362,633
3,5,concurrent,363,962
3,5,concurrent,364,1264
3,5,concurrent,365,1295
3,5,concurrent,366,956
3,5,concurrent,367,746
3,5,concurrent,368,654
3,5,concurrent,369,618
3,5,concurrent,370,610
3,5,concurrent,371,660
3,5,concurrent,372,821
3,5,concurrent,373,849
3,5,concurrent,374,694
3,5,concurrent,375,627
3,5,concurrent,376,619
3,5,concurrent,377,599
3,5,concurrent,378,874
3,5,concurrent,379,859
3,5,concurrent,380,645
3,5,concurrent,381,613
3,5,concurrent,382,649
3,5,concurrent,383,709
3,5,concurrent,384,541
3,5,concurrent,385,608
3,5,concurrent,386,564
3,5,concurrent,387,562
3,5,concurrent,388,566
3,5,concurrent,389,566
3,5,concurrent,390,557
3,5,concurrent,391,462
3,5,concurrent,392,438
3,5,concurrent,393,437
3,5,concurrent,394,490
3,5,concurrent,395,491
3,5,concurrent,396,477
3,5,concurrent,397,864
3,5,concurrent,398,487
3,5,concurrent,399,528
3,5,concurrent,400,496
3,5,concurrent,401,528
3,5,concurrent,402,499
3,5,concurrent,403,498
3,5,concurrent,404,488
3,5,concurrent,405,513
3,5,concurrent,406,489
3,5,concurrent,407,478
3,5,concurrent,408,484
3,5,concurrent,409,486
3,5,concurrent,410,527
3,5,concurrent,411,483
3,5,concurrent,412,507
3,5,concurrent,413,524
3,5,concurrent,414,511
3,5,concurrent,415,467
3,5,concurrent,416,484
3,5,concurrent,417,487
3,5,concurrent,418,489
3,5,concurrent,419,496
3,5,concurrent,420,486
3,5,concurrent,421,527
3,5,concurrent,422,491
3,5,concurrent,423,479
3,5,concurrent,424,501
3,5,concurrent,425,499
3,5,concurrent,426,500
3,5,concurrent,427,510
3,5,concurrent,428,502
3,5,concurrent,429,487
3,5,concurrent,430,509
3,5,concurrent,431,498
3,5,concurrent,432,485
3,5,concurrent,433,491
3,5,concurrent,434,526
3,5,concurrent,435,490
3,5,concurrent,436,488
3,5,concurrent,437,488
3,5,concurrent,438,516
3,5,concurrent,439,492
3,5,concurrent,440,516
3,5,concurrent,441,506
3,5,concurrent,442,490
3,5,concurrent,443,499
3,5,concurrent,444,507
3,5,concurrent,445,497
3,5,concurrent,446,488
3,5,concurrent,447,500
3,5,concurrent,448,487
3,5,concurrent,449,489
3,5,concurrent,450,497
3,5,concurrent,451,486
3,5,concurrent,452,471
3,5,concurrent,453,870
3,5,concurrent,454,834
3,5,concurrent,455,558
3,5,concurrent,456,532
3,5,concurrent,457,569
3,5,concurrent,458,500
3,5,concurrent,459,492
3,5,concurrent,460,514
3,5,concurrent,461,540
3,5,concurrent,462,523
3,5,concurrent,463,519
3,5,concurrent,464,516
3,5,concurrent,465,528
3,5,concurrent,466,560
3,5,concurrent,467,550
3,5,concurrent,468,528
3,5,concurrent,469,535
3,5,concurrent,470,540
3,5,concurrent,471,561
3,5,concurrent,472,555
3,5,concurrent,473,556
3,5,concurrent,474,566
3,5,concurrent,475,554
3,5,concurrent,476,587
3,5,concurrent,477,542
3,5,concurrent,478,534
3,5,concurrent,479,551
3,5,concurrent,480,640
3,5,concurrent,481,519
3,5,concurrent,482,584
3,5,concurrent,483,543
3,5,concurrent,484,556
3,5,concurrent,485,555
3,5,concurrent,486,583
3,5,concurrent,487,501
3,5,concurrent,488,518
3,5,concurrent,489,471
3,5,concurrent,490,520
3,5,concurrent,491,488
3,5,concurrent,492,488
3,5,concurrent,493,523
3,5,concurrent,494,545
3,5,concurrent,495,581
3,5,concurrent,496,510
3,5,concurrent,497,524
3,5,concurrent,498,534
3,5,concurrent,499,496
3,5,concurrent,500,539
3,5,concurrent,501,632
3,5,concurrent,502,493
3,5,concurrent,503,818
3,5,concurrent,504,812
3,5,concurrent,505,819
3,5,concurrent,506,805
3,5,concurrent,507,726
3,5,concurrent,508,538
3,5,concurrent,509,584
3,5,concurrent,510,614
3,5,concurrent,511,646
3,5,concurrent,512,1068
3,5,concurrent,513,594
3,5,concurrent,514,513
3,5,concurrent,515,548
3,5,concurrent,516,528
3,5,concurrent,517,523
3,5,concurrent,518,521
3,5,concurrent,519,511
3,5,concurrent,520,509
3,5,concurrent,521,520
3,5,concurrent,522,514
3,5,concurrent,523,515
3,5,concurrent,524,509
3,5,concurrent,525,517
3,5,concurrent,526,513
3,5,concurrent,527,525
3,5,concurrent,528,550
3,5,concurrent,529,550
3,5,concurrent,530,492
3,5,concurrent,531,555
3,5,concurrent,532,566
3,5,concurrent,533,556
3,5,concurrent,534,539
3,5,concurrent,535,885
3,5,concurrent,536,642
3,5,concurrent,537,649
3,5,concurrent,538,676
3,5,concurrent,539,703
3,5,concurrent,540,621
3,5,concurrent,541,618
3,5,concurrent,542,596
3,5,concurrent,543,561
3,5,concurrent,544,676
3,5,concurrent,545,846
3,5,concurrent,546,938
3,5,concurrent,547,610
3,5,concurrent,548,617
3,5,concurrent,549,609
3,5,concurrent,550,716
3,5,concurrent,551,609
3,5,concurrent,552,573
3,5,concurrent,553,634
3,5,concurrent,554,630
3,5,concurrent,555,746
3,5,concurrent,556,605
3,5,concurrent,557,560
3,5,concurrent,558,549
3,5,concurrent,559,729
3,5,concurrent,560,559
3,5,concurrent,561,538
3,5,concurrent,562,581
3,5,concurrent,563,954
3,5,concurrent,564,584
3,5,concurrent,565,628
3,5,concurrent,566,652
3,5,concurrent,567,586
3,5,concurrent,568,615
3,5,concurrent,569,657
3,5,concurrent,570,621
3,5,concurrent,571,579
3,5,concurrent,572,640
3,5,concurrent,573,531
3,5,concurrent,574,639
3,5,concurrent,575,705
3,5,concurrent,576,666
3,5,concurrent,577,708
3,5,concurrent,578,608
3,5,concurrent,579,561
3,5,concurrent,580,554
3,5,concurrent,581,520
3,5,concurrent,582,579
3,5,concurrent,583,588
3,5,concurrent,584,790
3,5,concurrent,585,622
3,5,concurrent,586,950
3,5,concurrent,587,1014
3,5,concurrent,588,974
3,5,concurrent,589,600
3,5,concurrent,590,560
3,5,concurrent,591,683
3,5,concurrent,592,625
3,5,concurrent,593,610
3,5,concurrent,594,893
3,5,concurrent,595,789
3,5,concurrent,596,575
3,5,concurrent,597,625
3,5,concurrent,598,567
3,5,concurrent,599,660
3,5,concurrent,600,612
3,5,concurrent,601,615
3,5,concurrent,602,540
3,5,concurrent,603,578
3,5,concurrent,604,607
3,5,concurrent,605,641
3,5,concurrent,606,659
3,5,concurrent,607,821
3,5,concurrent,608,839
3,5,concurrent,609,657
3,5,concurrent,610,548
3,5,concurrent,611,535
3,5,concurrent,612,530
3,5,concurrent,613,611
3,5,concurrent,614,552
3,5,concurrent,615,537
3,5,concurrent,616,510
3,5,concurrent,617,568
3,5,concurrent,618,543
3,5,concurrent,619,532
3,5,concurrent,620,541
3,5,concurrent,621,543
3,5,concurrent,622,511
3,5,concurrent,623,497
3,5,concurrent,624,529
3,5,concurrent,625,581
3,5,concurrent,626,577
3,5,concurrent,627,562
3,5,concurrent,628,872
3,5,concurrent,629,879
3,5,concurrent,630,589
3,5,concurrent,631,567
3,5,concurrent,632,572
3,5,concurrent,633,609
3,5,concurrent,634,833
3,5,concurrent,635,725
3,5,concurrent,636,704
3,5,concurrent,637,619
3,5,concurrent,638,670
3,5,concurrent,639,657
3,5,concurrent,640,706
3,5,concurrent,641,630
3,5,concurrent,642,617
3,5,concurrent,643,551
3,5,concurrent,644,610
3,5,concurrent,645,597
3,5,concurrent,646,649
3,5,concurrent,647,553
3,5,concurrent,648,705
3,5,concurrent,649,566
3,5,concurrent,650,689
3,5,concurrent,651,654
3,5,concurrent,652,569
3,5,concurrent,653,598
3,5,concurrent,654,568
3,5,concurrent,655,687
3,5,concurrent,656,583
3,5,concurrent,657,626
3,5,concurrent,658,621
3,5,concurrent,659,599
3,5,concurrent,660,624
3,5,concurrent,661,604
3,5,concurrent,662,819
3,5,concurrent,663,954
3,5,concurrent,664,862
3,5,concurrent,665,683
3,5,concurrent,666,692
3,5,concurrent,667,818
3,5,concurrent,668,822
3,5,concurrent,669,680
3,5,concurrent,670,634
3,5,concurrent,671,658
3,5,concurrent,672,657
3,5,concurrent,673,591
3,5,concurrent,674,711
3,5,concurrent,675,619
3,5,concurrent,676,605
3,5,concurrent,677,810
3,5,concurrent,678,988
3,5,concurrent,679,831
3,5,concurrent,680,774
3,5,concurrent,681,721
3,5,concurrent,682,668
3,5,concurrent,683,643
3,5,concurrent,684,587
3,5,concurrent,685,646
3,5,concurrent,686,659
3,5,concurrent,687,604
3,5,concurrent,688,586
3,5,concurrent,689,666
3,5,concurrent,690,586
3,5,concurrent,691,550
3,5,concurrent,692,596
3,5,concurrent,693,603
3,5,concurrent,694,652
3,5,concurrent,695,551
3,5,concurrent,696,516
3,5,concurrent,697,574
3,5,concurrent,698,656
3,5,concurrent,699,551
3,5,concurrent,700,548
3,5,concurrent,701,520
3,5,concurrent,702,568
3,5,concurrent,703,583
3,5,concurrent,704,516
3,5,concurrent,705,587
3,5,concurrent,706,1139
3,5,concurrent,707,1149
3,5,concurrent,708,828
3,5,concurrent,709,607
3,5,concurrent,710,852
3,5,concurrent,711,809
3,5,concurrent,712,541
3,5,concurrent,713,684
3,5,concurrent,714,675
3,5,concurrent,715,662
3,5,concurrent,716,910
3,5,concurrent,717,1038
3,5,concurrent,718,972
3,5,concurrent,719,538
3,5,concurrent,720,765
3,5,concurrent,721,1133
3,5,concurrent,722,962
3,5,concurrent,723,639
3,5,concurrent,724,610
3,5,concurrent,725,601
3,5,concurrent,726,705
3,5,concurrent,727,622
3,5,concurrent,728,715
3,5,concurrent,729,802
3,5,concurrent,730,825
3,5,concurrent,731,600
3,5,concurrent,732,618
3,5,concurrent,733,511
3,5,concurrent,734,543
3,5,concurrent,735,621
3,5,concurrent,736,842
3,5,concurrent,737,880
3,5,concurrent,738,628
3,5,concurrent,739,620
3,5,concurrent,740,646
3,5,concurrent,741,566
3,5,concurrent,742,557
3,5,concurrent,743,588
3,5,concurrent,744,646
3,5,concurrent,745,757
3,5,concurrent,746,808
3,5,concurrent,747,605
3,5,concurrent,748,705
3,5,concurrent,749,627
3,5,concurrent,750,676
3,5,concurrent,751,689
3,5,concurrent,752,610
3,5,concurrent,753,682
3,5,concurrent,754,612
3,5,concurrent,755,654
3,5,concurrent,756,604
3,5,concurrent,757,556
3,5,concurrent,758,571
3,5,concurrent,759,535
3,5,concurrent,760,532
3,5,concurrent,761,810
3,5,concurrent,762,1062
3,5,concurrent,763,1197
3,5,concurrent,764,873
3,5,concurrent,765,626
3,5,concurrent,766,664
3,5,concurrent,767,566
3,5,concurrent,768,539
3,5,concurrent,769,571
3,5,concurrent,770,589
3,5,concurrent,771,556
3,5,concurrent,772,674
3,5,concurrent,773,676
3,5,concurrent,774,623
3,5,concurrent,775,648
3,5,concurrent,776,656
3,5,concurrent,777,627
3,5,concurrent,778,660
3,5,concurrent,779,522
3,5,concurrent,780,539
3,5,concurrent,781,526
3,5,concurrent,782,533
3,5,concurrent,783,575
3,5,concurrent,784,553
3,5,concurrent,785,536
3,5,concurrent,786,524
3,5,concurrent,787,524
3,5,concurrent,788,475
3,5,concurrent,789,498
3,5,concurrent,790,523
3,5,concurrent,791,496
3,5,concurrent,792,522
3,5,concurrent,793,526
3,5,concurrent,794,530
3,5,concurrent,795,519
3,5,concurrent,796,521
3,5,concurrent,797,500
3,5,concurrent,798,510
3,5,concurrent,799,532
3,5,concurrent,800,531
3,5,concurrent,801,532
3,5,concurrent,802,576
3,5,concurrent,803,618
3,5,concurrent,804,492
3,5,concurrent,805,483
3,5,concurrent,806,587
3,5,concurrent,807,475
3,5,concurrent,808,476
3,5,concurrent,809,487
3,5,concurrent,810,478
3,5,concurrent,811,457
3,5,concurrent,812,454
3,5,concurrent,813,472
3,5,concurrent,814,510
3,5,concurrent,815,530
3,5,concurrent,816,511
3,5,concurrent,817,534
3,5,concurrent,818,525
3,5,concurrent,819,514
3,5,concurrent,820,517
3,5,concurrent,821,509
3,5,concurrent,822,507
3,5,concurrent,823,539
3,5,concurrent,824,521
3,5,concurrent,825,497
3,5,concurrent,826,546
3,5,concurrent,827,464
3,5,concurrent,828,491
3,5,concurrent,829,469
3,5,concurrent,830,524
3,5,concurrent,831,545
3,5,concurrent,832,549
3,5,concurrent,833,525
3,5,concurrent,834,499
3,5,concurrent,835,523
3,5,concurrent,836,499
3,5,concurrent,837,459
3,5,concurrent,838,499
3,5,concurrent,839,461
3,5,concurrent,840,457
3,5,concurrent,841,452
3,5,concurrent,842,462
3,5,concurrent,843,481
3,5,concurrent,844,494
3,5,concurrent,845,482
3,5,concurrent,846,512
3,5,concurrent,847,511
3,5,concurrent,848,484
3,5,concurrent,849,549
3,5,concurrent,850,535
3,5,concurrent,851,556
3,5,concurrent,852,560
3,5,concurrent,853,583
3,5,concurrent,854,554
3,5,concurrent,855,610
3,5,concurrent,856,550
3,5,concurrent,857,528
3,5,concurrent,858,539
3,5,concurrent,859,529
3,5,concurrent,860,660
3,5,concurrent,861,579
3,5,concurrent,862,626
3,5,concurrent,863,589
3,5,concurrent,864,531
3,5,concurrent,865,479
3,5,concurrent,866,486
3,5,concurrent,867,462
3,5,concurrent,868,494
3,5,concurrent,869,460
3,5,concurrent,870,469
3,5,concurrent,871,443
3,5,concurrent,872,480
3,5,concurrent,873,501
3,5,concurrent,874,482
3,5,concurrent,875,494
3,5,concurrent,876,513
3,5,concurrent,877,592
3,5,concurrent,878,535
3,5,concurrent,879,501
3,5,concurrent,880,491
3,5,concurrent,881,488
3,5,concurrent,882,510
3,5,concurrent,883,509
3,5,concurrent,884,512
3,5,concurrent,885,490
3,5,concurrent,886,486
3,5,concurrent,887,505
3,5,concurrent,888,498
3,5,concurrent,889,499
3,5,concurrent,890,564
3,5,concurrent,891,581
3,5,concurrent,892,509
3,5,concurrent,893,529
3,5,concurrent,894,507
3,5,concurrent,895,528
3,5,concurrent,896,492
3,5,concurrent,897,500
3,5,concurrent,898,499
3,5,concurrent,899,518
3,5,concurrent,900,450
3,5,concurrent,901,460
3,5,concurrent,902,507
3,5,concurrent,903,510
3,5,concurrent,904,504
3,5,concurrent,905,530
3,5,concurrent,906,522
3,5,concurrent,907,491
3,5,concurrent,908,523
3,5,concurrent,909,503
3,5,concurrent,910,509
3,5,concurrent,911,634
3,5,concurrent,912,798
3,5,concurrent,913,465
3,5,concurrent,914,478
3,5,concurrent,915,579
3,5,concurrent,916,472
3,5,concurrent,917,489
3,5,concurrent,918,481
3,5,concurrent,919,477
3,5,concurrent,920,753
3,5,concurrent,921,484
3,5,concurrent,922,857
3,5,concurrent,923,516
3,5,concurrent,924,437
3,5,concurrent,925,506
3,5,concurrent,926,485
3,5,concurrent,927,472
3,5,concurrent,928,530
3,5,concurrent,929,500
3,5,concurrent,930,521
3,5,concurrent,931,503
3,5,concurrent,932,515
3,5,concurrent,933,490
3,5,concurrent,934,542
3,5,concurrent,935,586
3,5,concurrent,936,485
3,5,concurrent,937,483
3,5,concurrent,938,512
3,5,concurrent,939,499
3,5,concurrent,940,511
3,5,concurrent,941,486
3,5,concurrent,942,523
3,5,concurrent,943,505
3,5,concurrent,944,497
3,5,concurrent,945,491
3,5,concurrent,946,488
3,5,concurrent,947,498
3,5,concurrent,948,486
3,5,concurrent,949,482
3,5,concurrent,950,577
3,5,concurrent,951,467
3,5,concurrent,952,524
3,5,concurrent,953,495
3,5,concurrent,954,487
3,5,concurrent,955,486
3,5,concurrent,956,538
3,5,concurrent,957,489
3,5,concurrent,958,480
3,5,concurrent,959,508
3,5,concurrent,960,498
3,5,concurrent,961,485
3,5,concurrent,962,487
3,5,concurrent,963,562
3,5,concurrent,964,507
3,5,concurrent,965,499
3,5,concurrent,966,487
3,5,concurrent,967,436
3,5,concurrent,968,476
3,5,concurrent,969,483
3,5,concurrent,970,454
3,5,concurrent,971,435
3,5,concurrent,972,463
3,5,concurrent,973,479
3,5,concurrent,974,525
3,5,concurrent,975,469
3,5,concurrent,976,527
3,5,concurrent,977,480
3,5,concurrent,978,472
3,5,concurrent,979,462
3,5,concurrent,980,509
3,5,concurrent,981,476
3,5,concurrent,982,668
3,5,concurrent,983,532
3,5,concurrent,984,1195
3,5,concurrent,985,901
3,5,concurrent,986,688
3,5,concurrent,987,470
3,5,concurrent,988,497
3,5,concurrent,989,513
3,5,concurrent,990,499
3,5,concurrent,991,545
3,5,concurrent,992,498
3,5,concurrent,993,532
3,5,concurrent,994,529
3,5,concurrent,995,548
3,5,concurrent,996,496
3,5,concurrent,997,501
3,5,concurrent,998,478
3,5,concurrent,999,514
4,4,cpu_base,0,145
4,4,cpu_base,1,133
4,4,cpu_base,2,134
4,4,cpu_base,3,133
4,4,cpu_base,4,133
4,4,cpu_base,5,142
4,4,cpu_base,6,139
4,4,cpu_base,7,134
4,4,cpu_base,8,136
4,4,cpu_base,9,137
4,4,cpu_base,10,137
4,4,cpu_base,11,134
4,4,cpu_base,12,133
4,4,cpu_base,13,222
4,4,cpu_base,14,136
4,4,cpu_base,15,138
4,4,cpu_base,16,150
4,4,cpu_base,17,135
4,4,cpu_base,18,134
4,4,cpu_base,19,137
4,4,cpu_base,20,135
4,4,cpu_base,21,136
4,4,cpu_base,22,139
4,4,cpu_base,23,144
4,4,cpu_base,24,139
4,4,cpu_base,25,136
4,4,cpu_base,26,140
4,4,cpu_base,27,138
4,4,cpu_base,28,133
4,4,cpu_base,29,137
4,4,cpu_base,30,138
4,4,cpu_base,31,138
4,4,cpu_base,32,134
4,4,cpu_base,33,134
4,4,cpu_base,34,139
4,4,cpu_base,35,134
4,4,cpu_base,36,141
4,4,cpu_base,37,136
4,4,cpu_base,38,140
4,4,cpu_base,39,134
4,4,cpu_base,40,142
4,4,cpu_base,41,167
4,4,cpu_base,42,141
4,4,cpu_base,43,135
4,4,cpu_base,44,138
4,4,cpu_base,45,136
4,4,cpu_base,46,140
4,4,cpu_base,47,135
4,4,cpu_base,48,136
4,4,cpu_base,49,135
4,4,cpu_base,50,141
4,4,cpu_base,51,136
4,4,cpu_base,52,138
4,4,cpu_base,53,148
4,4,cpu_base,54,144
4,4,cpu_base,55,134
4,4,cpu_base,56,137
4,4,cpu_base,57,133
4,4,cpu_base,58,138
4,4,cpu_base,59,134
4,4,cpu_base,60,140
4,4,cpu_base,61,133
4,4,cpu_base,62,134
4,4,cpu_base,63,134
4,4,cpu_base,64,137
4,4,cpu_base,65,134
4,4,cpu_base,66,136
4,4,cpu_base,67,135
4,4,cpu_base,68,134
4,4,cpu_base,69,164
4,4,cpu_base,70,137
4,4,cpu_base,71,136
4,4,cpu_base,72,139
4,4,cpu_base,73,137
4,4,cpu_base,74,137
4,4,cpu_base,75,137
4,4,cpu_base,76,134
4,4,cpu_base,77,134
4,4,cpu_base,78,134
4,4,cpu_base,79,140
4,4,cpu_base,80,135
4,4,cpu_base,81,136
4,4,cpu_base,82,137
4,4,cpu_base,83,139
4,4,cpu_base,84,134
4,4,cpu_base,85,140
4,4,cpu_base,86,133
4,4,cpu_base,87,136
4,4,cpu_base,88,134
4,4,cpu_base,89,136
4,4,cpu_base,90,136
4,4,cpu_base,91,134
4,4,cpu_base,92,134
4,4,cpu_base,93,136
4,4,cpu_base,94,134
4,4,cpu_base,95,137
4,4,cpu_base,96,142
4,4,cpu_base,97,135
4,4,cpu_base,98,140
4,4,cpu_base,99,146
4,4,cpu_base,100,266
4,4,cpu_base,101,180
4,4,cpu_base,102,210
4,4,cpu_base,103,134
4,4,cpu_base,104,134
4,4,cpu_base,105,134
4,4,cpu_base,106,149
4,4,cpu_base,107,145
4,4,cpu_base,108,141
4,4,cpu_base,109,150
4,4,cpu_base,110,138
4,4,cpu_base,111,134
4,4,cpu_base,112,146
4,4,cpu_base,113,134
4,4,cpu_base,114,133
4,4,cpu_base,115,133
4,4,cpu_base,116,137
4,4,cpu_base,117,135
4,4,cpu_base,118,137
4,4,cpu_base,119,133
4,4,cpu_base,120,134
4,4,cpu_base,121,137
4,4,cpu_base,122,137
4,4,cpu_base,123,202
4,4,cpu_base,124,136
4,4,cpu_base,125,133
4,4,cpu_base,126,147
4,4,cpu_base,127,135
4,4,cpu_base,128,134
4,4,cpu_base,129,134
4,4,cpu_base,130,134
4,4,cpu_base,131,134
4,4,cpu_base,132,133
4,4,cpu_base,133,139
4,4,cpu_base,134,133
4,4,cpu_base,135,150
4,4,cpu_base,136,143
4,4,cpu_base,137,140
4,4,cpu_base,138,134
4,4,cpu_base,139,138
4,4,cpu_base,140,133
4,4,cpu_base,141,136
4,4,cpu_base,142,133
4,4,cpu_base,143,133
4,4,cpu_base,144,134
4,4,cpu_base,145,134
4,4,cpu_base,146,137
4,4,cpu_base,147,150
4,4,cpu_base,148,138
4,4,cpu_base,149,134
4,4,cpu_base,150,140
4,4,cpu_base,151,140
4,4,cpu_base,152,138
4,4,cpu_base,153,137
4,4,cpu_base,154,133
4,4,cpu_base,155,134
4,4,cpu_base,156,135
4,4,cpu_base,157,134
4,4,cpu_base,158,134
4,4,cpu_base,159,134
4,4,cpu_base,160,134
4,4,cpu_base,161,136
4,4,cpu_base,162,136
4,4,cpu_base,163,142
4,4,cpu_base,164,138
4,4,cpu_base,165,139
4,4,cpu_base,166,156
4,4,cpu_base,167,135
4,4,cpu_base,168,137
4,4,cpu_base,169,134
4,4,cpu_base,170,137
4,4,cpu_base,171,134
4,4,cpu_base,172,134
4,4,cpu_base,173,134
4,4,cpu_base,174,134
4,4,cpu_base,175,136
4,4,cpu_base,176,138
4,4,cpu_base,177,134
4,4,cpu_base,178,140
4,4,cpu_base,179,138
4,4,cpu_base,180,136
4,4,cpu_base,181,138
4,4,cpu_base,182,137
4,4,cpu_base,183,138
4,4,cpu_base,184,170
4,4,cpu_base,185,143
4,4,cpu_base,186,135
4,4,cpu_base,187,134
4,4,cpu_base,188,138
4,4,cpu_base,189,134
4,4,cpu_base,190,143
4,4,cpu_base,191,137
4,4,cpu_base,192,137
4,4,cpu_base,193,134
4,4,cpu_base,194,134
4,4,cpu_base,195,138
4,4,cpu_base,196,148
4,4,cpu_base,197,138
4,4,cpu_base,198,134
4,4,cpu_base,199,137
4,4,cpu_base,200,134
4,4,cpu_base,201,134
4,4,cpu_base,202,134
4,4,cpu_base,203,134
4,4,cpu_base,204,136
4,4,cpu_base,205,137
4,4,cpu_base,206,136
4,4,cpu_base,207,138
4,4,cpu_base,208,142
4,4,cpu_base,209,144
4,4,cpu_base,210,134
4,4,cpu_base,211,136
4,4,cpu_base,212,134
4,4,cpu_base,213,135
4,4,cpu_base,214,133
4,4,cpu_base,215,134
4,4,cpu_base,216,134
4,4,cpu_base,217,134
4,4,cpu_base,218,134
4,4,cpu_base,219,141
4,4,cpu_base,220,137
4,4,cpu_base,221,136
4,4,cpu_base,222,135
4,4,cpu_base,223,138
4,4,cpu_base,224,138
4,4,cpu_base,225,133
4,4,cpu_base,226,137
4,4,cpu_base,227,135
4,4,cpu_base,228,145
4,4,cpu_base,229,143
4,4,cpu_base,230,138
4,4,cpu_base,231,137
4,4,cpu_base,232,134
4,4,cpu_base,233,137
4,4,cpu_base,234,137
4,4,cpu_base,235,184
4,4,cpu_base,236,191
4,4,cpu_base,237,438
4,4,cpu_base,238,225
4,4,cpu_base,239,186
4,4,cpu_base,240,135
4,4,cpu_base,241,135
4,4,cpu_base,242,162
4,4,cpu_base,243,137
4,4,cpu_base,244,141
4,4,cpu_base,245,153
4,4,cpu_base,246,134
4,4,cpu_base,247,141
4,4,cpu_base,248,133
4,4,cpu_base,249,138
4,4,cpu_base,250,139
4,4,cpu_base,251,141
4,4,cpu_base,252,134
4,4,cpu_base,253,138
4,4,cpu_base,254,144
4,4,cpu_base,255,134
4,4,cpu_base,256,143
4,4,cpu_base,257,138
4,4,cpu_base,258,141
4,4,cpu_base,259,137
4,4,cpu_base,260,134
4,4,cpu_base,261,137
4,4,cpu_base,262,134
4,4,cpu_base,263,141
4,4,cpu_base,264,133
4,4,cpu_base,265,144
4,4,cpu_base,266,138
4,4,cpu_base,267,137
4,4,cpu_base,268,133
4,4,cpu_base,269,134
4,4,cpu_base,270,178
4,4,cpu_base,271,138
4,4,cpu_base,272,147
4,4,cpu_base,273,139
4,4,cpu_base,274,134
4,4,cpu_base,275,134
4,4,cpu_base,276,134
4,4,cpu_base,277,134
4,4,cpu_base,278,133
4,4,cpu_base,279,140
4,4,cpu_base,280,153
4,4,cpu_base,281,141
4,4,cpu_base,282,134
4,4,cpu_base,283,133
4,4,cpu_base,284,140
4,4,cpu_base,285,136
4,4,cpu_base,286,133
4,4,cpu_base,287,139
4,4,cpu_base,288,137
4,4,cpu_base,289,133
4,4,cpu_base,290,138
4,4,cpu_base,291,135
4,4,cpu_base,292,141
4,4,cpu_base,293,133
4,4,cpu_base,294,136
4,4,cpu_base,295,134
4,4,cpu_base,296,136
4,4,cpu_base,297,134
4,4,cpu_base,298,137
4,4,cpu_base,299,139
4,4,cpu_base,300,137
4,4,cpu_base,301,133
4,4,cpu_base,302,141
4,4,cpu_base,303,134
4,4,cpu_base,304,134
4,4,cpu_base,305,133
4,4,cpu_base,306,134
4,4,cpu_base,307,136
4,4,cpu_base,308,135
4,4,cpu_base,309,139
4,4,cpu_base,310,136
4,4,cpu_base,311,134
4,4,cpu_base,312,134
4,4,cpu_base,313,134
4,4,cpu_base,314,141
4,4,cpu_base,315,135
4,4,cpu_base,316,136
4,4,cpu_base,317,133
4,4,cpu_base,318,133
4,4,cpu_base,319,137
4,4,cpu_base,320,133
4,4,cpu_base,321,135
4,4,cpu_base,322,137
4,4,cpu_base,323,146
4,4,cpu_base,324,134
4,4,cpu_base,325,136
4,4,cpu_base,326,133
4,4,cpu_base,327,134
4,4,cpu_base,328,137
4,4,cpu_base,329,133
4,4,cpu_base,330,136
4,4,cpu_base,331,137
4,4,cpu_base,332,133
4,4,cpu_base,333,133
4,4,cpu_base,334,137
4,4,cpu_base,335,134
4,4,cpu_base,336,139
4,4,cpu_base,337,133
4,4,cpu_base,338,136
4,4,cpu_base,339,133
4,4,cpu_base,340,136
4,4,cpu_base,341,133
4,4,cpu_base,342,134
4,4,cpu_base,343,135
4,4,cpu_base,344,136
4,4,cpu_base,345,137
4,4,cpu_base,346,137
4,4,cpu_base,347,134
4,4,cpu_base,348,136
4,4,cpu_base,349,133
4,4,cpu_base,350,136
4,4,cpu_base,351,138
4,4,cpu_base,352,136
4,4,cpu_base,353,139
4,4,cpu_base,354,347
4,4,cpu_base,355,281
4,4,cpu_base,356,220
4,4,cpu_base,357,166
4,4,cpu_base,358,167
4,4,cpu_base,359,136
4,4,cpu_base,360,135
4,4,cpu_base,361,147
4,4,cpu_base,362,165
4,4,cpu_base,363,182
4,4,cpu_base,364,188
4,4,cpu_base,365,137
4,4,cpu_base,366,140
4,4,cpu_base,367,141
4,4,cpu_base,368,142
4,4,cpu_base,369,149
4,4,cpu_base,370,134
4,4,cpu_base,371,134
4,4,cpu_base,372,134
4,4,cpu_base,373,139
4,4,cpu_base,374,134
4,4,cpu_base,375,139
4,4,cpu_base,376,135
4,4,cpu_base,377,135
4,4,cpu_base,378,134
4,4,cpu_base,379,137
4,4,cpu_base,380,134
4,4,cpu_base,381,230
4,4,cpu_base,382,141
4,4,cpu_base,383,145
4,4,cpu_base,384,134
4,4,cpu_base,385,134
4,4,cpu_base,386,134
4,4,cpu_base,387,141
4,4,cpu_base,388,135
4,4,cpu_base,389,135
4,4,cpu_base,390,134
4,4,cpu_base,391,167
4,4,cpu_base,392,138
4,4,cpu_base,393,137
4,4,cpu_base,394,135
4,4,cpu_base,395,157
4,4,cpu_base,396,137
4,4,cpu_base,397,134
4,4,cpu_base,398,134
4,4,cpu_base,399,134
4,4,cpu_base,400,137
4,4,cpu_base,401,141
4,4,cpu_base,402,139
4,4,cpu_base,403,142
4,4,cpu_base,404,133
4,4,cpu_base,405,136
4,4,cpu_base,406,134
4,4,cpu_base,407,137
4,4,cpu_base,408,134
4,4,cpu_base,409,146
4,4,cpu_base,410,135
4,4,cpu_base,411,135
4,4,cpu_base,412,134
4,4,cpu_base,413,134
4,4,cpu_base,414,147
4,4,cpu_base,415,160
4,4,cpu_base,416,142
4,4,cpu_base,417,188
4,4,cpu_base,418,148
4,4,cpu_base,419,134
4,4,cpu_base,420,136
4,4,cpu_base,421,160
4,4,cpu_base,422,138
4,4,cpu_base,423,139
4,4,cpu_base,424,139
4,4,cpu_base,425,134
4,4,cpu_base,426,140
4,4,cpu_base,427,134
4,4,cpu_base,428,133
4,4,cpu_base,429,142
4,4,cpu_base,430,148
4,4,cpu_base,431,163
4,4,cpu_base,432,171
4,4,cpu_base,433,218
4,4,cpu_base,434,206
4,4,cpu_base,435,136
4,4,cpu_base,436,146
4,4,cpu_base,437,137
4,4,cpu_base,438,135
4,4,cpu_base,439,134
4,4,cpu_base,440,135
4,4,cpu_base,441,134
4,4,cpu_base,442,185
4,4,cpu_base,443,135
4,4,cpu_base,444,138
4,4,cpu_base,445,134
4,4,cpu_base,446,136
4,4,cpu_base,447,139
4,4,cpu_base,448,138
4,4,cpu_base,449,138
4,4,cpu_base,450,153
4,4,cpu_base,451,322
4,4,cpu_base,452,237
4,4,cpu_base,453,143
4,4,cpu_base,454,141
4,4,cpu_base,455,138
4,4,cpu_base,456,134
4,4,cpu_base,457,134
4,4,cpu_base,458,144
4,4,cpu_base,459,137
4,4,cpu_base,460,150
4,4,cpu_base,461,135
4,4,cpu_base,462,160
4,4,cpu_base,463,197
4,4,cpu_base,464,168
4,4,cpu_base,465,154
4,4,cpu_base,466,139
4,4,cpu_base,467,138
4,4,cpu_base,468,149
4,4,cpu_base,469,133
4,4,cpu_base,470,134
4,4,cpu_base,471,133
4,4,cpu_base,472,135
4,4,cpu_base,473,134
4,4,cpu_base,474,138
4,4,cpu_base,475,138
4,4,cpu_base,476,138
4,4,cpu_base,477,158
4,4,cpu_base,478,134
4,4,cpu_base,479,134
4,4,cpu_base,480,133
4,4,cpu_base,481,197
4,4,cpu_base,482,134
4,4,cpu_base,483,134
4,4,cpu_base,484,135
4,4,cpu_base,485,133
4,4,cpu_base,486,137
4,4,cpu_base,487,134
4,4,cpu_base,488,192
4,4,cpu_base,489,174
4,4,cpu_base,490,143
4,4,cpu_base,491,139
4,4,cpu_base,492,147
4,4,cpu_base,493,134
4,4,cpu_base,494,138
4,4,cpu_base,495,140
4,4,cpu_base,496,134
4,4,cpu_base,497,133
4,4,cpu_base,498,134
4,4,cpu_base,499,133
4,4,cpu_base,500,141
4,4,cpu_base,501,141
4,4,cpu_base,502,141
4,4,cpu_base,503,142
4,4,cpu_base,504,134
4,4,cpu_base,505,142
4,4,cpu_base,506,134
4,4,cpu_base,507,133
4,4,cpu_base,508,134
4,4,cpu_base,509,138
4,4,cpu_base,510,134
4,4,cpu_base,511,133
4,4,cpu_base,512,134
4,4,cpu_base,513,139
4,4,cpu_base,514,136
4,4,cpu_base,515,133
4,4,cpu_base,516,137
4,4,cpu_base,517,136
4,4,cpu_base,518,137
4,4,cpu_base,519,136
4,4,cpu_base,520,140
4,4,cpu_base,521,134
4,4,cpu_base,522,133
4,4,cpu_base,523,136
4,4,cpu_base,524,136
4,4,cpu_base,525,134
4,4,cpu_base,526,134
4,4,cpu_base,527,133
4,4,cpu_base,528,138
4,4,cpu_base,529,138
4,4,cpu_base,530,133
4,4,cpu_base,531,138
4,4,cpu_base,532,140
4,4,cpu_base,533,133
4,4,cpu_base,534,140
4,4,cpu_base,535,133
4,4,cpu_base,536,134
4,4,cpu_base,537,136
4,4,cpu_base,538,137
4,4,cpu_base,539,134
4,4,cpu_base,540,134
4,4,cpu_base,541,133
4,4,cpu_base,542,142
4,4,cpu_base,543,133
4,4,cpu_base,544,134
4,4,cpu_base,545,136
4,4,cpu_base,546,134
4,4,cpu_base,547,141
4,4,cpu_base,548,134
4,4,cpu_base,549,140
4,4,cpu_base,550,133
4,4,cpu_base,551,134
4,4,cpu_base,552,134
4,4,cpu_base,553,137
4,4,cpu_base,554,134
4,4,cpu_base,555,134
4,4,cpu_base,556,136
4,4,cpu_base,557,136
4,4,cpu_base,558,133
4,4,cpu_base,559,139
4,4,cpu_base,560,137
4,4,cpu_base,561,136
4,4,cpu_base,562,140
4,4,cpu_base,563,139
4,4,cpu_base,564,137
4,4,cpu_base,565,134
4,4,cpu_base,566,136
4,4,cpu_base,567,139
4,4,cpu_base,568,133
4,4,cpu_base,569,134
4,4,cpu_base,570,133
4,4,cpu_base,571,137
4,4,cpu_base,572,138
4,4,cpu_base,573,137
4,4,cpu_base,574,134
4,4,cpu_base,575,137
4,4,cpu_base,576,138
4,4,cpu_base,577,134
4,4,cpu_base,578,141
4,4,cpu_base,579,134
4,4,cpu_base,580,133
4,4,cpu_base,581,136
4,4,cpu_base,582,137
4,4,cpu_base,583,133
4,4,cpu_base,584,134
4,4,cpu_base,585,133
4,4,cpu_base,586,165
4,4,cpu_base,587,133
4,4,cpu_base,588,134
4,4,cpu_base,589,139
4,4,cpu_base,590,137
4,4,cpu_base,591,137
4,4,cpu_base,592,137
4,4,cpu_base,593,138
4,4,cpu_base,594,134
4,4,cpu_base,595,134
4,4,cpu_base,596,137
4,4,cpu_base,597,133
4,4,cpu_base,598,136
4,4,cpu_base,599,136
4,4,cpu_base,600,133
4,4,cpu_base,601,267
4,4,cpu_base,602,147
4,4,cpu_base,603,135
4,4,cpu_base,604,155
4,4,cpu_base,605,135
4,4,cpu_base,606,152
4,4,cpu_base,607,134
4,4,cpu_base,608,135
4,4,cpu_base,609,149
4,4,cpu_base,610,146
4,4,cpu_base,611,147
4,4,cpu_base,612,169
4,4,cpu_base,613,139
4,4,cpu_base,614,135
4,4,cpu_base,615,143
4,4,cpu_base,616,142
4,4,cpu_base,617,135
4,4,cpu_base,618,162
4,4,cpu_base,619,137
4,4,cpu_base,620,134
4,4,cpu_base,621,140
4,4,cpu_base,622,154
4,4,cpu_base,623,140
4,4,cpu_base,624,135
4,4,cpu_base,625,134
4,4,cpu_base,626,138
4,4,cpu_base,627,138
4,4,cpu_base,628,134
4,4,cpu_base,629,153
4,4,cpu_base,630,143
4,4,cpu_base,631,134
4,4,cpu_base,632,139
4,4,cpu_base,633,133
4,4,cpu_base,634,136
4,4,cpu_base,635,147
4,4,cpu_base,636,140
4,4,cpu_base,637,137
4,4,cpu_base,638,134
4,4,cpu_base,639,133
4,4,cpu_base,640,133
4,4,cpu_base,641,136
4,4,cpu_base,642,132
4,4,cpu_base,643,133
4,4,cpu_base,644,133
4,4,cpu_base,645,140
4,4,cpu_base,646,132
4,4,cpu_base,647,137
4,4,cpu_base,648,138
4,4,cpu_base,649,133
4,4,cpu_base,650,147
4,4,cpu_base,651,134
4,4,cpu_base,652,137
4,4,cpu_base,653,133
4,4,cpu_base,654,133
4,4,cpu_base,655,133
4,4,cpu_base,656,138
4,4,cpu_base,657,133
4,4,cpu_base,658,134
4,4,cpu_base,659,136
4,4,cpu_base,660,142
4,4,cpu_base,661,142
4,4,cpu_base,662,134
4,4,cpu_base,663,138
4,4,cpu_base,664,134
4,4,cpu_base,665,134
4,4,cpu_base,666,140
4,4,cpu_base,667,133
4,4,cpu_base,668,133
4,4,cpu_base,669,134
4,4,cpu_base,670,319
4,4,cpu_base,671,170
4,4,cpu_base,672,137
4,4,cpu_base,673,163
4,4,cpu_base,674,147
4,4,cpu_base,675,166
4,4,cpu_base,676,145
4,4,cpu_base,677,152
4,4,cpu_base,678,142
4,4,cpu_base,679,137
4,4,cpu_base,680,150
4,4,cpu_base,681,135
4,4,cpu_base,682,134
4,4,cpu_base,683,134
4,4,cpu_base,684,137
4,4,cpu_base,685,138
4,4,cpu_base,686,134
4,4,cpu_base,687,139
4,4,cpu_base,688,139
4,4,cpu_base,689,138
4,4,cpu_base,690,138
4,4,cpu_base,691,135
4,4,cpu_base,692,160
4,4,cpu_base,693,139
4,4,cpu_base,694,134
4,4,cpu_base,695,136
4,4,cpu_base,696,133
4,4,cpu_base,697,137
4,4,cpu_base,698,133
4,4,cpu_base,699,140
4,4,cpu_base,700,134
4,4,cpu_base,701,139
4,4,cpu_base,702,146
4,4,cpu_base,703,134
4,4,cpu_base,704,135
4,4,cpu_base,705,133
4,4,cpu_base,706,137
4,4,cpu_base,707,284
4,4,cpu_base,708,138
4,4,cpu_base,709,179
4,4,cpu_base,710,180
4,4,cpu_base,711,135
4,4,cpu_base,712,146
4,4,cpu_base,713,134
4,4,cpu_base,714,141
4,4,cpu_base,715,136
4,4,cpu_base,716,134
4,4,cpu_base,717,139
4,4,cpu_base,718,146
4,4,cpu_base,719,144
4,4,cpu_base,720,137
4,4,cpu_base,721,134
4,4,cpu_base,722,133
4,4,cpu_base,723,139
4,4,cpu_base,724,134
4,4,cpu_base,725,135
4,4,cpu_base,726,140
4,4,cpu_base,727,134
4,4,cpu_base,728,141
4,4,cpu_base,729,136
4,4,cpu_base,730,135
4,4,cpu_base,731,133
4,4,cpu_base,732,136
4,4,cpu_base,733,134
4,4,cpu_base,734,142
4,4,cpu_base,735,139
4,4,cpu_base,736,134
4,4,cpu_base,737,135
4,4,cpu_base,738,134
4,4,cpu_base,739,134
4,4,cpu_base,740,139
4,4,cpu_base,741,142
4,4,cpu_base,742,136
4,4,cpu_base,743,137
4,4,cpu_base,744,134
4,4,cpu_base,745,134
4,4,cpu_base,746,138
4,4,cpu_base,747,133
4,4,cpu_base,748,138
4,4,cpu_base,749,137
4,4,cpu_base,750,176
4,4,cpu_base,751,153
4,4,cpu_base,752,134
4,4,cpu_base,753,134
4,4,cpu_base,754,148
4,4,cpu_base,755,144
4,4,cpu_base,756,134
4,4,cpu_base,757,138
4,4,cpu_base,758,134
4,4,cpu_base,759,134
4,4,cpu_base,760,137
4,4,cpu_base,761,158
4,4,cpu_base,762,135
4,4,cpu_base,763,135
4,4,cpu_base,764,134
4,4,cpu_base,765,136
4,4,cpu_base,766,141
4,4,cpu_base,767,139
4,4,cpu_base,768,144
4,4,cpu_base,769,140
4,4,cpu_base,770,135
4,4,cpu_base,771,140
4,4,cpu_base,772,133
4,4,cpu_base,773,138
4,4,cpu_base,774,143
4,4,cpu_base,775,134
4,4,cpu_base,776,134
4,4,cpu_base,777,136
4,4,cpu_base,778,133
4,4,cpu_base,779,133
4,4,cpu_base,780,136
4,4,cpu_base,781,133
4,4,cpu_base,782,137
4,4,cpu_base,783,139
4,4,cpu_base,784,137
4,4,cpu_base,785,136
4,4,cpu_base,786,134
4,4,cpu_base,787,133
4,4,cpu_base,788,135
4,4,cpu_base,789,139
4,4,cpu_base,790,133
4,4,cpu_base,791,135
4,4,cpu_base,792,134
4,4,cpu_base,793,133
4,4,cpu_base,794,133
4,4,cpu_base,795,138
4,4,cpu_base,796,134
4,4,cpu_base,797,159
4,4,cpu_base,798,137
4,4,cpu_base,799,137
4,4,cpu_base,800,141
4,4,cpu_base,801,133
4,4,cpu_base,802,137
4,4,cpu_base,803,136
4,4,cpu_base,804,136
4,4,cpu_base,805,134
4,4,cpu_base,806,140
4,4,cpu_base,807,136
4,4,cpu_base,808,133
4,4,cpu_base,809,133
4,4,cpu_base,810,134
4,4,cpu_base,811,135
4,4,cpu_base,812,134
4,4,cpu_base,813,141
4,4,cpu_base,814,134
4,4,cpu_base,815,210
4,4,cpu_base,816,227
4,4,cpu_base,817,186
4,4,cpu_base,818,167
4,4,cpu_base,819,148
4,4,cpu_base,820,135
4,4,cpu_base,821,133
4,4,cpu_base,822,133
4,4,cpu_base,823,134
4,4,cpu_base,824,137
4,4,cpu_base,825,133
4,4,cpu_base,826,159
4,4,cpu_base,827,137
4,4,cpu_base,828,140
4,4,cpu_base,829,134
4,4,cpu_base,830,140
4,4,cpu_base,831,140
4,4,cpu_base,832,135
4,4,cpu_base,833,138
4,4,cpu_base,834,134
4,4,cpu_base,835,133
4,4,cpu_base,836,134
4,4,cpu_base,837,134
4,4,cpu_base,838,137
4,4,cpu_base,839,138
4,4,cpu_base,840,140
4,4,cpu_base,841,135
4,4,cpu_base,842,139
4,4,cpu_base,843,136
4,4,cpu_base,844,142
4,4,cpu_base,845,141
4,4,cpu_base,846,134
4,4,cpu_base,847,134
4,4,cpu_base,848,137
4,4,cpu_base,849,134
4,4,cpu_base,850,135
4,4,cpu_base,851,134
4,4,cpu_base,852,145
4,4,cpu_base,853,144
4,4,cpu_base,854,155
4,4,cpu_base,855,141
4,4,cpu_base,856,147
4,4,cpu_base,857,137
4,4,cpu_base,858,160
4,4,cpu_base,859,134
4,4,cpu_base,860,134
4,4,cpu_base,861,134
4,4,cpu_base,862,140
4,4,cpu_base,863,134
4,4,cpu_base,864,135
4,4,cpu_base,865,134
4,4,cpu_base,866,135
4,4,cpu_base,867,137
4,4,cpu_base,868,138
4,4,cpu_base,869,142
4,4,cpu_base,870,142
4,4,cpu_base,871,139
4,4,cpu_base,872,134
4,4,cpu_base,873,138
4,4,cpu_base,874,134
4,4,cpu_base,875,134
4,4,cpu_base,876,136
4,4,cpu_base,877,134
4,4,cpu_base,878,134
4,4,cpu_base,879,134
4,4,cpu_base,880,134
4,4,cpu_base,881,165
4,4,cpu_base,882,172
4,4,cpu_base,883,139
4,4,cpu_base,884,134
4,4,cpu_base,885,138
4,4,cpu_base,886,134
4,4,cpu_base,887,135
4,4,cpu_base,888,141
4,4,cpu_base,889,191
4,4,cpu_base,890,149
4,4,cpu_base,891,164
4,4,cpu_base,892,134
4,4,cpu_base,893,151
4,4,cpu_base,894,163
4,4,cpu_base,895,139
4,4,cpu_base,896,134
4,4,cpu_base,897,147
4,4,cpu_base,898,186
4,4,cpu_base,899,137
4,4,cpu_base,900,140
4,4,cpu_base,901,134
4,4,cpu_base,902,140
4,4,cpu_base,903,134
4,4,cpu_base,904,138
4,4,cpu_base,905,138
4,4,cpu_base,906,139
4,4,cpu_base,907,134
4,4,cpu_base,908,135
4,4,cpu_base,909,133
4,4,cpu_base,910,137
4,4,cpu_base,911,138
4,4,cpu_base,912,139
4,4,cpu_base,913,138
4,4,cpu_base,914,135
4,4,cpu_base,915,137
4,4,cpu_base,916,134
4,4,cpu_base,917,136
4,4,cpu_base,918,134
4,4,cpu_base,919,136
4,4,cpu_base,920,135
4,4,cpu_base,921,134
4,4,cpu_base,922,134
4,4,cpu_base,923,133
4,4,cpu_base,924,137
4,4,cpu_base,925,382
4,4,cpu_base,926,210
4,4,cpu_base,927,150
4,4,cpu_base,928,238
4,4,cpu_base,929,160
4,4,cpu_base,930,135
4,4,cpu_base,931,181
4,4,cpu_base,932,238
4,4,cpu_base,933,342
4,4,cpu_base,934,143
4,4,cpu_base,935,187
4,4,cpu_base,936,140
4,4,cpu_base,937,135
4,4,cpu_base,938,148
4,4,cpu_base,939,135
4,4,cpu_base,940,134
4,4,cpu_base,941,134
4,4,cpu_base,942,137
4,4,cpu_base,943,141
4,4,cpu_base,944,133
4,4,cpu_base,945,137
4,4,cpu_base,946,164
4,4,cpu_base,947,172
4,4,cpu_base,948,143
4,4,cpu_base,949,135
4,4,cpu_base,950,138
4,4,cpu_base,951,134
4,4,cpu_base,952,140
4,4,cpu_base,953,135
4,4,cpu_base,954,134
4,4,cpu_base,955,134
4,4,cpu_base,956,148
4,4,cpu_base,957,153
4,4,cpu_base,958,135
4,4,cpu_base,959,140
4,4,cpu_base,960,135
4,4,cpu_base,961,142
4,4,cpu_base,962,137
4,4,cpu_base,963,142
4,4,cpu_base,964,136
4,4,cpu_base,965,134
4,4,cpu_base,966,138
4,4,cpu_base,967,134
4,4,cpu_base,968,134
4,4,cpu_base,969,134
4,4,cpu_base,970,140
4,4,cpu_base,971,137
4,4,cpu_base,972,137
4,4,cpu_base,973,134
4,4,cpu_base,974,138
4,4,cpu_base,975,137
4,4,cpu_base,976,141
4,4,cpu_base,977,136
4,4,cpu_base,978,137
4,4,cpu_base,979,138
4,4,cpu_base,980,145
4,4,cpu_base,981,137
4,4,cpu_base,982,133
4,4,cpu_base,983,134
4,4,cpu_base,984,139
4,4,cpu_base,985,142
4,4,cpu_base,986,138
4,4,cpu_base,987,133
4,4,cpu_base,988,138
4,4,cpu_base,989,138
4,4,cpu_base,990,142
4,4,cpu_base,991,136
4,4,cpu_base,992,140
4,4,cpu_base,993,138
4,4,cpu_base,994,145
4,4,cpu_base,995,138
4,4,cpu_base,996,133
4,4,cpu_base,997,134
4,4,cpu_base,998,172
4,4,cpu_base,999,137
4,4,serial,0,576
4,4,serial,1,543
4,4,serial,2,521
4,4,serial,3,497
4,4,serial,4,670
4,4,serial,5,545
4,4,serial,6,658
4,4,serial,7,830
4,4,serial,8,777
4,4,serial,9,842
4,4,serial,10,685
4,4,serial,11,575
4,4,serial,12,668
4,4,serial,13,629
4,4,serial,14,583
4,4,serial,15,579
4,4,serial,16,529
4,4,serial,17,554
4,4,serial,18,530
4,4,serial,19,514
4,4,serial,20,665
4,4,serial,21,529
4,4,serial,22,743
4,4,serial,23,572
4,4,serial,24,521
4,4,serial,25,524
4,4,serial,26,509
4,4,serial,27,512
4,4,serial,28,509
4,4,serial,29,492
4,4,serial,30,631
4,4,serial,31,503
4,4,serial,32,490
4,4,serial,33,470
4,4,serial,34,469
4,4,serial,35,472
4,4,serial,36,471
4,4,serial,37,469
4,4,serial,38,476
4,4,serial,39,466
4,4,serial,40,471
4,4,serial,41,474
4,4,serial,42,471
4,4,serial,43,480
4,4,serial,44,467
4,4,serial,45,469
4,4,serial,46,474
4,4,serial,47,478
4,4,serial,48,472
4,4,serial,49,465
4,4,serial,50,469
4,4,serial,51,468
4,4,serial,52,489
4,4,serial,53,471
4,4,serial,54,588
4,4,serial,55,834
4,4,serial,56,1002
4,4,serial,57,743
4,4,serial,58,559
4,4,serial,59,471
4,4,serial,60,660
4,4,serial,61,541
4,4,serial,62,594
4,4,serial,63,571
4,4,serial,64,503
4,4,serial,65,467
4,4,serial,66,460
4,4,serial,67,469
4,4,serial,68,466
4,4,serial,69,498
4,4,serial,70,462
4,4,serial,71,472
4,4,serial,72,485
4,4,serial,73,509
4,4,serial,74,624
4,4,serial,75,492
4,4,serial,76,470
4,4,serial,77,513
4,4,serial,78,494
4,4,serial,79,497
4,4,serial,80,492
4,4,serial,81,528
4,4,serial,82,562
4,4,serial,83,485
4,4,serial,84,514
4,4,serial,85,560
4,4,serial,86,500
4,4,serial,87,506
4,4,serial,88,542
4,4,serial,89,530
4,4,serial,90,745
4,4,serial,91,548
4,4,serial,92,487
4,4,serial,93,499
4,4,serial,94,482
4,4,serial,95,481
4,4,serial,96,485
4,4,serial,97,471
4,4,serial,98,477
4,4,serial,99,499
4,4,serial,100,482
4,4,serial,101,475
4,4,serial,102,493
4,4,serial,103,480
4,4,serial,104,532
4,4,serial,105,507
4,4,serial,106,478
4,4,serial,107,477
4,4,serial,108,485
4,4,serial,109,497
4,4,serial,110,500
4,4,serial,111,501
4,4,serial,112,514
4,4,serial,113,497
4,4,serial,114,543
4,4,serial,115,500
4,4,serial,116,518
4,4,serial,117,464
4,4,serial,118,473
4,4,serial,119,497
4,4,serial,120,704
4,4,serial,121,494
4,4,serial,122,464
4,4,serial,123,477
4,4,serial,124,472
4,4,serial,125,476
4,4,serial,126,473
4,4,serial,127,470
4,4,serial,128,491
4,4,serial,129,467
4,4,serial,130,475
4,4,serial,131,468
4,4,serial,132,464
4,4,serial,133,468
4,4,serial,134,478
4,4,serial,135,465
4,4,serial,136,462
4,4,serial,137,481
4,4,serial,138,468
4,4,serial,139,464
4,4,serial,140,464
4,4,serial,141,463
4,4,serial,142,469
4,4,serial,143,465
4,4,serial,144,475
4,4,serial,145,461
4,4,serial,146,467
4,4,serial,147,472
4,4,serial,148,466
4,4,serial,149,460
4,4,serial,150,470
4,4,serial,151,474
4,4,serial,152,465
4,4,serial,153,601
4,4,serial,154,506
4,4,serial,155,482
4,4,serial,156,565
4,4,serial,157,463
4,4,serial,158,464
4,4,serial,159,485
4,4,serial,160,478
4,4,serial,161,452
4,4,serial,162,462
4,4,serial,163,448
4,4,serial,164,452
4,4,serial,165,469
4,4,serial,166,467
4,4,serial,167,480
4,4,serial,168,471
4,4,serial,169,469
4,4,serial,170,507
4,4,serial,171,469
4,4,serial,172,467
4,4,serial,173,472
4,4,serial,174,469
4,4,serial,175,469
4,4,serial,176,473
4,4,serial,177,473
4,4,serial,178,465
4,4,serial,179,472
4,4,serial,180,465
4,4,serial,181,464
4,4,serial,182,469
4,4,serial,183,466
4,4,serial,184,467
4,4,serial,185,472
4,4,serial,186,467
4,4,serial,187,764
4,4,serial,188,644
4,4,serial,189,580
4,4,serial,190,557
4,4,serial,191,495
4,4,serial,192,525
4,4,serial,193,512
4,4,serial,194,514
4,4,serial,195,509
4,4,serial,196,521
4,4,serial,197,521
4,4,serial,198,528
4,4,serial,199,512
4,4,serial,200,510
4,4,serial,201,496
4,4,serial,202,499
4,4,serial,203,516
4,4,serial,204,519
4,4,serial,205,498
4,4,serial,206,505
4,4,serial,207,510
4,4,serial,208,526
4,4,serial,209,508
4,4,serial,210,516
4,4,serial,211,506
4,4,serial,212,521
4,4,serial,213,548
4,4,serial,214,799
4,4,serial,215,626
4,4,serial,216,662
4,4,serial,217,556
4,4,serial,218,526
4,4,serial,219,542
4,4,serial,220,547
4,4,serial,221,464
4,4,serial,222,605
4,4,serial,223,539
4,4,serial,224,477
4,4,serial,225,483
4,4,serial,226,476
4,4,serial,227,445
4,4,serial,228,468
4,4,serial,229,473
4,4,serial,230,466
4,4,serial,231,469
4,4,serial,232,461
4,4,serial,233,467
4,4,serial,234,464
4,4,serial,235,472
4,4,serial,236,461
4,4,serial,237,465
4,4,serial,238,467
4,4,serial,239,468
4,4,serial,240,462
4,4,serial,241,457
4,4,serial,242,467
4,4,serial,243,470
4,4,serial,244,472
4,4,serial,245,463
4,4,serial,246,460
4,4,serial,247,464
4,4,serial,248,533
4,4,serial,249,548
4,4,serial,250,520
4,4,serial,251,528
4,4,serial,252,543
4,4,serial,253,523
4,4,serial,254,524
4,4,serial,255,536
4,4,serial,256,514
4,4,serial,257,509
4,4,serial,258,507
4,4,serial,259,509
4,4,serial,260,519
4,4,serial,261,486
4,4,serial,262,510
4,4,serial,263,489
4,4,serial,264,504
4,4,serial,265,509
4,4,serial,266,523
4,4,serial,267,499
4,4,serial,268,1105
4,4,serial,269,553
4,4,serial,270,503
4,4,serial,271,532
4,4,serial,272,517
4,4,serial,273,517
4,4,serial,274,524
4,4,serial,275,509
4,4,serial,276,529
4,4,serial,277,580
4,4,serial,278,527
4,4,serial,279,526
4,4,serial,280,531
4,4,serial,281,557
4,4,serial,282,518
4,4,serial,283,517
4,4,serial,284,525
4,4,serial,285,517
4,4,serial,286,535
4,4,serial,287,525
4,4,serial,288,520
4,4,serial,289,515
4,4,serial,290,521
4,4,serial,291,527
4,4,serial,292,529
4,4,serial,293,513
4,4,serial,294,518
4,4,serial,295,530
4,4,serial,296,520
4,4,serial,297,496
4,4,serial,298,515
4,4,serial,299,526
4,4,serial,300,532
4,4,serial,301,496
4,4,serial,302,496
4,4,serial,303,540
4,4,serial,304,517
4,4,serial,305,511
4,4,serial,306,512
4,4,serial,307,542
4,4,serial,308,555
4,4,serial,309,509
4,4,serial,310,550
4,4,serial,311,567
4,4,serial,312,514
4,4,serial,313,519
4,4,serial,314,534
4,4,serial,315,490
4,4,serial,316,544
4,4,serial,317,511
4,4,serial,318,551
4,4,serial,319,515
4,4,serial,320,531
4,4,serial,321,571
4,4,serial,322,562
4,4,serial,323,528
4,4,serial,324,566
4,4,serial,325,592
4,4,serial,326,1036
4,4,serial,327,749
4,4,serial,328,735
4,4,serial,329,727
4,4,serial,330,735
4,4,serial,331,729
4,4,serial,332,726
4,4,serial,333,734
4,4,serial,334,856
4,4,serial,335,577
4,4,serial,336,516
4,4,serial,337,502
4,4,serial,338,513
4,4,serial,339,486
4,4,serial,340,481
4,4,serial,341,450
4,4,serial,342,466
4,4,serial,343,468
4,4,serial,344,474
4,4,serial,345,468
4,4,serial,346,468
4,4,serial,347,482
4,4,serial,348,466
4,4,serial,349,466
4,4,serial,350,467
4,4,serial,351,469
4,4,serial,352,466
4,4,serial,353,463
4,4,serial,354,462
4,4,serial,355,468
4,4,serial,356,465
4,4,serial,357,474
4,4,serial,358,468
4,4,serial,359,471
4,4,serial,360,467
4,4,serial,361,465
4,4,serial,362,467
4,4,serial,363,473
4,4,serial,364,467
4,4,serial,365,463
4,4,serial,366,615
4,4,serial,367,481
4,4,serial,368,539
4,4,serial,369,567
4,4,serial,370,518
4,4,serial,371,526
4,4,serial,372,524
4,4,serial,373,512
4,4,serial,374,512
4,4,serial,375,529
4,4,serial,376,517
4,4,serial,377,518
4,4,serial,378,489
4,4,serial,379,518
4,4,serial,380,544
4,4,serial,381,521
4,4,serial,382,510
4,4,serial,383,532
4,4,serial,384,526
4,4,serial,385,512
4,4,serial,386,510
4,4,serial,387,536
4,4,serial,388,543
4,4,serial,389,541
4,4,serial,390,535
4,4,serial,391,496
4,4,serial,392,509
4,4,serial,393,509
4,4,serial,394,495
4,4,serial,395,526
4,4,serial,396,584
4,4,serial,397,519
4,4,serial,398,475
4,4,serial,399,554
4,4,serial,400,479
4,4,serial,401,471
4,4,serial,402,472
4,4,serial,403,489
4,4,serial,404,495
4,4,serial,405,492
4,4,serial,406,471
4,4,serial,407,479
4,4,serial,408,468
4,4,serial,409,467
4,4,serial,410,472
4,4,serial,411,467
4,4,serial,412,467
4,4,serial,413,469
4,4,serial,414,466
4,4,serial,415,483
4,4,serial,416,491
4,4,serial,417,468
4,4,serial,418,474
4,4,serial,419,508
4,4,serial,420,557
4,4,serial,421,514
4,4,serial,422,508
4,4,serial,423,528
4,4,serial,424,551
4,4,serial,425,510
4,4,serial,426,523
4,4,serial,427,631
4,4,serial,428,499
4,4,serial,429,519
4,4,serial,430,507
4,4,serial,431,490
4,4,serial,432,503
4,4,serial,433,490
4,4,serial,434,473
4,4,serial,435,480
4,4,serial,436,473
4,4,serial,437,472
4,4,serial,438,471
4,4,serial,439,469
4,4,serial,440,474
4,4,serial,441,471
4,4,serial,442,469
4,4,serial,443,470
4,4,serial,444,483
4,4,serial,445,469
4,4,serial,446,470
4,4,serial,447,474
4,4,serial,448,473
4,4,serial,449,466
4,4,serial,450,473
4,4,serial,451,474
4,4,serial,452,470
4,4,serial,453,470
4,4,serial,454,469
4,4,serial,455,474
4,4,serial,456,474
4,4,serial,457,475
4,4,serial,458,470
4,4,serial,459,471
4,4,serial,460,514
4,4,serial,461,519
4,4,serial,462,475
4,4,serial,463,541
4,4,serial,464,552
4,4,serial,465,526
4,4,serial,466,511
4,4,serial,467,522
4,4,serial,468,526
4,4,serial,469,543
4,4,serial,470,545
4,4,serial,471,509
4,4,serial,472,500
4,4,serial,473,522
4,4,serial,474,511
4,4,serial,475,487
4,4,serial,476,525
4,4,serial,477,509
4,4,serial,478,493
4,4,serial,479,520
4,4,serial,480,518
4,4,serial,481,513
4,4,serial,482,511
4,4,serial,483,524
4,4,serial,484,526
4,4,serial,485,507
4,4,serial,486,509
4,4,serial,487,513
4,4,serial,488,519
4,4,serial,489,508
4,4,serial,490,519
4,4,serial,491,569
4,4,serial,492,519
4,4,serial,493,612
4,4,serial,494,551
4,4,serial,495,497
4,4,serial,496,473
4,4,serial,497,464
4,4,serial,498,543
4,4,serial,499,470
4,4,serial,500,519
4,4,serial,501,518
4,4,serial,502,748
4,4,serial,503,753
4,4,serial,504,745
4,4,serial,505,737
4,4,serial,506,744
4,4,serial,507,752
4,4,serial,508,735
4,4,serial,509,770
4,4,serial,510,730
4,4,serial,511,765
4,4,serial,512,758
4,4,serial,513,734
4,4,serial,514,739
4,4,serial,515,766
4,4,serial,516,578
4,4,serial,517,547
4,4,serial,518,535
4,4,serial,519,551
4,4,serial,520,566
4,4,serial,521,549
4,4,serial,522,538
4,4,serial,523,538
4,4,serial,524,561
4,4,serial,525,546
4,4,serial,526,562
4,4,serial,527,563
4,4,serial,528,554
4,4,serial,529,562
4,4,serial,530,563
4,4,serial,531,561
4,4,serial,532,572
4,4,serial,533,540
4,4,serial,534,578
4,4,serial,535,562
4,4,serial,536,528
4,4,serial,537,568
4,4,serial,538,789
4,4,serial,539,473
4,4,serial,540,462
4,4,serial,541,467
4,4,serial,542,468
4,4,serial,543,476
4,4,serial,544,473
4,4,serial,545,596
4,4,serial,546,441
4,4,serial,547,413
4,4,serial,548,417
4,4,serial,549,414
4,4,serial,550,412
4,4,serial,551,410
4,4,serial,552,411
4,4,serial,553,423
4,4,serial,554,407
4,4,serial,555,417
4,4,serial,556,411
4,4,serial,557,421
4,4,serial,558,408
4,4,serial,559,417
4,4,serial,560,442
4,4,serial,561,473
4,4,serial,562,543
4,4,serial,563,892
4,4,serial,564,520
4,4,serial,565,494
4,4,serial,566,474
4,4,serial,567,468
4,4,serial,568,470
4,4,serial,569,471
4,4,serial,570,467
4,4,serial,571,468
4,4,serial,572,467
4,4,serial,573,464
4,4,serial,574,466
4,4,serial,575,464
4,4,serial,576,464
4,4,serial,577,463
4,4,serial,578,469
4,4,serial,579,448
4,4,serial,580,465
4,4,serial,581,440
4,4,serial,582,492
4,4,serial,583,490
4,4,serial,584,465
4,4,serial,585,470
4,4,serial,586,472
4,4,serial,587,465
4,4,serial,588,464
4,4,serial,589,464
4,4,serial,590,471
4,4,serial,591,472
4,4,serial,592,469
4,4,serial,593,465
4,4,serial,594,466
4,4,serial,595,483
4,4,serial,596,464
4,4,serial,597,463
4,4,serial,598,464
4,4,serial,599,482
4,4,serial,600,488
4,4,serial,601,467
4,4,serial,602,481
4,4,serial,603,520
4,4,serial,604,468
4,4,serial,605,466
4,4,serial,606,467
4,4,serial,607,471
4,4,serial,608,467
4,4,serial,609,465
4,4,serial,610,471
4,4,serial,611,576
4,4,serial,612,493
4,4,serial,613,444
4,4,serial,614,487
4,4,serial,615,466
4,4,serial,616,469
4,4,serial,617,465
4,4,serial,618,476
4,4,serial,619,466
4,4,serial,620,469
4,4,serial,621,475
4,4,serial,622,469
4,4,serial,623,464
4,4,serial,624,471
4,4,serial,625,476
4,4,serial,626,476
4,4,serial,627,912
4,4,serial,628,492
4,4,serial,629,490
4,4,serial,630,495
4,4,serial,631,502
4,4,serial,632,503
4,4,serial,633,488
4,4,serial,634,484
4,4,serial,635,519
4,4,serial,636,500
4,4,serial,637,510
4,4,serial,638,493
4,4,serial,639,473
4,4,serial,640,498
4,4,serial,641,481
4,4,serial,642,497
4,4,serial,643,521
4,4,serial,644,467
4,4,serial,645,464
4,4,serial,646,474
4,4,serial,647,467
4,4,serial,648,465
4,4,serial,649,473
4,4,serial,650,473
4,4,serial,651,466
4,4,serial,652,469
4,4,serial,653,462
4,4,serial,654,479
4,4,serial,655,470
4,4,serial,656,473
4,4,serial,657,468
4,4,serial,658,487
4,4,serial,659,476
4,4,serial,660,470
4,4,serial,661,469
4,4,serial,662,465
4,4,serial,663,474
4,4,serial,664,467
4,4,serial,665,464
4,4,serial,666,465
4,4,serial,667,474
4,4,serial,668,461
4,4,serial,669,465
4,4,serial,670,460
4,4,serial,671,467
4,4,serial,672,459
4,4,serial,673,472
4,4,serial,674,461
4,4,serial,675,703
4,4,serial,676,562
4,4,serial,677,559
4,4,serial,678,572
4,4,serial,679,535
4,4,serial,680,474
4,4,serial,681,478
4,4,serial,682,531
4,4,serial,683,489
4,4,serial,684,474
4,4,serial,685,494
4,4,serial,686,494
4,4,serial,687,497
4,4,serial,688,478
4,4,serial,689,479
4,4,serial,690,476
4,4,serial,691,487
4,4,serial,692,472
4,4,serial,693,473
4,4,serial,694,469
4,4,serial,695,471
4,4,serial,696,466
4,4,serial,697,476
4,4,serial,698,469
4,4,serial,699,474
4,4,serial,700,467
4,4,serial,701,466
4,4,serial,702,481
4,4,serial,703,467
4,4,serial,704,472
4,4,serial,705,470
4,4,serial,706,486
4,4,serial,707,469
4,4,serial,708,682
4,4,serial,709,584
4,4,serial,710,572
4,4,serial,711,523
4,4,serial,712,512
4,4,serial,713,516
4,4,serial,714,538
4,4,serial,715,494
4,4,serial,716,519
4,4,serial,717,503
4,4,serial,718,499
4,4,serial,719,554
4,4,serial,720,595
4,4,serial,721,533
4,4,serial,722,503
4,4,serial,723,480
4,4,serial,724,481
4,4,serial,725,486
4,4,serial,726,513
4,4,serial,727,507
4,4,serial,728,490
4,4,serial,729,529
4,4,serial,730,515
4,4,serial,731,495
4,4,serial,732,512
4,4,serial,733,554
4,4,serial,734,492
4,4,serial,735,500
4,4,serial,736,510
4,4,serial,737,562
4,4,serial,738,829
4,4,serial,739,556
4,4,serial,740,539
4,4,serial,741,531
4,4,serial,742,607
4,4,serial,743,738
4,4,serial,744,781
4,4,serial,745,747
4,4,serial,746,808
4,4,serial,747,751
4,4,serial,748,730
4,4,serial,749,744
4,4,serial,750,730
4,4,serial,751,732
4,4,serial,752,736
4,4,serial,753,735
4,4,serial,754,730
4,4,serial,755,732
4,4,serial,756,743
4,4,serial,757,735
4,4,serial,758,739
4,4,serial,759,727
4,4,serial,760,682
4,4,serial,761,488
4,4,serial,762,456
4,4,serial,763,450
4,4,serial,764,529
4,4,serial,765,540
4,4,serial,766,496
4,4,serial,767,472
4,4,serial,768,480
4,4,serial,769,472
4,4,serial,770,472
4,4,serial,771,464
4,4,serial,772,461
4,4,serial,773,470
4,4,serial,774,470
4,4,serial,775,468
4,4,serial,776,473
4,4,serial,777,467
4,4,serial,778,464
4,4,serial,779,464
4,4,serial,780,462
4,4,serial,781,472
4,4,serial,782,463
4,4,serial,783,463
4,4,serial,784,462
4,4,serial,785,468
4,4,serial,786,467
4,4,serial,787,470
4,4,serial,788,463
4,4,serial,789,463
4,4,serial,790,467
4,4,serial,791,463
4,4,serial,792,490
4,4,serial,793,554
4,4,serial,794,473
4,4,serial,795,592
4,4,serial,796,501
4,4,serial,797,482
4,4,serial,798,489
4,4,serial,799,482
4,4,serial,800,484
4,4,serial,801,476
4,4,serial,802,491
4,4,serial,803,493
4,4,serial,804,555
4,4,serial,805,735
4,4,serial,806,496
4,4,serial,807,484
4,4,serial,808,483
4,4,serial,809,477
4,4,serial,810,474
4,4,serial,811,483
4,4,serial,812,480
4,4,serial,813,488
4,4,serial,814,477
4,4,serial,815,493
4,4,serial,816,499
4,4,serial,817,524
4,4,serial,818,558
4,4,serial,819,537
4,4,serial,820,534
4,4,serial,821,526
4,4,serial,822,692
4,4,serial,823,1605
4,4,serial,824,5582
4,4,serial,825,2515
4,4,serial,826,7732
4,4,serial,827,1405
4,4,serial,828,666
4,4,serial,829,596
4,4,serial,830,511
4,4,serial,831,485
4,4,serial,832,727
4,4,serial,833,890
4,4,serial,834,768
4,4,serial,835,573
4,4,serial,836,573
4,4,serial,837,536
4,4,serial,838,535
4,4,serial,839,593
4,4,serial,840,553
4,4,serial,841,538
4,4,serial,842,526
4,4,serial,843,513
4,4,serial,844,569
4,4,serial,845,546
4,4,serial,846,618
4,4,serial,847,558
4,4,serial,848,503
4,4,serial,849,564
4,4,serial,850,550
4,4,serial,851,533
4,4,serial,852,506
4,4,serial,853,537
4,4,serial,854,486
4,4,serial,855,527
4,4,serial,856,570
4,4,serial,857,672
4,4,serial,858,551
4,4,serial,859,513
4,4,serial,860,498
4,4,serial,861,453
4,4,serial,862,537
4,4,serial,863,467
4,4,serial,864,493
4,4,serial,865,489
4,4,serial,866,474
4,4,serial,867,472
4,4,serial,868,471
4,4,serial,869,486
4,4,serial,870,476
4,4,serial,871,485
4,4,serial,872,511
4,4,serial,873,470
4,4,serial,874,473
4,4,serial,875,553
4,4,serial,876,479
4,4,serial,877,456
4,4,serial,878,503
4,4,serial,879,667
4,4,serial,880,552
4,4,serial,881,489
4,4,serial,882,502
4,4,serial,883,543
4,4,serial,884,564
4,4,serial,885,513
4,4,serial,886,485
4,4,serial,887,543
4,4,serial,888,536
4,4,serial,889,553
4,4,serial,890,547
4,4,serial,891,1183
4,4,serial,892,534
4,4,serial,893,501
4,4,serial,894,471
4,4,serial,895,514
4,4,serial,896,489
4,4,serial,897,499
4,4,serial,898,469
4,4,serial,899,517
4,4,serial,900,530
4,4,serial,901,522
4,4,serial,902,478
4,4,serial,903,508
4,4,serial,904,488
4,4,serial,905,491
4,4,serial,906,507
4,4,serial,907,475
4,4,serial,908,576
4,4,serial,909,472
4,4,serial,910,460
4,4,serial,911,500
4,4,serial,912,483
4,4,serial,913,503
4,4,serial,914,491
4,4,serial,915,469
4,4,serial,916,473
4,4,serial,917,468
4,4,serial,918,464
4,4,serial,919,475
4,4,serial,920,471
4,4,serial,921,512
4,4,serial,922,482
4,4,serial,923,482
4,4,serial,924,473
4,4,serial,925,469
4,4,serial,926,471
4,4,serial,927,482
4,4,serial,928,463
4,4,serial,929,527
4,4,serial,930,475
4,4,serial,931,464
4,4,serial,932,492
4,4,serial,933,474
4,4,serial,934,478
4,4,serial,935,496
4,4,serial,936,473
4,4,serial,937,530
4,4,serial,938,495
4,4,serial,939,489
4,4,serial,940,563
4,4,serial,941,485
4,4,serial,942,495
4,4,serial,943,465
4,4,serial,944,449
4,4,serial,945,488
4,4,serial,946,463
4,4,serial,947,573
4,4,serial,948,564
4,4,serial,949,560
4,4,serial,950,576
4,4,serial,951,543
4,4,serial,952,593
4,4,serial,953,761
4,4,serial,954,478
4,4,serial,955,474
4,4,serial,956,556
4,4,serial,957,548
4,4,serial,958,519
4,4,serial,959,495
4,4,serial,960,520
4,4,serial,961,478
4,4,serial,962,482
4,4,serial,963,504
4,4,serial,964,466
4,4,serial,965,560
4,4,serial,966,531
4,4,serial,967,614
4,4,serial,968,515
4,4,serial,969,517
4,4,serial,970,694
4,4,serial,971,517
4,4,serial,972,568
4,4,serial,973,511
4,4,serial,974,489
4,4,serial,975,505
4,4,serial,976,474
4,4,serial,977,453
4,4,serial,978,521
4,4,serial,979,540
4,4,serial,980,467
4,4,serial,981,515
4,4,serial,982,528
4,4,serial,983,499
4,4,serial,984,500
4,4,serial,985,483
4,4,serial,986,516
4,4,serial,987,480
4,4,serial,988,494
4,4,serial,989,464
4,4,serial,990,480
4,4,serial,991,529
4,4,serial,992,458
4,4,serial,993,496
4,4,serial,994,547
4,4,serial,995,534
4,4,serial,996,594
4,4,serial,997,783
4,4,serial,998,529
4,4,serial,999,563
4,4,concurrent,0,473
4,4,concurrent,1,461
4,4,concurrent,2,473
4,4,concurrent,3,477
4,4,concurrent,4,485
4,4,concurrent,5,470
4,4,concurrent,6,470
4,4,concurrent,7,486
4,4,concurrent,8,546
4,4,concurrent,9,495
4,4,concurrent,10,540
4,4,concurrent,11,548
4,4,concurrent,12,473
4,4,concurrent,13,511
4,4,concurrent,14,466
4,4,concurrent,15,435
4,4,concurrent,16,521
4,4,concurrent,17,511
4,4,concurrent,18,468
4,4,concurrent,19,446
4,4,concurrent,20,500
4,4,concurrent,21,589
4,4,concurrent,22,550
4,4,concurrent,23,454
4,4,concurrent,24,463
4,4,concurrent,25,479
4,4,concurrent,26,448
4,4,concurrent,27,475
4,4,concurrent,28,476
4,4,concurrent,29,386
4,4,concurrent,30,425
4,4,concurrent,31,466
4,4,concurrent,32,435
4,4,concurrent,33,913
4,4,concurrent,34,458
4,4,concurrent,35,456
4,4,concurrent,36,455
4,4,concurrent,37,459
4,4,concurrent,38,468
4,4,concurrent,39,427
4,4,concurrent,40,430
4,4,concurrent,41,456
4,4,concurrent,42,426
4,4,concurrent,43,460
4,4,concurrent,44,450
4,4,concurrent,45,458
4,4,concurrent,46,480
4,4,concurrent,47,452
4,4,concurrent,48,448
4,4,concurrent,49,481
4,4,concurrent,50,433
4,4,concurrent,51,392
4,4,concurrent,52,426
4,4,concurrent,53,790
4,4,concurrent,54,538
4,4,concurrent,55,536
4,4,concurrent,56,458
4,4,concurrent,57,460
4,4,concurrent,58,454
4,4,concurrent,59,466
4,4,concurrent,60,475
4,4,concurrent,61,476
4,4,concurrent,62,474
4,4,concurrent,63,468
4,4,concurrent,64,464
4,4,concurrent,65,486
4,4,concurrent,66,500
4,4,concurrent,67,479
4,4,concurrent,68,464
4,4,concurrent,69,480
4,4,concurrent,70,423
4,4,concurrent,71,484
4,4,concurrent,72,476
4,4,concurrent,73,459
4,4,concurrent,74,463
4,4,concurrent,75,476
4,4,concurrent,76,451
4,4,concurrent,77,431
4,4,concurrent,78,464
4,4,concurrent,79,483
4,4,concurrent,80,476
4,4,concurrent,81,513
4,4,concurrent,82,549
4,4,concurrent,83,568
4,4,concurrent,84,508
4,4,concurrent,85,537
4,4,concurrent,86,591
4,4,concurrent,87,585
4,4,concurrent,88,544
4,4,concurrent,89,463
4,4,concurrent,90,492
4,4,concurrent,91,513
4,4,concurrent,92,483
4,4,concurrent,93,502
4,4,concurrent,94,545
4,4,concurrent,95,501
4,4,concurrent,96,476
4,4,concurrent,97,492
4,4,concurrent,98,494
4,4,concurrent,99,467
4,4,concurrent,100,467
4,4,concurrent,101,519
4,4,concurrent,102,574
4,4,concurrent,103,481
4,4,concurrent,104,470
4,4,concurrent,105,473
4,4,concurrent,106,475
4,4,concurrent,107,472
4,4,concurrent,108,489
4,4,concurrent,109,488
4,4,concurrent,110,472
4,4,concurrent,111,469
4,4,concurrent,112,491
4,4,concurrent,113,449
4,4,concurrent,114,464
4,4,concurrent,115,451
4,4,concurrent,116,614
4,4,concurrent,117,530
4,4,concurrent,118,532
4,4,concurrent,119,552
4,4,concurrent,120,544
4,4,concurrent,121,548
4,4,concurrent,122,552
4,4,concurrent,123,546
4,4,concurrent,124,545
4,4,concurrent,125,547
4,4,concurrent,126,519
4,4,concurrent,127,549
4,4,concurrent,128,546
4,4,concurrent,129,541
4,4,concurrent,130,607
4,4,concurrent,131,550
4,4,concurrent,132,543
4,4,concurrent,133,491
4,4,concurrent,134,498
4,4,concurrent,135,501
4,4,concurrent,136,512
4,4,concurrent,137,461
4,4,concurrent,138,508
4,4,concurrent,139,489
4,4,concurrent,140,478
4,4,concurrent,141,504
4,4,concurrent,142,564
4,4,concurrent,143,497
4,4,concurrent,144,488
4,4,concurrent,145,596
4,4,concurrent,146,574
4,4,concurrent,147,532
4,4,concurrent,148,477
4,4,concurrent,149,544
4,4,concurrent,150,519
4,4,concurrent,151,628
4,4,concurrent,152,469
4,4,concurrent,153,513
4,4,concurrent,154,860
4,4,concurrent,155,633
4,4,concurrent,156,524
4,4,concurrent,157,552
4,4,concurrent,158,638
4,4,concurrent,159,567
4,4,concurrent,160,802
4,4,concurrent,161,805
4,4,concurrent,162,576
4,4,concurrent,163,557
4,4,concurrent,164,553
4,4,concurrent,165,476
4,4,concurrent,166,468
4,4,concurrent,167,445
4,4,concurrent,168,475
4,4,concurrent,169,477
4,4,concurrent,170,464
4,4,concurrent,171,456
4,4,concurrent,172,626
4,4,concurrent,173,474
4,4,concurrent,174,470
4,4,concurrent,175,506
4,4,concurrent,176,524
4,4,concurrent,177,534
4,4,concurrent,178,476
4,4,concurrent,179,472
4,4,concurrent,180,468
4,4,concurrent,181,494
4,4,concurrent,182,470
4,4,concurrent,183,486
4,4,concurrent,184,482
4,4,concurrent,185,497
4,4,concurrent,186,468
4,4,concurrent,187,468
4,4,concurrent,188,489
4,4,concurrent,189,459
4,4,concurrent,190,413
4,4,concurrent,191,413
4,4,concurrent,192,430
4,4,concurrent,193,495
4,4,concurrent,194,475
4,4,concurrent,195,468
4,4,concurrent,196,458
4,4,concurrent,197,495
4,4,concurrent,198,482
4,4,concurrent,199,468
4,4,concurrent,200,473
4,4,concurrent,201,461
4,4,concurrent,202,482
4,4,concurrent,203,474
4,4,concurrent,204,471
4,4,concurrent,205,795
4,4,concurrent,206,468
4,4,concurrent,207,447
4,4,concurrent,208,471
4,4,concurrent,209,515
4,4,concurrent,210,490
4,4,concurrent,211,481
4,4,concurrent,212,494
4,4,concurrent,213,489
4,4,concurrent,214,495
4,4,concurrent,215,478
4,4,concurrent,216,511
4,4,concurrent,217,638
4,4,concurrent,218,801
4,4,concurrent,219,498
4,4,concurrent,220,430
4,4,concurrent,221,446
4,4,concurrent,222,456
4,4,concurrent,223,456
4,4,concurrent,224,478
4,4,concurrent,225,499
4,4,concurrent,226,508
4,4,concurrent,227,458
4,4,concurrent,228,460
4,4,concurrent,229,455
4,4,concurrent,230,513
4,4,concurrent,231,477
4,4,concurrent,232,527
4,4,concurrent,233,606
4,4,concurrent,234,603
4,4,concurrent,235,487
4,4,concurrent,236,739
4,4,concurrent,237,613
4,4,concurrent,238,482
4,4,concurrent,239,476
4,4,concurrent,240,495
4,4,concurrent,241,522
4,4,concurrent,242,504
4,4,concurrent,243,669
4,4,concurrent,244,497
4,4,concurrent,245,503
4,4,concurrent,246,493
4,4,concurrent,247,469
4,4,concurrent,248,477
4,4,concurrent,249,446
4,4,concurrent,250,455
4,4,concurrent,251,448
4,4,concurrent,252,478
4,4,concurrent,253,464
4,4,concurrent,254,470
4,4,concurrent,255,466
4,4,concurrent,256,464
4,4,concurrent,257,467
4,4,concurrent,258,515
4,4,concurrent,259,551
4,4,concurrent,260,544
4,4,concurrent,261,551
4,4,concurrent,262,545
4,4,concurrent,263,545
4,4,concurrent,264,518
4,4,concurrent,265,545
4,4,concurrent,266,652
4,4,concurrent,267,567
4,4,concurrent,268,426
4,4,concurrent,269,530
4,4,concurrent,270,463
4,4,concurrent,271,491
4,4,concurrent,272,482
4,4,concurrent,273,499
4,4,concurrent,274,413
4,4,concurrent,275,455
4,4,concurrent,276,455
4,4,concurrent,277,418
4,4,concurrent,278,514
4,4,concurrent,279,806
4,4,concurrent,280,514
4,4,concurrent,281,558
4,4,concurrent,282,546
4,4,concurrent,283,548
4,4,concurrent,284,551
4,4,concurrent,285,551
4,4,concurrent,286,552
4,4,concurrent,287,552
4,4,concurrent,288,537
4,4,concurrent,289,541
4,4,concurrent,290,549
4,4,concurrent,291,548
4,4,concurrent,292,528
4,4,concurrent,293,539
4,4,concurrent,294,544
4,4,concurrent,295,550
4,4,concurrent,296,568
4,4,concurrent,297,479
4,4,concurrent,298,496
4,4,concurrent,299,502
4,4,concurrent,300,529
4,4,concurrent,301,486
4,4,concurrent,302,513
4,4,concurrent,303,495
4,4,concurrent,304,477
4,4,concurrent,305,469
4,4,concurrent,306,473
4,4,concurrent,307,485
4,4,concurrent,308,482
4,4,concurrent,309,469
4,4,concurrent,310,493
4,4,concurrent,311,470
4,4,concurrent,312,493
4,4,concurrent,313,467
4,4,concurrent,314,467
4,4,concurrent,315,495
4,4,concurrent,316,465
4,4,concurrent,317,494
4,4,concurrent,318,468
4,4,concurrent,319,491
4,4,concurrent,320,487
4,4,concurrent,321,465
4,4,concurrent,322,490
4,4,concurrent,323,468
4,4,concurrent,324,467
4,4,concurrent,325,493
4,4,concurrent,326,468
4,4,concurrent,327,468
4,4,concurrent,328,476
4,4,concurrent,329,483
4,4,concurrent,330,750
4,4,concurrent,331,479
4,4,concurrent,332,524
4,4,concurrent,333,542
4,4,concurrent,334,430
4,4,concurrent,335,425
4,4,concurrent,336,428
4,4,concurrent,337,437
4,4,concurrent,338,437
4,4,concurrent,339,419
4,4,concurrent,340,420
4,4,concurrent,341,437
4,4,concurrent,342,434
4,4,concurrent,343,441
4,4,concurrent,344,454
4,4,concurrent,345,453
4,4,concurrent,346,461
4,4,concurrent,347,419
4,4,concurrent,348,420
4,4,concurrent,349,420
4,4,concurrent,350,426
4,4,concurrent,351,434
4,4,concurrent,352,432
4,4,concurrent,353,449
4,4,concurrent,354,458
4,4,concurrent,355,472
4,4,concurrent,356,462
4,4,concurrent,357,467
4,4,concurrent,358,467
4,4,concurrent,359,490
4,4,concurrent,360,462
4,4,concurrent,361,467
4,4,concurrent,362,479
4,4,concurrent,363,624
4,4,concurrent,364,482
4,4,concurrent,365,483
4,4,concurrent,366,505
4,4,concurrent,367,501
4,4,concurrent,368,477
4,4,concurrent,369,605
4,4,concurrent,370,544
4,4,concurrent,371,550
4,4,concurrent,372,530
4,4,concurrent,373,555
4,4,concurrent,374,556
4,4,concurrent,375,565
4,4,concurrent,376,521
4,4,concurrent,377,530
4,4,concurrent,378,567
4,4,concurrent,379,521
4,4,concurrent,380,539
4,4,concurrent,381,556
4,4,concurrent,382,566
4,4,concurrent,383,527
4,4,concurrent,384,543
4,4,concurrent,385,513
4,4,concurrent,386,534
4,4,concurrent,387,536
4,4,concurrent,388,541
4,4,concurrent,389,537
4,4,concurrent,390,520
4,4,concurrent,391,556
4,4,concurrent,392,542
4,4,concurrent,393,488
4,4,concurrent,394,472
4,4,concurrent,395,452
4,4,concurrent,396,476
4,4,concurrent,397,475
4,4,concurrent,398,477
4,4,concurrent,399,438
4,4,concurrent,400,471
4,4,concurrent,401,436
4,4,concurrent,402,462
4,4,concurrent,403,438
4,4,concurrent,404,430
4,4,concurrent,405,416
4,4,concurrent,406,451
4,4,concurrent,407,465
4,4,concurrent,408,415
4,4,concurrent,409,441
4,4,concurrent,410,515
4,4,concurrent,411,472
4,4,concurrent,412,471
4,4,concurrent,413,493
4,4,concurrent,414,490
4,4,concurrent,415,472
4,4,concurrent,416,466
4,4,concurrent,417,474
4,4,concurrent,418,683
4,4,concurrent,419,668
4,4,concurrent,420,452
4,4,concurrent,421,441
4,4,concurrent,422,452
4,4,concurrent,423,457
4,4,concurrent,424,455
4,4,concurrent,425,466
4,4,concurrent,426,526
4,4,concurrent,427,419
4,4,concurrent,428,448
4,4,concurrent,429,431
4,4,concurrent,430,451
4,4,concurrent,431,470
4,4,concurrent,432,453
4,4,concurrent,433,413
4,4,concurrent,434,459
4,4,concurrent,435,489
4,4,concurrent,436,475
4,4,concurrent,437,466
4,4,concurrent,438,490
4,4,concurrent,439,465
4,4,concurrent,440,495
4,4,concurrent,441,489
4,4,concurrent,442,465
4,4,concurrent,443,487
4,4,concurrent,444,481
4,4,concurrent,445,466
4,4,concurrent,446,442
4,4,concurrent,447,414
4,4,concurrent,448,469
4,4,concurrent,449,449
4,4,concurrent,450,410
4,4,concurrent,451,439
4,4,concurrent,452,466
4,4,concurrent,453,468
4,4,concurrent,454,465
4,4,concurrent,455,465
4,4,concurrent,456,467
4,4,concurrent,457,449
4,4,concurrent,458,409
4,4,concurrent,459,409
4,4,concurrent,460,582
4,4,concurrent,461,523
4,4,concurrent,462,545
4,4,concurrent,463,549
4,4,concurrent,464,550
4,4,concurrent,465,547
4,4,concurrent,466,560
4,4,concurrent,467,542
4,4,concurrent,468,900
4,4,concurrent,469,497
4,4,concurrent,470,465
4,4,concurrent,471,467
4,4,concurrent,472,504
4,4,concurrent,473,461
4,4,concurrent,474,414
4,4,concurrent,475,451
4,4,concurrent,476,414
4,4,concurrent,477,474
4,4,concurrent,478,494
4,4,concurrent,479,462
4,4,concurrent,480,460
4,4,concurrent,481,487
4,4,concurrent,482,466
4,4,concurrent,483,467
4,4,concurrent,484,467
4,4,concurrent,485,495
4,4,concurrent,486,470
4,4,concurrent,487,441
4,4,concurrent,488,449
4,4,concurrent,489,414
4,4,concurrent,490,458
4,4,concurrent,491,502
4,4,concurrent,492,527
4,4,concurrent,493,507
4,4,concurrent,494,449
4,4,concurrent,495,498
4,4,concurrent,496,448
4,4,concurrent,497,450
4,4,concurrent,498,458
4,4,concurrent,499,449
4,4,concurrent,500,493
4,4,concurrent,501,472
4,4,concurrent,502,475
4,4,concurrent,503,492
4,4,concurrent,504,491
4,4,concurrent,505,491
4,4,concurrent,506,484
4,4,concurrent,507,457
4,4,concurrent,508,473
4,4,concurrent,509,430
4,4,concurrent,510,477
4,4,concurrent,511,471
4,4,concurrent,512,467
4,4,concurrent,513,471
4,4,concurrent,514,471
4,4,concurrent,515,508
4,4,concurrent,516,464
4,4,concurrent,517,466
4,4,concurrent,518,470
4,4,concurrent,519,507
4,4,concurrent,520,467
4,4,concurrent,521,467
4,4,concurrent,522,470
4,4,concurrent,523,472
4,4,concurrent,524,469
4,4,concurrent,525,627
4,4,concurrent,526,422
4,4,concurrent,527,454
4,4,concurrent,528,467
4,4,concurrent,529,437
4,4,concurrent,530,485
4,4,concurrent,531,492
4,4,concurrent,532,498
4,4,concurrent,533,890
4,4,concurrent,534,532
4,4,concurrent,535,502
4,4,concurrent,536,495
4,4,concurrent,537,466
4,4,concurrent,538,462
4,4,concurrent,539,469
4,4,concurrent,540,491
4,4,concurrent,541,493
4,4,concurrent,542,467
4,4,concurrent,543,473
4,4,concurrent,544,492
4,4,concurrent,545,467
4,4,concurrent,546,493
4,4,concurrent,547,473
4,4,concurrent,548,473
4,4,concurrent,549,478
4,4,concurrent,550,483
4,4,concurrent,551,493
4,4,concurrent,552,464
4,4,concurrent,553,437
4,4,concurrent,554,470
4,4,concurrent,555,444
4,4,concurrent,556,614
4,4,concurrent,557,439
4,4,concurrent,558,493
4,4,concurrent,559,594
4,4,concurrent,560,465
4,4,concurrent,561,477
4,4,concurrent,562,472
4,4,concurrent,563,478
4,4,concurrent,564,469
4,4,concurrent,565,472
4,4,concurrent,566,490
4,4,concurrent,567,473
4,4,concurrent,568,468
4,4,concurrent,569,467
4,4,concurrent,570,502
4,4,concurrent,571,491
4,4,concurrent,572,471
4,4,concurrent,573,468
4,4,concurrent,574,467
4,4,concurrent,575,471
4,4,concurrent,576,525
4,4,concurrent,577,489
4,4,concurrent,578,490
4,4,concurrent,579,468
4,4,concurrent,580,474
4,4,concurrent,581,494
4,4,concurrent,582,481
4,4,concurrent,583,490
4,4,concurrent,584,473
4,4,concurrent,585,469
4,4,concurrent,586,481
4,4,concurrent,587,414
4,4,concurrent,588,626
4,4,concurrent,589,480
4,4,concurrent,590,460
4,4,concurrent,591,470
4,4,concurrent,592,498
4,4,concurrent,593,471
4,4,concurrent,594,467
4,4,concurrent,595,503
4,4,concurrent,596,474
4,4,concurrent,597,469
4,4,concurrent,598,467
4,4,concurrent,599,466
4,4,concurrent,600,489
4,4,concurrent,601,499
4,4,concurrent,602,469
4,4,concurrent,603,466
4,4,concurrent,604,466
4,4,concurrent,605,473
4,4,concurrent,606,466
4,4,concurrent,607,466
4,4,concurrent,608,467
4,4,concurrent,609,476
4,4,concurrent,610,492
4,4,concurrent,611,467
4,4,concurrent,612,467
4,4,concurrent,613,453
4,4,concurrent,614,451
4,4,concurrent,615,415
4,4,concurrent,616,420
4,4,concurrent,617,466
4,4,concurrent,618,452
4,4,concurrent,619,465
4,4,concurrent,620,512
4,4,concurrent,621,616
4,4,concurrent,622,498
4,4,concurrent,623,450
4,4,concurrent,624,422
4,4,concurrent,625,429
4,4,concurrent,626,455
4,4,concurrent,627,404
4,4,concurrent,628,489
4,4,concurrent,629,422
4,4,concurrent,630,453
4,4,concurrent,631,471
4,4,concurrent,632,508
4,4,concurrent,633,519
4,4,concurrent,634,471
4,4,concurrent,635,466
4,4,concurrent,636,487
4,4,concurrent,637,467
4,4,concurrent,638,479
4,4,concurrent,639,490
4,4,concurrent,640,463
4,4,concurrent,641,463
4,4,concurrent,642,401
4,4,concurrent,643,455
4,4,concurrent,644,453
4,4,concurrent,645,412
4,4,concurrent,646,451
4,4,concurrent,647,436
4,4,concurrent,648,468
4,4,concurrent,649,452
4,4,concurrent,650,411
4,4,concurrent,651,453
4,4,concurrent,652,416
4,4,concurrent,653,416
4,4,concurrent,654,412
4,4,concurrent,655,409
4,4,concurrent,656,658
4,4,concurrent,657,445
4,4,concurrent,658,425
4,4,concurrent,659,437
4,4,concurrent,660,428
4,4,concurrent,661,467
4,4,concurrent,662,437
4,4,concurrent,663,442
4,4,concurrent,664,427
4,4,concurrent,665,562
4,4,concurrent,666,470
4,4,concurrent,667,462
4,4,concurrent,668,500
4,4,concurrent,669,499
4,4,concurrent,670,479
4,4,concurrent,671,513
4,4,concurrent,672,475
4,4,concurrent,673,459
4,4,concurrent,674,680
4,4,concurrent,675,802
4,4,concurrent,676,847
4,4,concurrent,677,783
4,4,concurrent,678,843
4,4,concurrent,679,835
4,4,concurrent,680,804
4,4,concurrent,681,828
4,4,concurrent,682,804
4,4,concurrent,683,612
4,4,concurrent,684,486
4,4,concurrent,685,518
4,4,concurrent,686,541
4,4,concurrent,687,457
4,4,concurrent,688,501
4,4,concurrent,689,469
4,4,concurrent,690,467
4,4,concurrent,691,487
4,4,concurrent,692,471
4,4,concurrent,693,490
4,4,concurrent,694,524
4,4,concurrent,695,761
4,4,concurrent,696,575
4,4,concurrent,697,557
4,4,concurrent,698,549
4,4,concurrent,699,549
4,4,concurrent,700,556
4,4,concurrent,701,540
4,4,concurrent,702,548
4,4,concurrent,703,525
4,4,concurrent,704,540
4,4,concurrent,705,547
4,4,concurrent,706,538
4,4,concurrent,707,567
4,4,concurrent,708,558
4,4,concurrent,709,520
4,4,concurrent,710,547
4,4,concurrent,711,553
4,4,concurrent,712,543
4,4,concurrent,713,627
4,4,concurrent,714,461
4,4,concurrent,715,590
4,4,concurrent,716,568
4,4,concurrent,717,594
4,4,concurrent,718,1063
4,4,concurrent,719,523
4,4,concurrent,720,498
4,4,concurrent,721,507
4,4,concurrent,722,485
4,4,concurrent,723,482
4,4,concurrent,724,485
4,4,concurrent,725,486
4,4,concurrent,726,493
4,4,concurrent,727,475
4,4,concurrent,728,471
4,4,concurrent,729,467
4,4,concurrent,730,481
4,4,concurrent,731,454
4,4,concurrent,732,472
4,4,concurrent,733,436
4,4,concurrent,734,414
4,4,concurrent,735,448
4,4,concurrent,736,490
4,4,concurrent,737,467
4,4,concurrent,738,496
4,4,concurrent,739,494
4,4,concurrent,740,477
4,4,concurrent,741,455
4,4,concurrent,742,471
4,4,concurrent,743,468
4,4,concurrent,744,844
4,4,concurrent,745,825
4,4,concurrent,746,801
4,4,concurrent,747,797
4,4,concurrent,748,783
4,4,concurrent,749,609
4,4,concurrent,750,502
4,4,concurrent,751,504
4,4,concurrent,752,508
4,4,concurrent,753,532
4,4,concurrent,754,529
4,4,concurrent,755,467
4,4,concurrent,756,469
4,4,concurrent,757,497
4,4,concurrent,758,516
4,4,concurrent,759,494
4,4,concurrent,760,492
4,4,concurrent,761,468
4,4,concurrent,762,491
4,4,concurrent,763,468
4,4,concurrent,764,475
4,4,concurrent,765,492
4,4,concurrent,766,469
4,4,concurrent,767,470
4,4,concurrent,768,466
4,4,concurrent,769,468
4,4,concurrent,770,464
4,4,concurrent,771,471
4,4,concurrent,772,569
4,4,concurrent,773,428
4,4,concurrent,774,456
4,4,concurrent,775,471
4,4,concurrent,776,448
4,4,concurrent,777,521
4,4,concurrent,778,1082
4,4,concurrent,779,524
4,4,concurrent,780,510
4,4,concurrent,781,520
4,4,concurrent,782,516
4,4,concurrent,783,527
4,4,concurrent,784,527
4,4,concurrent,785,586
4,4,concurrent,786,597
4,4,concurrent,787,468
4,4,concurrent,788,473
4,4,concurrent,789,481
4,4,concurrent,790,486
4,4,concurrent,791,447
4,4,concurrent,792,434
4,4,concurrent,793,491
4,4,concurrent,794,496
4,4,concurrent,795,475
4,4,concurrent,796,468
4,4,concurrent,797,467
4,4,concurrent,798,466
4,4,concurrent,799,467
4,4,concurrent,800,469
4,4,concurrent,801,436
4,4,concurrent,802,442
4,4,concurrent,803,499
4,4,concurrent,804,491
4,4,concurrent,805,456
4,4,concurrent,806,518
4,4,concurrent,807,496
4,4,concurrent,808,465
4,4,concurrent,809,462
4,4,concurrent,810,469
4,4,concurrent,811,467
4,4,concurrent,812,412
4,4,concurrent,813,415
4,4,concurrent,814,425
4,4,concurrent,815,473
4,4,concurrent,816,456
4,4,concurrent,817,463
4,4,concurrent,818,471
4,4,concurrent,819,470
4,4,concurrent,820,478
4,4,concurrent,821,485
4,4,concurrent,822,444
4,4,concurrent,823,470
4,4,concurrent,824,476
4,4,concurrent,825,511
4,4,concurrent,826,453
4,4,concurrent,827,531
4,4,concurrent,828,460
4,4,concurrent,829,463
4,4,concurrent,830,464
4,4,concurrent,831,463
4,4,concurrent,832,469
4,4,concurrent,833,442
4,4,concurrent,834,412
4,4,concurrent,835,494
4,4,concurrent,836,408
4,4,concurrent,837,452
4,4,concurrent,838,497
4,4,concurrent,839,494
4,4,concurrent,840,473
4,4,concurrent,841,477
4,4,concurrent,842,451
4,4,concurrent,843,819
4,4,concurrent,844,576
4,4,concurrent,845,574
4,4,concurrent,846,520
4,4,concurrent,847,592
4,4,concurrent,848,503
4,4,concurrent,849,555
4,4,concurrent,850,591
4,4,concurrent,851,652
4,4,concurrent,852,613
4,4,concurrent,853,582
4,4,concurrent,854,479
4,4,concurrent,855,527
4,4,concurrent,856,503
4,4,concurrent,857,417
4,4,concurrent,858,456
4,4,concurrent,859,474
4,4,concurrent,860,453
4,4,concurrent,861,441
4,4,concurrent,862,471
4,4,concurrent,863,417
4,4,concurrent,864,471
4,4,concurrent,865,489
4,4,concurrent,866,451
4,4,concurrent,867,451
4,4,concurrent,868,517
4,4,concurrent,869,416
4,4,concurrent,870,452
4,4,concurrent,871,415
4,4,concurrent,872,421
4,4,concurrent,873,429
4,4,concurrent,874,445
4,4,concurrent,875,421
4,4,concurrent,876,479
4,4,concurrent,877,458
4,4,concurrent,878,461
4,4,concurrent,879,460
4,4,concurrent,880,424
4,4,concurrent,881,428
4,4,concurrent,882,406
4,4,concurrent,883,435
4,4,concurrent,884,433
4,4,concurrent,885,459
4,4,concurrent,886,472
4,4,concurrent,887,412
4,4,concurrent,888,431
4,4,concurrent,889,437
4,4,concurrent,890,457
4,4,concurrent,891,413
4,4,concurrent,892,457
4,4,concurrent,893,440
4,4,concurrent,894,459
4,4,concurrent,895,487
4,4,concurrent,896,458
4,4,concurrent,897,458
4,4,concurrent,898,449
4,4,concurrent,899,471
4,4,concurrent,900,467
4,4,concurrent,901,468
4,4,concurrent,902,451
4,4,concurrent,903,443
4,4,concurrent,904,739
4,4,concurrent,905,667
4,4,concurrent,906,504
4,4,concurrent,907,997
4,4,concurrent,908,520
4,4,concurrent,909,446
4,4,concurrent,910,456
4,4,concurrent,911,452
4,4,concurrent,912,470
4,4,concurrent,913,456
4,4,concurrent,914,475
4,4,concurrent,915,451
4,4,concurrent,916,479
4,4,concurrent,917,482
4,4,concurrent,918,473
4,4,concurrent,919,454
4,4,concurrent,920,469
4,4,concurrent,921,458
4,4,concurrent,922,466
4,4,concurrent,923,430
4,4,concurrent,924,414
4,4,concurrent,925,456
4,4,concurrent,926,495
4,4,concurrent,927,473
4,4,concurrent,928,518
4,4,concurrent,929,500
4,4,concurrent,930,438
4,4,concurrent,931,438
4,4,concurrent,932,445
4,4,concurrent,933,429
4,4,concurrent,934,612
4,4,concurrent,935,537
4,4,concurrent,936,461
4,4,concurrent,937,503
4,4,concurrent,938,504
4,4,concurrent,939,474
4,4,concurrent,940,478
4,4,concurrent,941,519
4,4,concurrent,942,492
4,4,concurrent,943,468
4,4,concurrent,944,465
4,4,concurrent,945,458
4,4,concurrent,946,457
4,4,concurrent,947,475
4,4,concurrent,948,470
4,4,concurrent,949,476
4,4,concurrent,950,467
4,4,concurrent,951,486
4,4,concurrent,952,501
4,4,concurrent,953,471
4,4,concurrent,954,469
4,4,concurrent,955,524
4,4,concurrent,956,533
4,4,concurrent,957,502
4,4,concurrent,958,480
4,4,concurrent,959,493
4,4,concurrent,960,479
4,4,concurrent,961,470
4,4,concurrent,962,509
4,4,concurrent,963,475
4,4,concurrent,964,475
4,4,concurrent,965,473
4,4,concurrent,966,537
4,4,concurrent,967,522
4,4,concurrent,968,547
4,4,concurrent,969,528
4,4,concurrent,970,468
4,4,concurrent,971,530
4,4,concurrent,972,466
4,4,concurrent,973,477
4,4,concurrent,974,535
4,4,concurrent,975,500
4,4,concurrent,976,457
4,4,concurrent,977,487
4,4,concurrent,978,480
4,4,concurrent,979,469
4,4,concurrent,980,467
4,4,concurrent,981,516
4,4,concurrent,982,477
4,4,concurrent,983,474
4,4,concurrent,984,481
4,4,concurrent,985,467
4,4,concurrent,986,486
4,4,concurrent,987,476
4,4,concurrent,988,479
4,4,concurrent,989,483
4,4,concurrent,990,478
4,4,concurrent,991,506
4,4,concurrent,992,476
4,4,concurrent,993,455
4,4,concurrent,994,492
4,4,concurrent,995,466
4,4,concurrent,996,509
4,4,concurrent,997,417
4,4,concurrent,998,460
4,4,concurrent,999,463
5,3,cpu_base,0,134
5,3,cpu_base,1,134
5,3,cpu_base,2,135
5,3,cpu_base,3,144
5,3,cpu_base,4,134
5,3,cpu_base,5,141
5,3,cpu_base,6,145
5,3,cpu_base,7,137
5,3,cpu_base,8,139
5,3,cpu_base,9,139
5,3,cpu_base,10,136
5,3,cpu_base,11,137
5,3,cpu_base,12,135
5,3,cpu_base,13,138
5,3,cpu_base,14,135
5,3,cpu_base,15,135
5,3,cpu_base,16,134
5,3,cpu_base,17,137
5,3,cpu_base,18,135
5,3,cpu_base,19,139
5,3,cpu_base,20,138
5,3,cpu_base,21,139
5,3,cpu_base,22,136
5,3,cpu_base,23,137
5,3,cpu_base,24,138
5,3,cpu_base,25,136
5,3,cpu_base,26,135
5,3,cpu_base,27,137
5,3,cpu_base,28,135
5,3,cpu_base,29,136
5,3,cpu_base,30,134
5,3,cpu_base,31,134
5,3,cpu_base,32,138
5,3,cpu_base,33,135
5,3,cpu_base,34,140
5,3,cpu_base,35,134
5,3,cpu_base,36,139
5,3,cpu_base,37,138
5,3,cpu_base,38,138
5,3,cpu_base,39,137
5,3,cpu_base,40,137
5,3,cpu_base,41,134
5,3,cpu_base,42,139
5,3,cpu_base,43,134
5,3,cpu_base,44,135
5,3,cpu_base,45,134
5,3,cpu_base,46,138
5,3,cpu_base,47,134
5,3,cpu_base,48,147
5,3,cpu_base,49,138
5,3,cpu_base,50,143
5,3,cpu_base,51,215
5,3,cpu_base,52,206
5,3,cpu_base,53,183
5,3,cpu_base,54,147
5,3,cpu_base,55,137
5,3,cpu_base,56,136
5,3,cpu_base,57,170
5,3,cpu_base,58,136
5,3,cpu_base,59,158
5,3,cpu_base,60,135
5,3,cpu_base,61,163
5,3,cpu_base,62,133
5,3,cpu_base,63,139
5,3,cpu_base,64,136
5,3,cpu_base,65,157
5,3,cpu_base,66,135
5,3,cpu_base,67,135
5,3,cpu_base,68,135
5,3,cpu_base,69,134
5,3,cpu_base,70,134
5,3,cpu_base,71,134
5,3,cpu_base,72,147
5,3,cpu_base,73,140
5,3,cpu_base,74,288
5,3,cpu_base,75,153
5,3,cpu_base,76,164
5,3,cpu_base,77,151
5,3,cpu_base,78,160
5,3,cpu_base,79,140
5,3,cpu_base,80,135
5,3,cpu_base,81,135
5,3,cpu_base,82,148
5,3,cpu_base,83,134
5,3,cpu_base,84,135
5,3,cpu_base,85,134
5,3,cpu_base,86,143
5,3,cpu_base,87,149
5,3,cpu_base,88,146
5,3,cpu_base,89,138
5,3,cpu_base,90,146
5,3,cpu_base,91,147
5,3,cpu_base,92,151
5,3,cpu_base,93,138
5,3,cpu_base,94,138
5,3,cpu_base,95,135
5,3,cpu_base,96,135
5,3,cpu_base,97,137
5,3,cpu_base,98,134
5,3,cpu_base,99,134
5,3,cpu_base,100,137
5,3,cpu_base,101,145
5,3,cpu_base,102,132
5,3,cpu_base,103,148
5,3,cpu_base,104,145
5,3,cpu_base,105,134
5,3,cpu_base,106,146
5,3,cpu_base,107,137
5,3,cpu_base,108,134
5,3,cpu_base,109,138
5,3,cpu_base,110,134
5,3,cpu_base,111,134
5,3,cpu_base,112,134
5,3,cpu_base,113,134
5,3,cpu_base,114,135
5,3,cpu_base,115,145
5,3,cpu_base,116,132
5,3,cpu_base,117,150
5,3,cpu_base,118,138
5,3,cpu_base,119,146
5,3,cpu_base,120,136
5,3,cpu_base,121,151
5,3,cpu_base,122,138
5,3,cpu_base,123,138
5,3,cpu_base,124,135
5,3,cpu_base,125,134
5,3,cpu_base,126,134
5,3,cpu_base,127,172
5,3,cpu_base,128,135
5,3,cpu_base,129,137
5,3,cpu_base,130,135
5,3,cpu_base,131,147
5,3,cpu_base,132,138
5,3,cpu_base,133,147
5,3,cpu_base,134,134
5,3,cpu_base,135,153
5,3,cpu_base,136,137
5,3,cpu_base,137,136
5,3,cpu_base,138,134
5,3,cpu_base,139,134
5,3,cpu_base,140,133
5,3,cpu_base,141,141
5,3,cpu_base,142,134
5,3,cpu_base,143,134
5,3,cpu_base,144,141
5,3,cpu_base,145,137
5,3,cpu_base,146,140
5,3,cpu_base,147,144
5,3,cpu_base,148,139
5,3,cpu_base,149,141
5,3,cpu_base,150,134
5,3,cpu_base,151,134
5,3,cpu_base,152,139
5,3,cpu_base,153,133
5,3,cpu_base,154,139
5,3,cpu_base,155,137
5,3,cpu_base,156,138
5,3,cpu_base,157,137
5,3,cpu_base,158,135
5,3,cpu_base,159,133
5,3,cpu_base,160,138
5,3,cpu_base,161,139
5,3,cpu_base,162,141
5,3,cpu_base,163,141
5,3,cpu_base,164,134
5,3,cpu_base,165,134
5,3,cpu_base,166,134
5,3,cpu_base,167,134
5,3,cpu_base,168,133
5,3,cpu_base,169,138
5,3,cpu_base,170,140
5,3,cpu_base,171,134
5,3,cpu_base,172,138
5,3,cpu_base,173,138
5,3,cpu_base,174,135
5,3,cpu_base,175,136
5,3,cpu_base,176,134
5,3,cpu_base,177,141
5,3,cpu_base,178,140
5,3,cpu_base,179,134
5,3,cpu_base,180,134
5,3,cpu_base,181,136
5,3,cpu_base,182,134
5,3,cpu_base,183,134
5,3,cpu_base,184,138
5,3,cpu_base,185,136
5,3,cpu_base,186,135
5,3,cpu_base,187,133
5,3,cpu_base,188,139
5,3,cpu_base,189,138
5,3,cpu_base,190,242
5,3,cpu_base,191,149
5,3,cpu_base,192,137
5,3,cpu_base,193,137
5,3,cpu_base,194,134
5,3,cpu_base,195,134
5,3,cpu_base,196,134
5,3,cpu_base,197,293
5,3,cpu_base,198,187
5,3,cpu_base,199,159
5,3,cpu_base,200,155
5,3,cpu_base,201,145
5,3,cpu_base,202,159
5,3,cpu_base,203,155
5,3,cpu_base,204,135
5,3,cpu_base,205,135
5,3,cpu_base,206,154
5,3,cpu_base,207,134
5,3,cpu_base,208,151
5,3,cpu_base,209,134
5,3,cpu_base,210,156
5,3,cpu_base,211,138
5,3,cpu_base,212,135
5,3,cpu_base,213,147
5,3,cpu_base,214,135
5,3,cpu_base,215,139
5,3,cpu_base,216,146
5,3,cpu_base,217,138
5,3,cpu_base,218,134
5,3,cpu_base,219,135
5,3,cpu_base,220,134
5,3,cpu_base,221,138
5,3,cpu_base,222,134
5,3,cpu_base,223,140
5,3,cpu_base,224,134
5,3,cpu_base,225,140
5,3,cpu_base,226,138
5,3,cpu_base,227,136
5,3,cpu_base,228,134
5,3,cpu_base,229,138
5,3,cpu_base,230,135
5,3,cpu_base,231,135
5,3,cpu_base,232,137
5,3,cpu_base,233,134
5,3,cpu_base,234,135
5,3,cpu_base,235,136
5,3,cpu_base,236,135
5,3,cpu_base,237,138
5,3,cpu_base,238,134
5,3,cpu_base,239,137
5,3,cpu_base,240,136
5,3,cpu_base,241,139
5,3,cpu_base,242,134
5,3,cpu_base,243,134
5,3,cpu_base,244,138
5,3,cpu_base,245,134
5,3,cpu_base,246,134
5,3,cpu_base,247,138
5,3,cpu_base,248,133
5,3,cpu_base,249,135
5,3,cpu_base,250,134
5,3,cpu_base,251,134
5,3,cpu_base,252,141
5,3,cpu_base,253,133
5,3,cpu_base,254,138
5,3,cpu_base,255,141
5,3,cpu_base,256,138
5,3,cpu_base,257,134
5,3,cpu_base,258,136
5,3,cpu_base,259,133
5,3,cpu_base,260,135
5,3,cpu_base,261,136
5,3,cpu_base,262,133
5,3,cpu_base,263,134
5,3,cpu_base,264,138
5,3,cpu_base,265,138
5,3,cpu_base,266,138
5,3,cpu_base,267,156
5,3,cpu_base,268,139
5,3,cpu_base,269,135
5,3,cpu_base,270,149
5,3,cpu_base,271,134
5,3,cpu_base,272,134
5,3,cpu_base,273,153
5,3,cpu_base,274,135
5,3,cpu_base,275,134
5,3,cpu_base,276,137
5,3,cpu_base,277,134
5,3,cpu_base,278,134
5,3,cpu_base,279,135
5,3,cpu_base,280,142
5,3,cpu_base,281,145
5,3,cpu_base,282,137
5,3,cpu_base,283,138
5,3,cpu_base,284,134
5,3,cpu_base,285,139
5,3,cpu_base,286,139
5,3,cpu_base,287,136
5,3,cpu_base,288,134
5,3,cpu_base,289,140
5,3,cpu_base,290,191
5,3,cpu_base,291,135
5,3,cpu_base,292,134
5,3,cpu_base,293,138
5,3,cpu_base,294,134
5,3,cpu_base,295,142
5,3,cpu_base,296,135
5,3,cpu_base,297,135
5,3,cpu_base,298,135
5,3,cpu_base,299,138
5,3,cpu_base,300,138
5,3,cpu_base,301,138
5,3,cpu_base,302,216
5,3,cpu_base,303,138
5,3,cpu_base,304,137
5,3,cpu_base,305,148
5,3,cpu_base,306,134
5,3,cpu_base,307,140
5,3,cpu_base,308,134
5,3,cpu_base,309,147
5,3,cpu_base,310,134
5,3,cpu_base,311,145
5,3,cpu_base,312,135
5,3,cpu_base,313,137
5,3,cpu_base,314,135
5,3,cpu_base,315,140
5,3,cpu_base,316,134
5,3,cpu_base,317,134
5,3,cpu_base,318,141
5,3,cpu_base,319,134
5,3,cpu_base,320,138
5,3,cpu_base,321,138
5,3,cpu_base,322,134
5,3,cpu_base,323,137
5,3,cpu_base,324,139
5,3,cpu_base,325,135
5,3,cpu_base,326,134
5,3,cpu_base,327,135
5,3,cpu_base,328,139
5,3,cpu_base,329,134
5,3,cpu_base,330,136
5,3,cpu_base,331,134
5,3,cpu_base,332,136
5,3,cpu_base,333,137
5,3,cpu_base,334,136
5,3,cpu_base,335,134
5,3,cpu_base,336,141
5,3,cpu_base,337,133
5,3,cpu_base,338,181
5,3,cpu_base,339,135
5,3,cpu_base,340,134
5,3,cpu_base,341,134
5,3,cpu_base,342,143
5,3,cpu_base,343,135
5,3,cpu_base,344,137
5,3,cpu_base,345,135
5,3,cpu_base,346,133
5,3,cpu_base,347,140
5,3,cpu_base,348,138
5,3,cpu_base,349,153
5,3,cpu_base,350,134
5,3,cpu_base,351,138
5,3,cpu_base,352,140
5,3,cpu_base,353,155
5,3,cpu_base,354,148
5,3,cpu_base,355,147
5,3,cpu_base,356,146
5,3,cpu_base,357,143
5,3,cpu_base,358,136
5,3,cpu_base,359,133
5,3,cpu_base,360,148
5,3,cpu_base,361,134
5,3,cpu_base,362,135
5,3,cpu_base,363,140
5,3,cpu_base,364,153
5,3,cpu_base,365,137
5,3,cpu_base,366,138
5,3,cpu_base,367,150
5,3,cpu_base,368,135
5,3,cpu_base,369,134
5,3,cpu_base,370,133
5,3,cpu_base,371,136
5,3,cpu_base,372,135
5,3,cpu_base,373,145
5,3,cpu_base,374,133
5,3,cpu_base,375,143
5,3,cpu_base,376,139
5,3,cpu_base,377,135
5,3,cpu_base,378,134
5,3,cpu_base,379,142
5,3,cpu_base,380,136
5,3,cpu_base,381,137
5,3,cpu_base,382,137
5,3,cpu_base,383,135
5,3,cpu_base,384,135
5,3,cpu_base,385,133
5,3,cpu_base,386,134
5,3,cpu_base,387,138
5,3,cpu_base,388,134
5,3,cpu_base,389,176
5,3,cpu_base,390,136
5,3,cpu_base,391,133
5,3,cpu_base,392,146
5,3,cpu_base,393,135
5,3,cpu_base,394,144
5,3,cpu_base,395,135
5,3,cpu_base,396,145
5,3,cpu_base,397,134
5,3,cpu_base,398,135
5,3,cpu_base,399,134
5,3,cpu_base,400,134
5,3,cpu_base,401,134
5,3,cpu_base,402,137
5,3,cpu_base,403,327
5,3,cpu_base,404,269
5,3,cpu_base,405,152
5,3,cpu_base,406,133
5,3,cpu_base,407,142
5,3,cpu_base,408,140
5,3,cpu_base,409,134
5,3,cpu_base,410,135
5,3,cpu_base,411,134
5,3,cpu_base,412,134
5,3,cpu_base,413,145
5,3,cpu_base,414,138
5,3,cpu_base,415,134
5,3,cpu_base,416,139
5,3,cpu_base,417,140
5,3,cpu_base,418,140
5,3,cpu_base,419,139
5,3,cpu_base,420,135
5,3,cpu_base,421,134
5,3,cpu_base,422,141
5,3,cpu_base,423,133
5,3,cpu_base,424,134
5,3,cpu_base,425,134
5,3,cpu_base,426,139
5,3,cpu_base,427,133
5,3,cpu_base,428,135
5,3,cpu_base,429,134
5,3,cpu_base,430,137
5,3,cpu_base,431,134
5,3,cpu_base,432,142
5,3,cpu_base,433,142
5,3,cpu_base,434,139
5,3,cpu_base,435,134
5,3,cpu_base,436,136
5,3,cpu_base,437,138
5,3,cpu_base,438,134
5,3,cpu_base,439,134
5,3,cpu_base,440,136
5,3,cpu_base,441,134
5,3,cpu_base,442,134
5,3,cpu_base,443,139
5,3,cpu_base,444,133
5,3,cpu_base,445,138
5,3,cpu_base,446,136
5,3,cpu_base,447,140
5,3,cpu_base,448,137
5,3,cpu_base,449,139
5,3,cpu_base,450,134
5,3,cpu_base,451,134
5,3,cpu_base,452,136
5,3,cpu_base,453,134
5,3,cpu_base,454,134
5,3,cpu_base,455,139
5,3,cpu_base,456,133
5,3,cpu_base,457,136
5,3,cpu_base,458,134
5,3,cpu_base,459,134
5,3,cpu_base,460,137
5,3,cpu_base,461,140
5,3,cpu_base,462,140
5,3,cpu_base,463,136
5,3,cpu_base,464,137
5,3,cpu_base,465,134
5,3,cpu_base,466,136
5,3,cpu_base,467,134
5,3,cpu_base,468,148
5,3,cpu_base,469,134
5,3,cpu_base,470,137
5,3,cpu_base,471,133
5,3,cpu_base,472,137
5,3,cpu_base,473,134
5,3,cpu_base,474,141
5,3,cpu_base,475,137
5,3,cpu_base,476,134
5,3,cpu_base,477,138
5,3,cpu_base,478,136
5,3,cpu_base,479,134
5,3,cpu_base,480,135
5,3,cpu_base,481,139
5,3,cpu_base,482,134
5,3,cpu_base,483,133
5,3,cpu_base,484,135
5,3,cpu_base,485,134
5,3,cpu_base,486,134
5,3,cpu_base,487,138
5,3,cpu_base,488,134
5,3,cpu_base,489,178
5,3,cpu_base,490,139
5,3,cpu_base,491,142
5,3,cpu_base,492,145
5,3,cpu_base,493,151
5,3,cpu_base,494,134
5,3,cpu_base,495,137
5,3,cpu_base,496,139
5,3,cpu_base,497,134
5,3,cpu_base,498,136
5,3,cpu_base,499,133
5,3,cpu_base,500,134
5,3,cpu_base,501,138
5,3,cpu_base,502,138
5,3,cpu_base,503,136
5,3,cpu_base,504,140
5,3,cpu_base,505,140
5,3,cpu_base,506,134
5,3,cpu_base,507,138
5,3,cpu_base,508,134
5,3,cpu_base,509,134
5,3,cpu_base,510,138
5,3,cpu_base,511,235
5,3,cpu_base,512,246
5,3,cpu_base,513,246
5,3,cpu_base,514,219
5,3,cpu_base,515,163
5,3,cpu_base,516,146
5,3,cpu_base,517,146
5,3,cpu_base,518,137
5,3,cpu_base,519,140
5,3,cpu_base,520,146
5,3,cpu_base,521,135
5,3,cpu_base,522,146
5,3,cpu_base,523,217
5,3,cpu_base,524,252
5,3,cpu_base,525,210
5,3,cpu_base,526,144
5,3,cpu_base,527,167
5,3,cpu_base,528,136
5,3,cpu_base,529,146
5,3,cpu_base,530,164
5,3,cpu_base,531,138
5,3,cpu_base,532,136
5,3,cpu_base,533,134
5,3,cpu_base,534,135
5,3,cpu_base,535,134
5,3,cpu_base,536,138
5,3,cpu_base,537,134
5,3,cpu_base,538,140
5,3,cpu_base,539,136
5,3,cpu_base,540,139
5,3,cpu_base,541,142
5,3,cpu_base,542,149
5,3,cpu_base,543,138
5,3,cpu_base,544,139
5,3,cpu_base,545,141
5,3,cpu_base,546,134
5,3,cpu_base,547,138
5,3,cpu_base,548,135
5,3,cpu_base,549,134
5,3,cpu_base,550,137
5,3,cpu_base,551,134
5,3,cpu_base,552,134
5,3,cpu_base,553,141
5,3,cpu_base,554,141
5,3,cpu_base,555,137
5,3,cpu_base,556,142
5,3,cpu_base,557,147
5,3,cpu_base,558,138
5,3,cpu_base,559,142
5,3,cpu_base,560,134
5,3,cpu_base,561,136
5,3,cpu_base,562,136
5,3,cpu_base,563,140
5,3,cpu_base,564,137
5,3,cpu_base,565,139
5,3,cpu_base,566,134
5,3,cpu_base,567,134
5,3,cpu_base,568,141
5,3,cpu_base,569,138
5,3,cpu_base,570,140
5,3,cpu_base,571,135
5,3,cpu_base,572,151
5,3,cpu_base,573,138
5,3,cpu_base,574,137
5,3,cpu_base,575,134
5,3,cpu_base,576,134
5,3,cpu_base,577,133
5,3,cpu_base,578,134
5,3,cpu_base,579,138
5,3,cpu_base,580,137
5,3,cpu_base,581,133
5,3,cpu_base,582,136
5,3,cpu_base,583,137
5,3,cpu_base,584,133
5,3,cpu_base,585,146
5,3,cpu_base,586,145
5,3,cpu_base,587,133
5,3,cpu_base,588,151
5,3,cpu_base,589,134
5,3,cpu_base,590,133
5,3,cpu_base,591,133
5,3,cpu_base,592,179
5,3,cpu_base,593,133
5,3,cpu_base,594,136
5,3,cpu_base,595,134
5,3,cpu_base,596,147
5,3,cpu_base,597,134
5,3,cpu_base,598,138
5,3,cpu_base,599,143
5,3,cpu_base,600,135
5,3,cpu_base,601,134
5,3,cpu_base,602,137
5,3,cpu_base,603,136
5,3,cpu_base,604,139
5,3,cpu_base,605,133
5,3,cpu_base,606,134
5,3,cpu_base,607,133
5,3,cpu_base,608,136
5,3,cpu_base,609,134
5,3,cpu_base,610,134
5,3,cpu_base,611,133
5,3,cpu_base,612,134
5,3,cpu_base,613,142
5,3,cpu_base,614,139
5,3,cpu_base,615,134
5,3,cpu_base,616,133
5,3,cpu_base,617,138
5,3,cpu_base,618,134
5,3,cpu_base,619,134
5,3,cpu_base,620,133
5,3,cpu_base,621,255
5,3,cpu_base,622,200
5,3,cpu_base,623,165
5,3,cpu_base,624,136
5,3,cpu_base,625,138
5,3,cpu_base,626,141
5,3,cpu_base,627,137
5,3,cpu_base,628,133
5,3,cpu_base,629,134
5,3,cpu_base,630,148
5,3,cpu_base,631,167
5,3,cpu_base,632,206
5,3,cpu_base,633,201
5,3,cpu_base,634,136
5,3,cpu_base,635,140
5,3,cpu_base,636,136
5,3,cpu_base,637,135
5,3,cpu_base,638,134
5,3,cpu_base,639,137
5,3,cpu_base,640,153
5,3,cpu_base,641,144
5,3,cpu_base,642,136
5,3,cpu_base,643,143
5,3,cpu_base,644,135
5,3,cpu_base,645,144
5,3,cpu_base,646,146
5,3,cpu_base,647,135
5,3,cpu_base,648,135
5,3,cpu_base,649,142
5,3,cpu_base,650,135
5,3,cpu_base,651,135
5,3,cpu_base,652,135
5,3,cpu_base,653,141
5,3,cpu_base,654,144
5,3,cpu_base,655,153
5,3,cpu_base,656,137
5,3,cpu_base,657,138
5,3,cpu_base,658,142
5,3,cpu_base,659,135
5,3,cpu_base,660,143
5,3,cpu_base,661,134
5,3,cpu_base,662,135
5,3,cpu_base,663,138
5,3,cpu_base,664,134
5,3,cpu_base,665,135
5,3,cpu_base,666,136
5,3,cpu_base,667,145
5,3,cpu_base,668,143
5,3,cpu_base,669,137
5,3,cpu_base,670,138
5,3,cpu_base,671,135
5,3,cpu_base,672,142
5,3,cpu_base,673,137
5,3,cpu_base,674,144
5,3,cpu_base,675,146
5,3,cpu_base,676,137
5,3,cpu_base,677,138
5,3,cpu_base,678,139
5,3,cpu_base,679,135
5,3,cpu_base,680,135
5,3,cpu_base,681,138
5,3,cpu_base,682,145
5,3,cpu_base,683,138
5,3,cpu_base,684,137
5,3,cpu_base,685,136
5,3,cpu_base,686,139
5,3,cpu_base,687,136
5,3,cpu_base,688,138
5,3,cpu_base,689,140
5,3,cpu_base,690,134
5,3,cpu_base,691,135
5,3,cpu_base,692,141
5,3,cpu_base,693,135
5,3,cpu_base,694,135
5,3,cpu_base,695,138
5,3,cpu_base,696,138
5,3,cpu_base,697,139
5,3,cpu_base,698,138
5,3,cpu_base,699,137
5,3,cpu_base,700,136
5,3,cpu_base,701,142
5,3,cpu_base,702,135
5,3,cpu_base,703,168
5,3,cpu_base,704,135
5,3,cpu_base,705,136
5,3,cpu_base,706,137
5,3,cpu_base,707,135
5,3,cpu_base,708,135
5,3,cpu_base,709,135
5,3,cpu_base,710,142
5,3,cpu_base,711,139
5,3,cpu_base,712,136
5,3,cpu_base,713,139
5,3,cpu_base,714,137
5,3,cpu_base,715,137
5,3,cpu_base,716,134
5,3,cpu_base,717,137
5,3,cpu_base,718,138
5,3,cpu_base,719,136
5,3,cpu_base,720,135
5,3,cpu_base,721,138
5,3,cpu_base,722,136
5,3,cpu_base,723,135
5,3,cpu_base,724,136
5,3,cpu_base,725,141
5,3,cpu_base,726,143
5,3,cpu_base,727,135
5,3,cpu_base,728,134
5,3,cpu_base,729,156
5,3,cpu_base,730,137
5,3,cpu_base,731,135
5,3,cpu_base,732,305
5,3,cpu_base,733,289
5,3,cpu_base,734,177
5,3,cpu_base,735,135
5,3,cpu_base,736,140
5,3,cpu_base,737,156
5,3,cpu_base,738,136
5,3,cpu_base,739,151
5,3,cpu_base,740,135
5,3,cpu_base,741,151
5,3,cpu_base,742,134
5,3,cpu_base,743,138
5,3,cpu_base,744,135
5,3,cpu_base,745,139
5,3,cpu_base,746,141
5,3,cpu_base,747,144
5,3,cpu_base,748,133
5,3,cpu_base,749,139
5,3,cpu_base,750,134
5,3,cpu_base,751,141
5,3,cpu_base,752,134
5,3,cpu_base,753,137
5,3,cpu_base,754,138
5,3,cpu_base,755,137
5,3,cpu_base,756,135
5,3,cpu_base,757,137
5,3,cpu_base,758,134
5,3,cpu_base,759,136
5,3,cpu_base,760,134
5,3,cpu_base,761,138
5,3,cpu_base,762,134
5,3,cpu_base,763,138
5,3,cpu_base,764,134
5,3,cpu_base,765,134
5,3,cpu_base,766,146
5,3,cpu_base,767,135
5,3,cpu_base,768,137
5,3,cpu_base,769,134
5,3,cpu_base,770,137
5,3,cpu_base,771,134
5,3,cpu_base,772,138
5,3,cpu_base,773,134
5,3,cpu_base,774,138
5,3,cpu_base,775,133
5,3,cpu_base,776,137
5,3,cpu_base,777,134
5,3,cpu_base,778,139
5,3,cpu_base,779,134
5,3,cpu_base,780,138
5,3,cpu_base,781,138
5,3,cpu_base,782,133
5,3,cpu_base,783,154
5,3,cpu_base,784,143
5,3,cpu_base,785,138
5,3,cpu_base,786,161
5,3,cpu_base,787,146
5,3,cpu_base,788,150
5,3,cpu_base,789,134
5,3,cpu_base,790,140
5,3,cpu_base,791,134
5,3,cpu_base,792,135
5,3,cpu_base,793,134
5,3,cpu_base,794,139
5,3,cpu_base,795,139
5,3,cpu_base,796,135
5,3,cpu_base,797,139
5,3,cpu_base,798,139
5,3,cpu_base,799,134
5,3,cpu_base,800,135
5,3,cpu_base,801,185
5,3,cpu_base,802,135
5,3,cpu_base,803,133
5,3,cpu_base,804,134
5,3,cpu_base,805,134
5,3,cpu_base,806,136
5,3,cpu_base,807,136
5,3,cpu_base,808,135
5,3,cpu_base,809,146
5,3,cpu_base,810,136
5,3,cpu_base,811,136
5,3,cpu_base,812,137
5,3,cpu_base,813,134
5,3,cpu_base,814,134
5,3,cpu_base,815,139
5,3,cpu_base,816,142
5,3,cpu_base,817,135
5,3,cpu_base,818,134
5,3,cpu_base,819,134
5,3,cpu_base,820,134
5,3,cpu_base,821,142
5,3,cpu_base,822,134
5,3,cpu_base,823,141
5,3,cpu_base,824,137
5,3,cpu_base,825,134
5,3,cpu_base,826,137
5,3,cpu_base,827,141
5,3,cpu_base,828,134
5,3,cpu_base,829,137
5,3,cpu_base,830,138
5,3,cpu_base,831,134
5,3,cpu_base,832,134
5,3,cpu_base,833,134
5,3,cpu_base,834,144
5,3,cpu_base,835,137
5,3,cpu_base,836,139
5,3,cpu_base,837,134
5,3,cpu_base,838,141
5,3,cpu_base,839,137
5,3,cpu_base,840,137
5,3,cpu_base,841,223
5,3,cpu_base,842,169
5,3,cpu_base,843,238
5,3,cpu_base,844,181
5,3,cpu_base,845,150
5,3,cpu_base,846,192
5,3,cpu_base,847,135
5,3,cpu_base,848,139
5,3,cpu_base,849,148
5,3,cpu_base,850,147
5,3,cpu_base,851,148
5,3,cpu_base,852,142
5,3,cpu_base,853,153
5,3,cpu_base,854,134
5,3,cpu_base,855,134
5,3,cpu_base,856,140
5,3,cpu_base,857,133
5,3,cpu_base,858,138
5,3,cpu_base,859,134
5,3,cpu_base,860,133
5,3,cpu_base,861,133
5,3,cpu_base,862,136
5,3,cpu_base,863,138
5,3,cpu_base,864,140
5,3,cpu_base,865,135
5,3,cpu_base,866,139
5,3,cpu_base,867,138
5,3,cpu_base,868,137
5,3,cpu_base,869,133
5,3,cpu_base,870,136
5,3,cpu_base,871,138
5,3,cpu_base,872,133
5,3,cpu_base,873,137
5,3,cpu_base,874,133
5,3,cpu_base,875,133
5,3,cpu_base,876,140
5,3,cpu_base,877,193
5,3,cpu_base,878,140
5,3,cpu_base,879,143
5,3,cpu_base,880,150
5,3,cpu_base,881,152
5,3,cpu_base,882,140
5,3,cpu_base,883,137
5,3,cpu_base,884,138
5,3,cpu_base,885,138
5,3,cpu_base,886,135
5,3,cpu_base,887,150
5,3,cpu_base,888,144
5,3,cpu_base,889,149
5,3,cpu_base,890,138
5,3,cpu_base,891,134
5,3,cpu_base,892,138
5,3,cpu_base,893,172
5,3,cpu_base,894,137
5,3,cpu_base,895,134
5,3,cpu_base,896,137
5,3,cpu_base,897,134
5,3,cpu_base,898,136
5,3,cpu_base,899,139
5,3,cpu_base,900,134
5,3,cpu_base,901,143
5,3,cpu_base,902,133
5,3,cpu_base,903,134
5,3,cpu_base,904,136
5,3,cpu_base,905,139
5,3,cpu_base,906,140
5,3,cpu_base,907,134
5,3,cpu_base,908,135
5,3,cpu_base,909,186
5,3,cpu_base,910,136
5,3,cpu_base,911,137
5,3,cpu_base,912,135
5,3,cpu_base,913,149
5,3,cpu_base,914,135
5,3,cpu_base,915,141
5,3,cpu_base,916,155
5,3,cpu_base,917,135
5,3,cpu_base,918,137
5,3,cpu_base,919,137
5,3,cpu_base,920,134
5,3,cpu_base,921,135
5,3,cpu_base,922,134
5,3,cpu_base,923,138
5,3,cpu_base,924,135
5,3,cpu_base,925,138
5,3,cpu_base,926,133
5,3,cpu_base,927,155
5,3,cpu_base,928,135
5,3,cpu_base,929,138
5,3,cpu_base,930,135
5,3,cpu_base,931,139
5,3,cpu_base,932,133
5,3,cpu_base,933,137
5,3,cpu_base,934,142
5,3,cpu_base,935,133
5,3,cpu_base,936,136
5,3,cpu_base,937,134
5,3,cpu_base,938,134
5,3,cpu_base,939,140
5,3,cpu_base,940,140
5,3,cpu_base,941,139
5,3,cpu_base,942,134
5,3,cpu_base,943,148
5,3,cpu_base,944,133
5,3,cpu_base,945,137
5,3,cpu_base,946,134
5,3,cpu_base,947,144
5,3,cpu_base,948,136
5,3,cpu_base,949,137
5,3,cpu_base,950,137
5,3,cpu_base,951,139
5,3,cpu_base,952,134
5,3,cpu_base,953,180
5,3,cpu_base,954,164
5,3,cpu_base,955,183
5,3,cpu_base,956,158
5,3,cpu_base,957,138
5,3,cpu_base,958,134
5,3,cpu_base,959,134
5,3,cpu_base,960,134
5,3,cpu_base,961,134
5,3,cpu_base,962,150
5,3,cpu_base,963,136
5,3,cpu_base,964,136
5,3,cpu_base,965,152
5,3,cpu_base,966,133
5,3,cpu_base,967,141
5,3,cpu_base,968,137
5,3,cpu_base,969,134
5,3,cpu_base,970,134
5,3,cpu_base,971,141
5,3,cpu_base,972,134
5,3,cpu_base,973,134
5,3,cpu_base,974,133
5,3,cpu_base,975,140
5,3,cpu_base,976,135
5,3,cpu_base,977,134
5,3,cpu_base,978,138
5,3,cpu_base,979,138
5,3,cpu_base,980,139
5,3,cpu_base,981,134
5,3,cpu_base,982,139
5,3,cpu_base,983,132
5,3,cpu_base,984,133
5,3,cpu_base,985,137
5,3,cpu_base,986,136
5,3,cpu_base,987,133
5,3,cpu_base,988,133
5,3,cpu_base,989,141
5,3,cpu_base,990,147
5,3,cpu_base,991,137
5,3,cpu_base,992,135
5,3,cpu_base,993,145
5,3,cpu_base,994,137
5,3,cpu_base,995,134
5,3,cpu_base,996,135
5,3,cpu_base,997,137
5,3,cpu_base,998,134
5,3,cpu_base,999,134
5,3,serial,0,459
5,3,serial,1,453
5,3,serial,2,475
5,3,serial,3,466
5,3,serial,4,472
5,3,serial,5,466
5,3,serial,6,474
5,3,serial,7,506
5,3,serial,8,505
5,3,serial,9,495
5,3,serial,10,483
5,3,serial,11,477
5,3,serial,12,473
5,3,serial,13,474
5,3,serial,14,521
5,3,serial,15,470
5,3,serial,16,458
5,3,serial,17,467
5,3,serial,18,488
5,3,serial,19,509
5,3,serial,20,461
5,3,serial,21,461
5,3,serial,22,474
5,3,serial,23,495
5,3,serial,24,478
5,3,serial,25,468
5,3,serial,26,456
5,3,serial,27,460
5,3,serial,28,459
5,3,serial,29,457
5,3,serial,30,461
5,3,serial,31,460
5,3,serial,32,469
5,3,serial,33,459
5,3,serial,34,468
5,3,serial,35,459
5,3,serial,36,458
5,3,serial,37,459
5,3,serial,38,491
5,3,serial,39,483
5,3,serial,40,449
5,3,serial,41,449
5,3,serial,42,478
5,3,serial,43,473
5,3,serial,44,759
5,3,serial,45,591
5,3,serial,46,466
5,3,serial,47,456
5,3,serial,48,512
5,3,serial,49,763
5,3,serial,50,479
5,3,serial,51,495
5,3,serial,52,462
5,3,serial,53,465
5,3,serial,54,470
5,3,serial,55,454
5,3,serial,56,457
5,3,serial,57,444
5,3,serial,58,453
5,3,serial,59,473
5,3,serial,60,449
5,3,serial,61,463
5,3,serial,62,454
5,3,serial,63,451
5,3,serial,64,464
5,3,serial,65,449
5,3,serial,66,452
5,3,serial,67,463
5,3,serial,68,447
5,3,serial,69,454
5,3,serial,70,447
5,3,serial,71,451
5,3,serial,72,458
5,3,serial,73,452
5,3,serial,74,454
5,3,serial,75,450
5,3,serial,76,454
5,3,serial,77,453
5,3,serial,78,455
5,3,serial,79,455
5,3,serial,80,456
5,3,serial,81,458
5,3,serial,82,457
5,3,serial,83,454
5,3,serial,84,457
5,3,serial,85,600
5,3,serial,86,471
5,3,serial,87,456
5,3,serial,88,456
5,3,serial,89,455
5,3,serial,90,458
5,3,serial,91,457
5,3,serial,92,455
5,3,serial,93,465
5,3,serial,94,484
5,3,serial,95,477
5,3,serial,96,458
5,3,serial,97,456
5,3,serial,98,455
5,3,serial,99,455
5,3,serial,100,453
5,3,serial,101,461
5,3,serial,102,475
5,3,serial,103,464
5,3,serial,104,475
5,3,serial,105,456
5,3,serial,106,453
5,3,serial,107,463
5,3,serial,108,458
5,3,serial,109,462
5,3,serial,110,454
5,3,serial,111,465
5,3,serial,112,464
5,3,serial,113,458
5,3,serial,114,458
5,3,serial,115,1018
5,3,serial,116,2425
5,3,serial,117,511
5,3,serial,118,449
5,3,serial,119,466
5,3,serial,120,444
5,3,serial,121,498
5,3,serial,122,485
5,3,serial,123,456
5,3,serial,124,452
5,3,serial,125,469
5,3,serial,126,475
5,3,serial,127,473
5,3,serial,128,522
5,3,serial,129,511
5,3,serial,130,454
5,3,serial,131,476
5,3,serial,132,486
5,3,serial,133,461
5,3,serial,134,483
5,3,serial,135,453
5,3,serial,136,463
5,3,serial,137,455
5,3,serial,138,472
5,3,serial,139,466
5,3,serial,140,453
5,3,serial,141,463
5,3,serial,142,454
5,3,serial,143,449
5,3,serial,144,457
5,3,serial,145,618
5,3,serial,146,562
5,3,serial,147,457
5,3,serial,148,543
5,3,serial,149,461
5,3,serial,150,441
5,3,serial,151,445
5,3,serial,152,463
5,3,serial,153,737
5,3,serial,154,732
5,3,serial,155,729
5,3,serial,156,726
5,3,serial,157,733
5,3,serial,158,732
5,3,serial,159,722
5,3,serial,160,729
5,3,serial,161,720
5,3,serial,162,721
5,3,serial,163,731
5,3,serial,164,721
5,3,serial,165,724
5,3,serial,166,722
5,3,serial,167,719
5,3,serial,168,719
5,3,serial,169,860
5,3,serial,170,635
5,3,serial,171,472
5,3,serial,172,490
5,3,serial,173,461
5,3,serial,174,462
5,3,serial,175,462
5,3,serial,176,462
5,3,serial,177,456
5,3,serial,178,468
5,3,serial,179,457
5,3,serial,180,457
5,3,serial,181,456
5,3,serial,182,463
5,3,serial,183,462
5,3,serial,184,452
5,3,serial,185,476
5,3,serial,186,456
5,3,serial,187,454
5,3,serial,188,453
5,3,serial,189,462
5,3,serial,190,456
5,3,serial,191,462
5,3,serial,192,456
5,3,serial,193,493
5,3,serial,194,466
5,3,serial,195,460
5,3,serial,196,462
5,3,serial,197,456
5,3,serial,198,459
5,3,serial,199,471
5,3,serial,200,460
5,3,serial,201,459
5,3,serial,202,490
5,3,serial,203,467
5,3,serial,204,469
5,3,serial,205,462
5,3,serial,206,475
5,3,serial,207,458
5,3,serial,208,464
5,3,serial,209,469
5,3,serial,210,460
5,3,serial,211,459
5,3,serial,212,456
5,3,serial,213,457
5,3,serial,214,458
5,3,serial,215,479
5,3,serial,216,460
5,3,serial,217,464
5,3,serial,218,460
5,3,serial,219,465
5,3,serial,220,457
5,3,serial,221,459
5,3,serial,222,466
5,3,serial,223,469
5,3,serial,224,461
5,3,serial,225,467
5,3,serial,226,467
5,3,serial,227,458
5,3,serial,228,478
5,3,serial,229,461
5,3,serial,230,471
5,3,serial,231,458
5,3,serial,232,470
5,3,serial,233,477
5,3,serial,234,467
5,3,serial,235,527
5,3,serial,236,456
5,3,serial,237,481
5,3,serial,238,442
5,3,serial,239,509
5,3,serial,240,506
5,3,serial,241,462
5,3,serial,242,474
5,3,serial,243,475
5,3,serial,244,470
5,3,serial,245,484
5,3,serial,246,466
5,3,serial,247,461
5,3,serial,248,485
5,3,serial,249,504
5,3,serial,250,508
5,3,serial,251,453
5,3,serial,252,471
5,3,serial,253,474
5,3,serial,254,462
5,3,serial,255,466
5,3,serial,256,452
5,3,serial,257,453
5,3,serial,258,450
5,3,serial,259,457
5,3,serial,260,474
5,3,serial,261,455
5,3,serial,262,452
5,3,serial,263,461
5,3,serial,264,452
5,3,serial,265,450
5,3,serial,266,446
5,3,serial,267,452
5,3,serial,268,463
5,3,serial,269,497
5,3,serial,270,458
5,3,serial,271,451
5,3,serial,272,453
5,3,serial,273,458
5,3,serial,274,457
5,3,serial,275,454
5,3,serial,276,465
5,3,serial,277,457
5,3,serial,278,454
5,3,serial,279,452
5,3,serial,280,452
5,3,serial,281,457
5,3,serial,282,456
5,3,serial,283,450
5,3,serial,284,452
5,3,serial,285,459
5,3,serial,286,457
5,3,serial,287,462
5,3,serial,288,457
5,3,serial,289,454
5,3,serial,290,459
5,3,serial,291,459
5,3,serial,292,458
5,3,serial,293,457
5,3,serial,294,464
5,3,serial,295,461
5,3,serial,296,457
5,3,serial,297,459
5,3,serial,298,464
5,3,serial,299,456
5,3,serial,300,459
5,3,serial,301,456
5,3,serial,302,659
5,3,serial,303,491
5,3,serial,304,464
5,3,serial,305,522
5,3,serial,306,461
5,3,serial,307,469
5,3,serial,308,430
5,3,serial,309,436
5,3,serial,310,432
5,3,serial,311,438
5,3,serial,312,430
5,3,serial,313,429
5,3,serial,314,425
5,3,serial,315,442
5,3,serial,316,451
5,3,serial,317,444
5,3,serial,318,425
5,3,serial,319,477
5,3,serial,320,456
5,3,serial,321,455
5,3,serial,322,464
5,3,serial,323,454
5,3,serial,324,458
5,3,serial,325,453
5,3,serial,326,459
5,3,serial,327,452
5,3,serial,328,459
5,3,serial,329,460
5,3,serial,330,453
5,3,serial,331,455
5,3,serial,332,450
5,3,serial,333,454
5,3,serial,334,457
5,3,serial,335,450
5,3,serial,336,627
5,3,serial,337,463
5,3,serial,338,559
5,3,serial,339,528
5,3,serial,340,527
5,3,serial,341,523
5,3,serial,342,476
5,3,serial,343,471
5,3,serial,344,461
5,3,serial,345,470
5,3,serial,346,492
5,3,serial,347,474
5,3,serial,348,471
5,3,serial,349,533
5,3,serial,350,530
5,3,serial,351,522
5,3,serial,352,528
5,3,serial,353,524
5,3,serial,354,548
5,3,serial,355,503
5,3,serial,356,507
5,3,serial,357,539
5,3,serial,358,542
5,3,serial,359,965
5,3,serial,360,991
5,3,serial,361,6732
5,3,serial,362,5870
5,3,serial,363,4178
5,3,serial,364,602
5,3,serial,365,566
5,3,serial,366,603
5,3,serial,367,519
5,3,serial,368,494
5,3,serial,369,505
5,3,serial,370,504
5,3,serial,371,541
5,3,serial,372,479
5,3,serial,373,493
5,3,serial,374,481
5,3,serial,375,533
5,3,serial,376,498
5,3,serial,377,492
5,3,serial,378,525
5,3,serial,379,486
5,3,serial,380,509
5,3,serial,381,484
5,3,serial,382,488
5,3,serial,383,483
5,3,serial,384,479
5,3,serial,385,480
5,3,serial,386,485
5,3,serial,387,503
5,3,serial,388,519
5,3,serial,389,503
5,3,serial,390,539
5,3,serial,391,516
5,3,serial,392,565
5,3,serial,393,837
5,3,serial,394,473
5,3,serial,395,460
5,3,serial,396,462
5,3,serial,397,455
5,3,serial,398,454
5,3,serial,399,454
5,3,serial,400,461
5,3,serial,401,458
5,3,serial,402,462
5,3,serial,403,462
5,3,serial,404,460
5,3,serial,405,456
5,3,serial,406,460
5,3,serial,407,462
5,3,serial,408,457
5,3,serial,409,466
5,3,serial,410,468
5,3,serial,411,456
5,3,serial,412,456
5,3,serial,413,460
5,3,serial,414,478
5,3,serial,415,455
5,3,serial,416,457
5,3,serial,417,468
5,3,serial,418,464
5,3,serial,419,461
5,3,serial,420,473
5,3,serial,421,450
5,3,serial,422,447
5,3,serial,423,446
5,3,serial,424,480
5,3,serial,425,476
5,3,serial,426,461
5,3,serial,427,578
5,3,serial,428,527
5,3,serial,429,474
5,3,serial,430,473
5,3,serial,431,554
5,3,serial,432,558
5,3,serial,433,490
5,3,serial,434,488
5,3,serial,435,460
5,3,serial,436,471
5,3,serial,437,477
5,3,serial,438,455
5,3,serial,439,448
5,3,serial,440,450
5,3,serial,441,490
5,3,serial,442,451
5,3,serial,443,460
5,3,serial,444,466
5,3,serial,445,453
5,3,serial,446,448
5,3,serial,447,452
5,3,serial,448,447
5,3,serial,449,452
5,3,serial,450,448
5,3,serial,451,446
5,3,serial,452,461
5,3,serial,453,461
5,3,serial,454,452
5,3,serial,455,447
5,3,serial,456,448
5,3,serial,457,452
5,3,serial,458,451
5,3,serial,459,449
5,3,serial,460,538
5,3,serial,461,482
5,3,serial,462,469
5,3,serial,463,461
5,3,serial,464,456
5,3,serial,465,458
5,3,serial,466,423
5,3,serial,467,406
5,3,serial,468,408
5,3,serial,469,404
5,3,serial,470,407
5,3,serial,471,399
5,3,serial,472,399
5,3,serial,473,401
5,3,serial,474,406
5,3,serial,475,400
5,3,serial,476,398
5,3,serial,477,399
5,3,serial,478,398
5,3,serial,479,403
5,3,serial,480,401
5,3,serial,481,399
5,3,serial,482,399
5,3,serial,483,414
5,3,serial,484,436
5,3,serial,485,400
5,3,serial,486,396
5,3,serial,487,397
5,3,serial,488,398
5,3,serial,489,398
5,3,serial,490,396
5,3,serial,491,433
5,3,serial,492,402
5,3,serial,493,397
5,3,serial,494,404
5,3,serial,495,398
5,3,serial,496,397
5,3,serial,497,398
5,3,serial,498,480
5,3,serial,499,472
5,3,serial,500,456
5,3,serial,501,461
5,3,serial,502,463
5,3,serial,503,455
5,3,serial,504,452
5,3,serial,505,451
5,3,serial,506,460
5,3,serial,507,459
5,3,serial,508,451
5,3,serial,509,455
5,3,serial,510,458
5,3,serial,511,448
5,3,serial,512,451
5,3,serial,513,450
5,3,serial,514,455
5,3,serial,515,458
5,3,serial,516,450
5,3,serial,517,451
5,3,serial,518,448
5,3,serial,519,453
5,3,serial,520,480
5,3,serial,521,448
5,3,serial,522,449
5,3,serial,523,455
5,3,serial,524,451
5,3,serial,525,449
5,3,serial,526,447
5,3,serial,527,450
5,3,serial,528,460
5,3,serial,529,649
5,3,serial,530,460
5,3,serial,531,458
5,3,serial,532,534
5,3,serial,533,533
5,3,serial,534,535
5,3,serial,535,536
5,3,serial,536,516
5,3,serial,537,516
5,3,serial,538,519
5,3,serial,539,514
5,3,serial,540,540
5,3,serial,541,522
5,3,serial,542,515
5,3,serial,543,518
5,3,serial,544,516
5,3,serial,545,491
5,3,serial,546,541
5,3,serial,547,550
5,3,serial,548,529
5,3,serial,549,511
5,3,serial,550,577
5,3,serial,551,510
5,3,serial,552,512
5,3,serial,553,477
5,3,serial,554,502
5,3,serial,555,531
5,3,serial,556,451
5,3,serial,557,475
5,3,serial,558,475
5,3,serial,559,460
5,3,serial,560,450
5,3,serial,561,454
5,3,serial,562,578
5,3,serial,563,493
5,3,serial,564,474
5,3,serial,565,454
5,3,serial,566,433
5,3,serial,567,427
5,3,serial,568,501
5,3,serial,569,454
5,3,serial,570,428
5,3,serial,571,471
5,3,serial,572,448
5,3,serial,573,462
5,3,serial,574,459
5,3,serial,575,453
5,3,serial,576,448
5,3,serial,577,452
5,3,serial,578,455
5,3,serial,579,455
5,3,serial,580,446
5,3,serial,581,451
5,3,serial,582,506
5,3,serial,583,455
5,3,serial,584,439
5,3,serial,585,458
5,3,serial,586,450
5,3,serial,587,459
5,3,serial,588,464
5,3,serial,589,459
5,3,serial,590,458
5,3,serial,591,518
5,3,serial,592,509
5,3,serial,593,517
5,3,serial,594,505
5,3,serial,595,638
5,3,serial,596,518
5,3,serial,597,518
5,3,serial,598,512
5,3,serial,599,513
5,3,serial,600,506
5,3,serial,601,520
5,3,serial,602,495
5,3,serial,603,504
5,3,serial,604,967
5,3,serial,605,500
5,3,serial,606,488
5,3,serial,607,479
5,3,serial,608,481
5,3,serial,609,506
5,3,serial,610,487
5,3,serial,611,478
5,3,serial,612,475
5,3,serial,613,480
5,3,serial,614,485
5,3,serial,615,480
5,3,serial,616,479
5,3,serial,617,478
5,3,serial,618,507
5,3,serial,619,479
5,3,serial,620,480
5,3,serial,621,480
5,3,serial,622,489
5,3,serial,623,477
5,3,serial,624,478
5,3,serial,625,477
5,3,serial,626,629
5,3,serial,627,481
5,3,serial,628,502
5,3,serial,629,543
5,3,serial,630,499
5,3,serial,631,474
5,3,serial,632,482
5,3,serial,633,479
5,3,serial,634,487
5,3,serial,635,482
5,3,serial,636,471
5,3,serial,637,488
5,3,serial,638,473
5,3,serial,639,476
5,3,serial,640,479
5,3,serial,641,473
5,3,serial,642,489
5,3,serial,643,477
5,3,serial,644,485
5,3,serial,645,482
5,3,serial,646,484
5,3,serial,647,476
5,3,serial,648,482
5,3,serial,649,493
5,3,serial,650,481
5,3,serial,651,500
5,3,serial,652,482
5,3,serial,653,587
5,3,serial,654,847
5,3,serial,655,1013
5,3,serial,656,552
5,3,serial,657,549
5,3,serial,658,510
5,3,serial,659,494
5,3,serial,660,497
5,3,serial,661,454
5,3,serial,662,445
5,3,serial,663,448
5,3,serial,664,452
5,3,serial,665,447
5,3,serial,666,453
5,3,serial,667,498
5,3,serial,668,476
5,3,serial,669,463
5,3,serial,670,456
5,3,serial,671,448
5,3,serial,672,454
5,3,serial,673,443
5,3,serial,674,463
5,3,serial,675,475
5,3,serial,676,450
5,3,serial,677,451
5,3,serial,678,452
5,3,serial,679,471
5,3,serial,680,443
5,3,serial,681,444
5,3,serial,682,447
5,3,serial,683,441
5,3,serial,684,442
5,3,serial,685,443
5,3,serial,686,448
5,3,serial,687,462
5,3,serial,688,444
5,3,serial,689,483
5,3,serial,690,501
5,3,serial,691,498
5,3,serial,692,480
5,3,serial,693,555
5,3,serial,694,526
5,3,serial,695,523
5,3,serial,696,519
5,3,serial,697,522
5,3,serial,698,519
5,3,serial,699,519
5,3,serial,700,518
5,3,serial,701,518
5,3,serial,702,518
5,3,serial,703,521
5,3,serial,704,519
5,3,serial,705,518
5,3,serial,706,519
5,3,serial,707,520
5,3,serial,708,551
5,3,serial,709,538
5,3,serial,710,484
5,3,serial,711,483
5,3,serial,712,480
5,3,serial,713,550
5,3,serial,714,539
5,3,serial,715,480
5,3,serial,716,507
5,3,serial,717,991
5,3,serial,718,455
5,3,serial,719,449
5,3,serial,720,612
5,3,serial,721,514
5,3,serial,722,497
5,3,serial,723,591
5,3,serial,724,493
5,3,serial,725,481
5,3,serial,726,478
5,3,serial,727,493
5,3,serial,728,480
5,3,serial,729,483
5,3,serial,730,481
5,3,serial,731,477
5,3,serial,732,483
5,3,serial,733,475
5,3,serial,734,482
5,3,serial,735,512
5,3,serial,736,475
5,3,serial,737,477
5,3,serial,738,477
5,3,serial,739,480
5,3,serial,740,479
5,3,serial,741,481
5,3,serial,742,477
5,3,serial,743,477
5,3,serial,744,477
5,3,serial,745,476
5,3,serial,746,476
5,3,serial,747,481
5,3,serial,748,475
5,3,serial,749,474
5,3,serial,750,476
5,3,serial,751,478
5,3,serial,752,481
5,3,serial,753,577
5,3,serial,754,593
5,3,serial,755,597
5,3,serial,756,580
5,3,serial,757,579
5,3,serial,758,621
5,3,serial,759,521
5,3,serial,760,519
5,3,serial,761,507
5,3,serial,762,546
5,3,serial,763,492
5,3,serial,764,489
5,3,serial,765,494
5,3,serial,766,484
5,3,serial,767,476
5,3,serial,768,471
5,3,serial,769,484
5,3,serial,770,517
5,3,serial,771,488
5,3,serial,772,527
5,3,serial,773,547
5,3,serial,774,549
5,3,serial,775,754
5,3,serial,776,487
5,3,serial,777,1010
5,3,serial,778,520
5,3,serial,779,523
5,3,serial,780,520
5,3,serial,781,792
5,3,serial,782,627
5,3,serial,783,567
5,3,serial,784,574
5,3,serial,785,573
5,3,serial,786,546
5,3,serial,787,494
5,3,serial,788,486
5,3,serial,789,556
5,3,serial,790,501
5,3,serial,791,491
5,3,serial,792,507
5,3,serial,793,515
5,3,serial,794,482
5,3,serial,795,478
5,3,serial,796,502
5,3,serial,797,510
5,3,serial,798,491
5,3,serial,799,488
5,3,serial,800,487
5,3,serial,801,473
5,3,serial,802,478
5,3,serial,803,472
5,3,serial,804,473
5,3,serial,805,482
5,3,serial,806,480
5,3,serial,807,486
5,3,serial,808,485
5,3,serial,809,475
5,3,serial,810,483
5,3,serial,811,473
5,3,serial,812,585
5,3,serial,813,482
5,3,serial,814,474
5,3,serial,815,482
5,3,serial,816,485
5,3,serial,817,475
5,3,serial,818,473
5,3,serial,819,484
5,3,serial,820,471
5,3,serial,821,471
5,3,serial,822,476
5,3,serial,823,482
5,3,serial,824,533
5,3,serial,825,524
5,3,serial,826,478
5,3,serial,827,476
5,3,serial,828,477
5,3,serial,829,482
5,3,serial,830,469
5,3,serial,831,475
5,3,serial,832,479
5,3,serial,833,476
5,3,serial,834,471
5,3,serial,835,474
5,3,serial,836,486
5,3,serial,837,482
5,3,serial,838,491
5,3,serial,839,821
5,3,serial,840,508
5,3,serial,841,481
5,3,serial,842,475
5,3,serial,843,596
5,3,serial,844,812
5,3,serial,845,756
5,3,serial,846,779
5,3,serial,847,487
5,3,serial,848,459
5,3,serial,849,509
5,3,serial,850,483
5,3,serial,851,473
5,3,serial,852,476
5,3,serial,853,472
5,3,serial,854,472
5,3,serial,855,477
5,3,serial,856,468
5,3,serial,857,478
5,3,serial,858,482
5,3,serial,859,476
5,3,serial,860,470
5,3,serial,861,477
5,3,serial,862,470
5,3,serial,863,478
5,3,serial,864,468
5,3,serial,865,475
5,3,serial,866,473
5,3,serial,867,473
5,3,serial,868,473
5,3,serial,869,472
5,3,serial,870,475
5,3,serial,871,480
5,3,serial,872,469
5,3,serial,873,476
5,3,serial,874,472
5,3,serial,875,479
5,3,serial,876,588
5,3,serial,877,491
5,3,serial,878,492
5,3,serial,879,488
5,3,serial,880,475
5,3,serial,881,481
5,3,serial,882,476
5,3,serial,883,476
5,3,serial,884,487
5,3,serial,885,476
5,3,serial,886,488
5,3,serial,887,484
5,3,serial,888,477
5,3,serial,889,470
5,3,serial,890,489
5,3,serial,891,477
5,3,serial,892,480
5,3,serial,893,484
5,3,serial,894,496
5,3,serial,895,494
5,3,serial,896,486
5,3,serial,897,477
5,3,serial,898,508
5,3,serial,899,476
5,3,serial,900,481
5,3,serial,901,502
5,3,serial,902,508
5,3,serial,903,478
5,3,serial,904,505
5,3,serial,905,484
5,3,serial,906,485
5,3,serial,907,485
5,3,serial,908,578
5,3,serial,909,485
5,3,serial,910,505
5,3,serial,911,504
5,3,serial,912,490
5,3,serial,913,508
5,3,serial,914,504
5,3,serial,915,475
5,3,serial,916,479
5,3,serial,917,507
5,3,serial,918,527
5,3,serial,919,482
5,3,serial,920,502
5,3,serial,921,493
5,3,serial,922,501
5,3,serial,923,468
5,3,serial,924,473
5,3,serial,925,473
5,3,serial,926,482
5,3,serial,927,489
5,3,serial,928,480
5,3,serial,929,474
5,3,serial,930,478
5,3,serial,931,475
5,3,serial,932,492
5,3,serial,933,491
5,3,serial,934,477
5,3,serial,935,473
5,3,serial,936,517
5,3,serial,937,476
5,3,serial,938,482
5,3,serial,939,474
5,3,serial,940,495
5,3,serial,941,450
5,3,serial,942,450
5,3,serial,943,454
5,3,serial,944,478
5,3,serial,945,471
5,3,serial,946,473
5,3,serial,947,482
5,3,serial,948,475
5,3,serial,949,469
5,3,serial,950,472
5,3,serial,951,472
5,3,serial,952,475
5,3,serial,953,473
5,3,serial,954,474
5,3,serial,955,480
5,3,serial,956,471
5,3,serial,957,493
5,3,serial,958,474
5,3,serial,959,471
5,3,serial,960,482
5,3,serial,961,477
5,3,serial,962,468
5,3,serial,963,471
5,3,serial,964,470
5,3,serial,965,477
5,3,serial,966,472
5,3,serial,967,478
5,3,serial,968,482
5,3,serial,969,472
5,3,serial,970,519
5,3,serial,971,471
5,3,serial,972,477
5,3,serial,973,483
5,3,serial,974,543
5,3,serial,975,519
5,3,serial,976,499
5,3,serial,977,500
5,3,serial,978,540
5,3,serial,979,512
5,3,serial,980,836
5,3,serial,981,768
5,3,serial,982,786
5,3,serial,983,551
5,3,serial,984,534
5,3,serial,985,522
5,3,serial,986,511
5,3,serial,987,508
5,3,serial,988,598
5,3,serial,989,816
5,3,serial,990,769
5,3,serial,991,929
5,3,serial,992,921
5,3,serial,993,761
5,3,serial,994,751
5,3,serial,995,763
5,3,serial,996,760
5,3,serial,997,629
5,3,serial,998,475
5,3,serial,999,452
5,3,concurrent,0,486
5,3,concurrent,1,487
5,3,concurrent,2,506
5,3,concurrent,3,491
5,3,concurrent,4,489
5,3,concurrent,5,477
5,3,concurrent,6,493
5,3,concurrent,7,488
5,3,concurrent,8,483
5,3,concurrent,9,474
5,3,concurrent,10,484
5,3,concurrent,11,485
5,3,concurrent,12,472
5,3,concurrent,13,474
5,3,concurrent,14,468
5,3,concurrent,15,472
5,3,concurrent,16,477
5,3,concurrent,17,490
5,3,concurrent,18,489
5,3,concurrent,19,488
5,3,concurrent,20,485
5,3,concurrent,21,487
5,3,concurrent,22,498
5,3,concurrent,23,665
5,3,concurrent,24,419
5,3,concurrent,25,423
5,3,concurrent,26,420
5,3,concurrent,27,527
5,3,concurrent,28,409
5,3,concurrent,29,410
5,3,concurrent,30,398
5,3,concurrent,31,468
5,3,concurrent,32,468
5,3,concurrent,33,454
5,3,concurrent,34,471
5,3,concurrent,35,527
5,3,concurrent,36,896
5,3,concurrent,37,860
5,3,concurrent,38,848
5,3,concurrent,39,818
5,3,concurrent,40,873
5,3,concurrent,41,859
5,3,concurrent,42,804
5,3,concurrent,43,866
5,3,concurrent,44,813
5,3,concurrent,45,807
5,3,concurrent,46,832
5,3,concurrent,47,850
5,3,concurrent,48,516
5,3,concurrent,49,476
5,3,concurrent,50,477
5,3,concurrent,51,519
5,3,concurrent,52,509
5,3,concurrent,53,491
5,3,concurrent,54,521
5,3,concurrent,55,514
5,3,concurrent,56,507
5,3,concurrent,57,504
5,3,concurrent,58,536
5,3,concurrent,59,495
5,3,concurrent,60,508
5,3,concurrent,61,503
5,3,concurrent,62,530
5,3,concurrent,63,567
5,3,concurrent,64,511
5,3,concurrent,65,508
5,3,concurrent,66,512
5,3,concurrent,67,524
5,3,concurrent,68,502
5,3,concurrent,69,505
5,3,concurrent,70,513
5,3,concurrent,71,512
5,3,concurrent,72,502
5,3,concurrent,73,508
5,3,concurrent,74,507
5,3,concurrent,75,527
5,3,concurrent,76,514
5,3,concurrent,77,506
5,3,concurrent,78,692
5,3,concurrent,79,498
5,3,concurrent,80,491
5,3,concurrent,81,488
5,3,concurrent,82,490
5,3,concurrent,83,496
5,3,concurrent,84,488
5,3,concurrent,85,490
5,3,concurrent,86,502
5,3,concurrent,87,490
5,3,concurrent,88,487
5,3,concurrent,89,488
5,3,concurrent,90,505
5,3,concurrent,91,491
5,3,concurrent,92,492
5,3,concurrent,93,492
5,3,concurrent,94,507
5,3,concurrent,95,498
5,3,concurrent,96,491
5,3,concurrent,97,559
5,3,concurrent,98,796
5,3,concurrent,99,1075
5,3,concurrent,100,875
5,3,concurrent,101,860
5,3,concurrent,102,847
5,3,concurrent,103,906
5,3,concurrent,104,496
5,3,concurrent,105,497
5,3,concurrent,106,494
5,3,concurrent,107,494
5,3,concurrent,108,496
5,3,concurrent,109,494
5,3,concurrent,110,485
5,3,concurrent,111,470
5,3,concurrent,112,489
5,3,concurrent,113,506
5,3,concurrent,114,498
5,3,concurrent,115,491
5,3,concurrent,116,496
5,3,concurrent,117,487
5,3,concurrent,118,487
5,3,concurrent,119,487
5,3,concurrent,120,490
5,3,concurrent,121,488
5,3,concurrent,122,491
5,3,concurrent,123,492
5,3,concurrent,124,518
5,3,concurrent,125,491
5,3,concurrent,126,492
5,3,concurrent,127,488
5,3,concurrent,128,490
5,3,concurrent,129,486
5,3,concurrent,130,477
5,3,concurrent,131,491
5,3,concurrent,132,488
5,3,concurrent,133,493
5,3,concurrent,134,486
5,3,concurrent,135,487
5,3,concurrent,136,616
5,3,concurrent,137,522
5,3,concurrent,138,522
5,3,concurrent,139,507
5,3,concurrent,140,511
5,3,concurrent,141,505
5,3,concurrent,142,489
5,3,concurrent,143,508
5,3,concurrent,144,512
5,3,concurrent,145,481
5,3,concurrent,146,508
5,3,concurrent,147,500
5,3,concurrent,148,523
5,3,concurrent,149,502
5,3,concurrent,150,505
5,3,concurrent,151,504
5,3,concurrent,152,541
5,3,concurrent,153,516
5,3,concurrent,154,584
5,3,concurrent,155,810
5,3,concurrent,156,413
5,3,concurrent,157,421
5,3,concurrent,158,393
5,3,concurrent,159,404
5,3,concurrent,160,473
5,3,concurrent,161,486
5,3,concurrent,162,486
5,3,concurrent,163,491
5,3,concurrent,164,492
5,3,concurrent,165,487
5,3,concurrent,166,488
5,3,concurrent,167,515
5,3,concurrent,168,501
5,3,concurrent,169,488
5,3,concurrent,170,479
5,3,concurrent,171,539
5,3,concurrent,172,492
5,3,concurrent,173,488
5,3,concurrent,174,486
5,3,concurrent,175,498
5,3,concurrent,176,485
5,3,concurrent,177,487
5,3,concurrent,178,482
5,3,concurrent,179,483
5,3,concurrent,180,471
5,3,concurrent,181,479
5,3,concurrent,182,486
5,3,concurrent,183,487
5,3,concurrent,184,496
5,3,concurrent,185,487
5,3,concurrent,186,484
5,3,concurrent,187,490
5,3,concurrent,188,485
5,3,concurrent,189,485
5,3,concurrent,190,475
5,3,concurrent,191,487
5,3,concurrent,192,488
5,3,concurrent,193,489
5,3,concurrent,194,492
5,3,concurrent,195,475
5,3,concurrent,196,485
5,3,concurrent,197,486
5,3,concurrent,198,487
5,3,concurrent,199,495
5,3,concurrent,200,532
5,3,concurrent,201,432
5,3,concurrent,202,428
5,3,concurrent,203,437
5,3,concurrent,204,447
5,3,concurrent,205,425
5,3,concurrent,206,400
5,3,concurrent,207,405
5,3,concurrent,208,481
5,3,concurrent,209,479
5,3,concurrent,210,470
5,3,concurrent,211,498
5,3,concurrent,212,488
5,3,concurrent,213,494
5,3,concurrent,214,489
5,3,concurrent,215,499
5,3,concurrent,216,492
5,3,concurrent,217,511
5,3,concurrent,218,590
5,3,concurrent,219,939
5,3,concurrent,220,895
5,3,concurrent,221,861
5,3,concurrent,222,882
5,3,concurrent,223,855
5,3,concurrent,224,822
5,3,concurrent,225,856
5,3,concurrent,226,807
5,3,concurrent,227,857
5,3,concurrent,228,1098
5,3,concurrent,229,914
5,3,concurrent,230,824
5,3,concurrent,231,561
5,3,concurrent,232,599
5,3,concurrent,233,578
5,3,concurrent,234,526
5,3,concurrent,235,486
5,3,concurrent,236,585
5,3,concurrent,237,586
5,3,concurrent,238,637
5,3,concurrent,239,595
5,3,concurrent,240,588
5,3,concurrent,241,584
5,3,concurrent,242,630
5,3,concurrent,243,573
5,3,concurrent,244,609
5,3,concurrent,245,611
5,3,concurrent,246,646
5,3,concurrent,247,715
5,3,concurrent,248,685
5,3,concurrent,249,655
5,3,concurrent,250,622
5,3,concurrent,251,636
5,3,concurrent,252,523
5,3,concurrent,253,596
5,3,concurrent,254,581
5,3,concurrent,255,548
5,3,concurrent,256,614
5,3,concurrent,257,577
5,3,concurrent,258,550
5,3,concurrent,259,604
5,3,concurrent,260,540
5,3,concurrent,261,542
5,3,concurrent,262,497
5,3,concurrent,263,769
5,3,concurrent,264,586
5,3,concurrent,265,777
5,3,concurrent,266,522
5,3,concurrent,267,600
5,3,concurrent,268,432
5,3,concurrent,269,488
5,3,concurrent,270,569
5,3,concurrent,271,571
5,3,concurrent,272,510
5,3,concurrent,273,522
5,3,concurrent,274,525
5,3,concurrent,275,551
5,3,concurrent,276,569
5,3,concurrent,277,629
5,3,concurrent,278,809
5,3,concurrent,279,624
5,3,concurrent,280,572
5,3,concurrent,281,593
5,3,concurrent,282,592
5,3,concurrent,283,639
5,3,concurrent,284,640
5,3,concurrent,285,612
5,3,concurrent,286,607
5,3,concurrent,287,771
5,3,concurrent,288,669
5,3,concurrent,289,621
5,3,concurrent,290,668
5,3,concurrent,291,585
5,3,concurrent,292,528
5,3,concurrent,293,505
5,3,concurrent,294,515
5,3,concurrent,295,507
5,3,concurrent,296,492
5,3,concurrent,297,554
5,3,concurrent,298,545
5,3,concurrent,299,545
5,3,concurrent,300,464
5,3,concurrent,301,457
5,3,concurrent,302,510
5,3,concurrent,303,491
5,3,concurrent,304,726
5,3,concurrent,305,594
5,3,concurrent,306,626
5,3,concurrent,307,552
5,3,concurrent,308,613
5,3,concurrent,309,587
5,3,concurrent,310,631
5,3,concurrent,311,638
5,3,concurrent,312,571
5,3,concurrent,313,614
5,3,concurrent,314,592
5,3,concurrent,315,630
5,3,concurrent,316,599
5,3,concurrent,317,602
5,3,concurrent,318,1158
5,3,concurrent,319,569
5,3,concurrent,320,631
5,3,concurrent,321,555
5,3,concurrent,322,609
5,3,concurrent,323,774
5,3,concurrent,324,893
5,3,concurrent,325,727
5,3,concurrent,326,542
5,3,concurrent,327,570
5,3,concurrent,328,626
5,3,concurrent,329,572
5,3,concurrent,330,523
5,3,concurrent,331,539
5,3,concurrent,332,555
5,3,concurrent,333,543
5,3,concurrent,334,527
5,3,concurrent,335,516
5,3,concurrent,336,523
5,3,concurrent,337,528
5,3,concurrent,338,538
5,3,concurrent,339,529
5,3,concurrent,340,553
5,3,concurrent,341,564
5,3,concurrent,342,544
5,3,concurrent,343,541
5,3,concurrent,344,519
5,3,concurrent,345,580
5,3,concurrent,346,568
5,3,concurrent,347,576
5,3,concurrent,348,535
5,3,concurrent,349,595
5,3,concurrent,350,543
5,3,concurrent,351,506
5,3,concurrent,352,563
5,3,concurrent,353,757
5,3,concurrent,354,867
5,3,concurrent,355,811
5,3,concurrent,356,560
5,3,concurrent,357,594
5,3,concurrent,358,594
5,3,concurrent,359,545
5,3,concurrent,360,594
5,3,concurrent,361,564
5,3,concurrent,362,542
5,3,concurrent,363,544
5,3,concurrent,364,483
5,3,concurrent,365,1946
5,3,concurrent,366,554
5,3,concurrent,367,536
5,3,concurrent,368,600
5,3,concurrent,369,1026
5,3,concurrent,370,758
5,3,concurrent,371,918
5,3,concurrent,372,548
5,3,concurrent,373,564
5,3,concurrent,374,583
5,3,concurrent,375,639
5,3,concurrent,376,524
5,3,concurrent,377,496
5,3,concurrent,378,709
5,3,concurrent,379,660
5,3,concurrent,380,651
5,3,concurrent,381,658
5,3,concurrent,382,619
5,3,concurrent,383,554
5,3,concurrent,384,502
5,3,concurrent,385,559
5,3,concurrent,386,547
5,3,concurrent,387,503
5,3,concurrent,388,1036
5,3,concurrent,389,745
5,3,concurrent,390,874
5,3,concurrent,391,724
5,3,concurrent,392,775
5,3,concurrent,393,557
5,3,concurrent,394,543
5,3,concurrent,395,525
5,3,concurrent,396,517
5,3,concurrent,397,520
5,3,concurrent,398,523
5,3,concurrent,399,521
5,3,concurrent,400,530
5,3,concurrent,401,554
5,3,concurrent,402,520
5,3,concurrent,403,542
5,3,concurrent,404,654
5,3,concurrent,405,594
5,3,concurrent,406,527
5,3,concurrent,407,541
5,3,concurrent,408,660
5,3,concurrent,409,556
5,3,concurrent,410,579
5,3,concurrent,411,675
5,3,concurrent,412,525
5,3,concurrent,413,521
5,3,concurrent,414,546
5,3,concurrent,415,548
5,3,concurrent,416,658
5,3,concurrent,417,713
5,3,concurrent,418,629
5,3,concurrent,419,646
5,3,concurrent,420,525
5,3,concurrent,421,596
5,3,concurrent,422,504
5,3,concurrent,423,788
5,3,concurrent,424,534
5,3,concurrent,425,509
5,3,concurrent,426,535
5,3,concurrent,427,521
5,3,concurrent,428,515
5,3,concurrent,429,534
5,3,concurrent,430,534
5,3,concurrent,431,604
5,3,concurrent,432,567
5,3,concurrent,433,526
5,3,concurrent,434,564
5,3,concurrent,435,533
5,3,concurrent,436,526
5,3,concurrent,437,534
5,3,concurrent,438,525
5,3,concurrent,439,547
5,3,concurrent,440,508
5,3,concurrent,441,504
5,3,concurrent,442,538
5,3,concurrent,443,536
5,3,concurrent,444,528
5,3,concurrent,445,566
5,3,concurrent,446,531
5,3,concurrent,447,527
5,3,concurrent,448,527
5,3,concurrent,449,550
5,3,concurrent,450,614
5,3,concurrent,451,586
5,3,concurrent,452,557
5,3,concurrent,453,516
5,3,concurrent,454,559
5,3,concurrent,455,547
5,3,concurrent,456,526
5,3,concurrent,457,567
5,3,concurrent,458,545
5,3,concurrent,459,668
5,3,concurrent,460,543
5,3,concurrent,461,542
5,3,concurrent,462,684
5,3,concurrent,463,562
5,3,concurrent,464,564
5,3,concurrent,465,604
5,3,concurrent,466,688
5,3,concurrent,467,523
5,3,concurrent,468,541
5,3,concurrent,469,565
5,3,concurrent,470,531
5,3,concurrent,471,570
5,3,concurrent,472,601
5,3,concurrent,473,796
5,3,concurrent,474,1035
5,3,concurrent,475,864
5,3,concurrent,476,892
5,3,concurrent,477,836
5,3,concurrent,478,839
5,3,concurrent,479,854
5,3,concurrent,480,824
5,3,concurrent,481,915
5,3,concurrent,482,671
5,3,concurrent,483,622
5,3,concurrent,484,607
5,3,concurrent,485,533
5,3,concurrent,486,562
5,3,concurrent,487,519
5,3,concurrent,488,532
5,3,concurrent,489,526
5,3,concurrent,490,925
5,3,concurrent,491,1563
5,3,concurrent,492,857
5,3,concurrent,493,854
5,3,concurrent,494,870
5,3,concurrent,495,834
5,3,concurrent,496,649
5,3,concurrent,497,526
5,3,concurrent,498,638
5,3,concurrent,499,670
5,3,concurrent,500,538
5,3,concurrent,501,832
5,3,concurrent,502,890
5,3,concurrent,503,794
5,3,concurrent,504,566
5,3,concurrent,505,504
5,3,concurrent,506,604
5,3,concurrent,507,616
5,3,concurrent,508,529
5,3,concurrent,509,597
5,3,concurrent,510,505
5,3,concurrent,511,532
5,3,concurrent,512,630
5,3,concurrent,513,543
5,3,concurrent,514,521
5,3,concurrent,515,630
5,3,concurrent,516,505
5,3,concurrent,517,526
5,3,concurrent,518,1235
5,3,concurrent,519,586
5,3,concurrent,520,512
5,3,concurrent,521,534
5,3,concurrent,522,571
5,3,concurrent,523,532
5,3,concurrent,524,549
5,3,concurrent,525,554
5,3,concurrent,526,561
5,3,concurrent,527,523
5,3,concurrent,528,519
5,3,concurrent,529,534
5,3,concurrent,530,632
5,3,concurrent,531,560
5,3,concurrent,532,514
5,3,concurrent,533,631
5,3,concurrent,534,525
5,3,concurrent,535,538
5,3,concurrent,536,774
5,3,concurrent,537,714
5,3,concurrent,538,899
5,3,concurrent,539,893
5,3,concurrent,540,769
5,3,concurrent,541,496
5,3,concurrent,542,539
5,3,concurrent,543,659
5,3,concurrent,544,591
5,3,concurrent,545,575
5,3,concurrent,546,543
5,3,concurrent,547,649
5,3,concurrent,548,570
5,3,concurrent,549,531
5,3,concurrent,550,580
5,3,concurrent,551,516
5,3,concurrent,552,539
5,3,concurrent,553,527
5,3,concurrent,554,516
5,3,concurrent,555,538
5,3,concurrent,556,595
5,3,concurrent,557,613
5,3,concurrent,558,536
5,3,concurrent,559,569
5,3,concurrent,560,527
5,3,concurrent,561,551
5,3,concurrent,562,575
5,3,concurrent,563,550
5,3,concurrent,564,642
5,3,concurrent,565,558
5,3,concurrent,566,510
5,3,concurrent,567,556
5,3,concurrent,568,652
5,3,concurrent,569,1740
5,3,concurrent,570,521
5,3,concurrent,571,571
5,3,concurrent,572,491
5,3,concurrent,573,605
5,3,concurrent,574,552
5,3,concurrent,575,553
5,3,concurrent,576,521
5,3,concurrent,577,540
5,3,concurrent,578,563
5,3,concurrent,579,607
5,3,concurrent,580,525
5,3,concurrent,581,539
5,3,concurrent,582,641
5,3,concurrent,583,880
5,3,concurrent,584,817
5,3,concurrent,585,524
5,3,concurrent,586,536
5,3,concurrent,587,595
5,3,concurrent,588,525
5,3,concurrent,589,574
5,3,concurrent,590,545
5,3,concurrent,591,549
5,3,concurrent,592,545
5,3,concurrent,593,641
5,3,concurrent,594,560
5,3,concurrent,595,508
5,3,concurrent,596,551
5,3,concurrent,597,568
5,3,concurrent,598,538
5,3,concurrent,599,647
5,3,concurrent,600,542
5,3,concurrent,601,685
5,3,concurrent,602,512
5,3,concurrent,603,525
5,3,concurrent,604,531
5,3,concurrent,605,519
5,3,concurrent,606,517
5,3,concurrent,607,533
5,3,concurrent,608,533
5,3,concurrent,609,528
5,3,concurrent,610,874
5,3,concurrent,611,487
5,3,concurrent,612,525
5,3,concurrent,613,703
5,3,concurrent,614,562
5,3,concurrent,615,544
5,3,concurrent,616,565
5,3,concurrent,617,530
5,3,concurrent,618,575
5,3,concurrent,619,512
5,3,concurrent,620,527
5,3,concurrent,621,532
5,3,concurrent,622,514
5,3,concurrent,623,526
5,3,concurrent,624,516
5,3,concurrent,625,522
5,3,concurrent,626,582
5,3,concurrent,627,550
5,3,concurrent,628,674
5,3,concurrent,629,589
5,3,concurrent,630,663
5,3,concurrent,631,707
5,3,concurrent,632,539
5,3,concurrent,633,564
5,3,concurrent,634,504
5,3,concurrent,635,498
5,3,concurrent,636,538
5,3,concurrent,637,628
5,3,concurrent,638,582
5,3,concurrent,639,683
5,3,concurrent,640,713
5,3,concurrent,641,667
5,3,concurrent,642,538
5,3,concurrent,643,820
5,3,concurrent,644,964
5,3,concurrent,645,884
5,3,concurrent,646,907
5,3,concurrent,647,882
5,3,concurrent,648,903
5,3,concurrent,649,935
5,3,concurrent,650,847
5,3,concurrent,651,692
5,3,concurrent,652,506
5,3,concurrent,653,530
5,3,concurrent,654,543
5,3,concurrent,655,598
5,3,concurrent,656,594
5,3,concurrent,657,569
5,3,concurrent,658,767
5,3,concurrent,659,757
5,3,concurrent,660,613
5,3,concurrent,661,585
5,3,concurrent,662,610
5,3,concurrent,663,588
5,3,concurrent,664,530
5,3,concurrent,665,531
5,3,concurrent,666,636
5,3,concurrent,667,664
5,3,concurrent,668,584
5,3,concurrent,669,532
5,3,concurrent,670,520
5,3,concurrent,671,548
5,3,concurrent,672,505
5,3,concurrent,673,507
5,3,concurrent,674,613
5,3,concurrent,675,535
5,3,concurrent,676,581
5,3,concurrent,677,825
5,3,concurrent,678,657
5,3,concurrent,679,627
5,3,concurrent,680,751
5,3,concurrent,681,827
5,3,concurrent,682,759
5,3,concurrent,683,586
5,3,concurrent,684,717
5,3,concurrent,685,673
5,3,concurrent,686,617
5,3,concurrent,687,571
5,3,concurrent,688,595
5,3,concurrent,689,781
5,3,concurrent,690,714
5,3,concurrent,691,529
5,3,concurrent,692,586
5,3,concurrent,693,1417
5,3,concurrent,694,1011
5,3,concurrent,695,836
5,3,concurrent,696,620
5,3,concurrent,697,527
5,3,concurrent,698,575
5,3,concurrent,699,593
5,3,concurrent,700,576
5,3,concurrent,701,482
5,3,concurrent,702,502
5,3,concurrent,703,564
5,3,concurrent,704,593
5,3,concurrent,705,925
5,3,concurrent,706,745
5,3,concurrent,707,579
5,3,concurrent,708,611
5,3,concurrent,709,631
5,3,concurrent,710,656
5,3,concurrent,711,646
5,3,concurrent,712,574
5,3,concurrent,713,636
5,3,concurrent,714,628
5,3,concurrent,715,523
5,3,concurrent,716,602
5,3,concurrent,717,575
5,3,concurrent,718,572
5,3,concurrent,719,499
5,3,concurrent,720,498
5,3,concurrent,721,633
5,3,concurrent,722,615
5,3,concurrent,723,664
5,3,concurrent,724,568
5,3,concurrent,725,857
5,3,concurrent,726,582
5,3,concurrent,727,991
5,3,concurrent,728,580
5,3,concurrent,729,528
5,3,concurrent,730,539
5,3,concurrent,731,693
5,3,concurrent,732,1493
5,3,concurrent,733,615
5,3,concurrent,734,549
5,3,concurrent,735,772
5,3,concurrent,736,660
5,3,concurrent,737,588
5,3,concurrent,738,578
5,3,concurrent,739,542
5,3,concurrent,740,577
5,3,concurrent,741,571
5,3,concurrent,742,611
5,3,concurrent,743,620
5,3,concurrent,744,761
5,3,concurrent,745,593
5,3,concurrent,746,579
5,3,concurrent,747,570
5,3,concurrent,748,496
5,3,concurrent,749,512
5,3,concurrent,750,509
5,3,concurrent,751,480
5,3,concurrent,752,505
5,3,concurrent,753,499
5,3,concurrent,754,572
5,3,concurrent,755,505
5,3,concurrent,756,710
5,3,concurrent,757,575
5,3,concurrent,758,630
5,3,concurrent,759,561
5,3,concurrent,760,537
5,3,concurrent,761,594
5,3,concurrent,762,585
5,3,concurrent,763,575
5,3,concurrent,764,628
5,3,concurrent,765,561
5,3,concurrent,766,585
5,3,concurrent,767,536
5,3,concurrent,768,601
5,3,concurrent,769,561
5,3,concurrent,770,611
5,3,concurrent,771,875
5,3,concurrent,772,621
5,3,concurrent,773,574
5,3,concurrent,774,537
5,3,concurrent,775,640
5,3,concurrent,776,504
5,3,concurrent,777,513
5,3,concurrent,778,498
5,3,concurrent,779,552
5,3,concurrent,780,519
5,3,concurrent,781,503
5,3,concurrent,782,648
5,3,concurrent,783,563
5,3,concurrent,784,545
5,3,concurrent,785,554
5,3,concurrent,786,596
5,3,concurrent,787,762
5,3,concurrent,788,636
5,3,concurrent,789,558
5,3,concurrent,790,639
5,3,concurrent,791,580
5,3,concurrent,792,575
5,3,concurrent,793,788
5,3,concurrent,794,674
5,3,concurrent,795,675
5,3,concurrent,796,650
5,3,concurrent,797,571
5,3,concurrent,798,580
5,3,concurrent,799,633
5,3,concurrent,800,545
5,3,concurrent,801,557
5,3,concurrent,802,573
5,3,concurrent,803,558
5,3,concurrent,804,569
5,3,concurrent,805,528
5,3,concurrent,806,573
5,3,concurrent,807,829
5,3,concurrent,808,600
5,3,concurrent,809,694
5,3,concurrent,810,592
5,3,concurrent,811,592
5,3,concurrent,812,479
5,3,concurrent,813,512
5,3,concurrent,814,473
5,3,concurrent,815,501
5,3,concurrent,816,588
5,3,concurrent,817,482
5,3,concurrent,818,809
5,3,concurrent,819,649
5,3,concurrent,820,513
5,3,concurrent,821,553
5,3,concurrent,822,600
5,3,concurrent,823,858
5,3,concurrent,824,510
5,3,concurrent,825,530
5,3,concurrent,826,546
5,3,concurrent,827,514
5,3,concurrent,828,542
5,3,concurrent,829,493
5,3,concurrent,830,522
5,3,concurrent,831,476
5,3,concurrent,832,586
5,3,concurrent,833,521
5,3,concurrent,834,1483
5,3,concurrent,835,468
5,3,concurrent,836,485
5,3,concurrent,837,504
5,3,concurrent,838,464
5,3,concurrent,839,546
5,3,concurrent,840,559
5,3,concurrent,841,528
5,3,concurrent,842,931
5,3,concurrent,843,683
5,3,concurrent,844,471
5,3,concurrent,845,432
5,3,concurrent,846,435
5,3,concurrent,847,430
5,3,concurrent,848,426
5,3,concurrent,849,612
5,3,concurrent,850,498
5,3,concurrent,851,491
5,3,concurrent,852,446
5,3,concurrent,853,587
5,3,concurrent,854,539
5,3,concurrent,855,600
5,3,concurrent,856,440
5,3,concurrent,857,460
5,3,concurrent,858,417
5,3,concurrent,859,419
5,3,concurrent,860,436
5,3,concurrent,861,450
5,3,concurrent,862,457
5,3,concurrent,863,583
5,3,concurrent,864,563
5,3,concurrent,865,488
5,3,concurrent,866,520
5,3,concurrent,867,576
5,3,concurrent,868,455
5,3,concurrent,869,508
5,3,concurrent,870,496
5,3,concurrent,871,514
5,3,concurrent,872,520
5,3,concurrent,873,563
5,3,concurrent,874,596
5,3,concurrent,875,477
5,3,concurrent,876,504
5,3,concurrent,877,493
5,3,concurrent,878,506
5,3,concurrent,879,477
5,3,concurrent,880,523
5,3,concurrent,881,493
5,3,concurrent,882,527
5,3,concurrent,883,499
5,3,concurrent,884,500
5,3,concurrent,885,494
5,3,concurrent,886,487
5,3,concurrent,887,483
5,3,concurrent,888,486
5,3,concurrent,889,483
5,3,concurrent,890,495
5,3,concurrent,891,493
5,3,concurrent,892,508
5,3,concurrent,893,566
5,3,concurrent,894,503
5,3,concurrent,895,472
5,3,concurrent,896,495
5,3,concurrent,897,509
5,3,concurrent,898,498
5,3,concurrent,899,496
5,3,concurrent,900,532
5,3,concurrent,901,561
5,3,concurrent,902,558
5,3,concurrent,903,505
5,3,concurrent,904,524
5,3,concurrent,905,513
5,3,concurrent,906,493
5,3,concurrent,907,491
5,3,concurrent,908,488
5,3,concurrent,909,524
5,3,concurrent,910,500
5,3,concurrent,911,496
5,3,concurrent,912,500
5,3,concurrent,913,500
5,3,concurrent,914,508
5,3,concurrent,915,691
5,3,concurrent,916,543
5,3,concurrent,917,471
5,3,concurrent,918,481
5,3,concurrent,919,483
5,3,concurrent,920,465
5,3,concurrent,921,520
5,3,concurrent,922,529
5,3,concurrent,923,623
5,3,concurrent,924,549
5,3,concurrent,925,518
5,3,concurrent,926,508
5,3,concurrent,927,496
5,3,concurrent,928,509
5,3,concurrent,929,513
5,3,concurrent,930,476
5,3,concurrent,931,487
5,3,concurrent,932,487
5,3,concurrent,933,489
5,3,concurrent,934,486
5,3,concurrent,935,493
5,3,concurrent,936,493
5,3,concurrent,937,494
5,3,concurrent,938,487
5,3,concurrent,939,480
5,3,concurrent,940,464
5,3,concurrent,941,916
5,3,concurrent,942,475
5,3,concurrent,943,507
5,3,concurrent,944,503
5,3,concurrent,945,487
5,3,concurrent,946,488
5,3,concurrent,947,490
5,3,concurrent,948,485
5,3,concurrent,949,495
5,3,concurrent,950,486
5,3,concurrent,951,491
5,3,concurrent,952,472
5,3,concurrent,953,485
5,3,concurrent,954,587
5,3,concurrent,955,507
5,3,concurrent,956,478
5,3,concurrent,957,485
5,3,concurrent,958,535
5,3,concurrent,959,479
5,3,concurrent,960,456
5,3,concurrent,961,462
5,3,concurrent,962,487
5,3,concurrent,963,472
5,3,concurrent,964,492
5,3,concurrent,965,487
5,3,concurrent,966,508
5,3,concurrent,967,512
5,3,concurrent,968,496
5,3,concurrent,969,498
5,3,concurrent,970,485
5,3,concurrent,971,496
5,3,concurrent,972,487
5,3,concurrent,973,486
5,3,concurrent,974,480
5,3,concurrent,975,497
5,3,concurrent,976,499
5,3,concurrent,977,494
5,3,concurrent,978,492
5,3,concurrent,979,508
5,3,concurrent,980,490
5,3,concurrent,981,489
5,3,concurrent,982,492
5,3,concurrent,983,493
5,3,concurrent,984,471
5,3,concurrent,985,488
5,3,concurrent,986,522
5,3,concurrent,987,586
5,3,concurrent,988,489
5,3,concurrent,989,411
5,3,concurrent,990,431
5,3,concurrent,991,514
5,3,concurrent,992,462
5,3,concurrent,993,433
5,3,concurrent,994,426
5,3,concurrent,995,405
5,3,concurrent,996,441
5,3,concurrent,997,431
5,3,concurrent,998,420
5,3,concurrent,999,508
6,2,cpu_base,0,152
6,2,cpu_base,1,135
6,2,cpu_base,2,156
6,2,cpu_base,3,133
6,2,cpu_base,4,137
6,2,cpu_base,5,143
6,2,cpu_base,6,145
6,2,cpu_base,7,139
6,2,cpu_base,8,133
6,2,cpu_base,9,140
6,2,cpu_base,10,137
6,2,cpu_base,11,134
6,2,cpu_base,12,152
6,2,cpu_base,13,191
6,2,cpu_base,14,133
6,2,cpu_base,15,135
6,2,cpu_base,16,133
6,2,cpu_base,17,134
6,2,cpu_base,18,143
6,2,cpu_base,19,145
6,2,cpu_base,20,140
6,2,cpu_base,21,138
6,2,cpu_base,22,134
6,2,cpu_base,23,140
6,2,cpu_base,24,137
6,2,cpu_base,25,133
6,2,cpu_base,26,134
6,2,cpu_base,27,133
6,2,cpu_base,28,258
6,2,cpu_base,29,136
6,2,cpu_base,30,146
6,2,cpu_base,31,175
6,2,cpu_base,32,143
6,2,cpu_base,33,169
6,2,cpu_base,34,164
6,2,cpu_base,35,142
6,2,cpu_base,36,143
6,2,cpu_base,37,164
6,2,cpu_base,38,196
6,2,cpu_base,39,156
6,2,cpu_base,40,135
6,2,cpu_base,41,134
6,2,cpu_base,42,145
6,2,cpu_base,43,136
6,2,cpu_base,44,134
6,2,cpu_base,45,141
6,2,cpu_base,46,138
6,2,cpu_base,47,139
6,2,cpu_base,48,138
6,2,cpu_base,49,142
6,2,cpu_base,50,145
6,2,cpu_base,51,142
6,2,cpu_base,52,138
6,2,cpu_base,53,134
6,2,cpu_base,54,135
6,2,cpu_base,55,133
6,2,cpu_base,56,137
6,2,cpu_base,57,135
6,2,cpu_base,58,157
6,2,cpu_base,59,150
6,2,cpu_base,60,153
6,2,cpu_base,61,136
6,2,cpu_base,62,139
6,2,cpu_base,63,141
6,2,cpu_base,64,140
6,2,cpu_base,65,135
6,2,cpu_base,66,156
6,2,cpu_base,67,134
6,2,cpu_base,68,134
6,2,cpu_base,69,135
6,2,cpu_base,70,135
6,2,cpu_base,71,151
6,2,cpu_base,72,137
6,2,cpu_base,73,135
6,2,cpu_base,74,138
6,2,cpu_base,75,136
6,2,cpu_base,76,153
6,2,cpu_base,77,156
6,2,cpu_base,78,149
6,2,cpu_base,79,135
6,2,cpu_base,80,148
6,2,cpu_base,81,135
6,2,cpu_base,82,134
6,2,cpu_base,83,155
6,2,cpu_base,84,135
6,2,cpu_base,85,134
6,2,cpu_base,86,134
6,2,cpu_base,87,134
6,2,cpu_base,88,139
6,2,cpu_base,89,152
6,2,cpu_base,90,138
6,2,cpu_base,91,139
6,2,cpu_base,92,135
6,2,cpu_base,93,139
6,2,cpu_base,94,145
6,2,cpu_base,95,135
6,2,cpu_base,96,135
6,2,cpu_base,97,138
6,2,cpu_base,98,136
6,2,cpu_base,99,134
6,2,cpu_base,100,134
6,2,cpu_base,101,136
6,2,cpu_base,102,148
6,2,cpu_base,103,135
6,2,cpu_base,104,138
6,2,cpu_base,105,135
6,2,cpu_base,106,138
6,2,cpu_base,107,141
6,2,cpu_base,108,135
6,2,cpu_base,109,144
6,2,cpu_base,110,134
6,2,cpu_base,111,134
6,2,cpu_base,112,149
6,2,cpu_base,113,145
6,2,cpu_base,114,150
6,2,cpu_base,115,161
6,2,cpu_base,116,144
6,2,cpu_base,117,160
6,2,cpu_base,118,196
6,2,cpu_base,119,221
6,2,cpu_base,120,166
6,2,cpu_base,121,244
6,2,cpu_base,122,137
6,2,cpu_base,123,137
6,2,cpu_base,124,136
6,2,cpu_base,125,163
6,2,cpu_base,126,136
6,2,cpu_base,127,161
6,2,cpu_base,128,161
6,2,cpu_base,129,148
6,2,cpu_base,130,163
6,2,cpu_base,131,411
6,2,cpu_base,132,217
6,2,cpu_base,133,478
6,2,cpu_base,134,187
6,2,cpu_base,135,194
6,2,cpu_base,136,197
6,2,cpu_base,137,357
6,2,cpu_base,138,324
6,2,cpu_base,139,367
6,2,cpu_base,140,630
6,2,cpu_base,141,1267
6,2,cpu_base,142,296
6,2,cpu_base,143,417
6,2,cpu_base,144,298
6,2,cpu_base,145,293
6,2,cpu_base,146,323
6,2,cpu_base,147,248
6,2,cpu_base,148,220
6,2,cpu_base,149,272
6,2,cpu_base,150,191
6,2,cpu_base,151,136
6,2,cpu_base,152,159
6,2,cpu_base,153,223
6,2,cpu_base,154,209
6,2,cpu_base,155,173
6,2,cpu_base,156,152
6,2,cpu_base,157,178
6,2,cpu_base,158,158
6,2,cpu_base,159,135
6,2,cpu_base,160,134
6,2,cpu_base,161,135
6,2,cpu_base,162,149
6,2,cpu_base,163,153
6,2,cpu_base,164,137
6,2,cpu_base,165,195
6,2,cpu_base,166,135
6,2,cpu_base,167,153
6,2,cpu_base,168,135
6,2,cpu_base,169,166
6,2,cpu_base,170,140
6,2,cpu_base,171,134
6,2,cpu_base,172,134
6,2,cpu_base,173,134
6,2,cpu_base,174,135
6,2,cpu_base,175,139
6,2,cpu_base,176,152
6,2,cpu_base,177,134
6,2,cpu_base,178,138
6,2,cpu_base,179,145
6,2,cpu_base,180,134
6,2,cpu_base,181,137
6,2,cpu_base,182,138
6,2,cpu_base,183,205
6,2,cpu_base,184,138
6,2,cpu_base,185,134
6,2,cpu_base,186,152
6,2,cpu_base,187,135
6,2,cpu_base,188,134
6,2,cpu_base,189,138
6,2,cpu_base,190,156
6,2,cpu_base,191,145
6,2,cpu_base,192,193
6,2,cpu_base,193,230
6,2,cpu_base,194,221
6,2,cpu_base,195,218
6,2,cpu_base,196,251
6,2,cpu_base,197,233
6,2,cpu_base,198,263
6,2,cpu_base,199,214
6,2,cpu_base,200,260
6,2,cpu_base,201,141
6,2,cpu_base,202,200
6,2,cpu_base,203,156
6,2,cpu_base,204,154
6,2,cpu_base,205,146
6,2,cpu_base,206,161
6,2,cpu_base,207,196
6,2,cpu_base,208,149
6,2,cpu_base,209,135
6,2,cpu_base,210,136
6,2,cpu_base,211,158
6,2,cpu_base,212,141
6,2,cpu_base,213,144
6,2,cpu_base,214,145
6,2,cpu_base,215,207
6,2,cpu_base,216,204
6,2,cpu_base,217,206
6,2,cpu_base,218,139
6,2,cpu_base,219,150
6,2,cpu_base,220,139
6,2,cpu_base,221,159
6,2,cpu_base,222,202
6,2,cpu_base,223,200
6,2,cpu_base,224,215
6,2,cpu_base,225,138
6,2,cpu_base,226,134
6,2,cpu_base,227,138
6,2,cpu_base,228,159
6,2,cpu_base,229,184
6,2,cpu_base,230,147
6,2,cpu_base,231,153
6,2,cpu_base,232,155
6,2,cpu_base,233,135
6,2,cpu_base,234,140
6,2,cpu_base,235,135
6,2,cpu_base,236,159
6,2,cpu_base,237,190
6,2,cpu_base,238,136
6,2,cpu_base,239,150
6,2,cpu_base,240,152
6,2,cpu_base,241,191
6,2,cpu_base,242,145
6,2,cpu_base,243,185
6,2,cpu_base,244,242
6,2,cpu_base,245,254
6,2,cpu_base,246,267
6,2,cpu_base,247,262
6,2,cpu_base,248,238
6,2,cpu_base,249,277
6,2,cpu_base,250,240
6,2,cpu_base,251,251
6,2,cpu_base,252,315
6,2,cpu_base,253,274
6,2,cpu_base,254,240
6,2,cpu_base,255,235
6,2,cpu_base,256,255
6,2,cpu_base,257,228
6,2,cpu_base,258,230
6,2,cpu_base,259,247
6,2,cpu_base,260,281
6,2,cpu_base,261,240
6,2,cpu_base,262,234
6,2,cpu_base,263,278
6,2,cpu_base,264,224
6,2,cpu_base,265,222
6,2,cpu_base,266,223
6,2,cpu_base,267,211
6,2,cpu_base,268,216
6,2,cpu_base,269,218
6,2,cpu_base,270,238
6,2,cpu_base,271,226
6,2,cpu_base,272,271
6,2,cpu_base,273,208
6,2,cpu_base,274,259
6,2,cpu_base,275,217
6,2,cpu_base,276,230
6,2,cpu_base,277,357
6,2,cpu_base,278,294
6,2,cpu_base,279,258
6,2,cpu_base,280,248
6,2,cpu_base,281,218
6,2,cpu_base,282,231
6,2,cpu_base,283,241
6,2,cpu_base,284,239
6,2,cpu_base,285,267
6,2,cpu_base,286,240
6,2,cpu_base,287,230
6,2,cpu_base,288,239
6,2,cpu_base,289,236
6,2,cpu_base,290,222
6,2,cpu_base,291,232
6,2,cpu_base,292,261
6,2,cpu_base,293,248
6,2,cpu_base,294,234
6,2,cpu_base,295,731
6,2,cpu_base,296,261
6,2,cpu_base,297,252
6,2,cpu_base,298,352
6,2,cpu_base,299,291
6,2,cpu_base,300,251
6,2,cpu_base,301,307
6,2,cpu_base,302,298
6,2,cpu_base,303,335
6,2,cpu_base,304,319
6,2,cpu_base,305,249
6,2,cpu_base,306,244
6,2,cpu_base,307,257
6,2,cpu_base,308,297
6,2,cpu_base,309,236
6,2,cpu_base,310,239
6,2,cpu_base,311,235
6,2,cpu_base,312,226
6,2,cpu_base,313,276
6,2,cpu_base,314,267
6,2,cpu_base,315,235
6,2,cpu_base,316,240
6,2,cpu_base,317,242
6,2,cpu_base,318,239
6,2,cpu_base,319,235
6,2,cpu_base,320,237
6,2,cpu_base,321,298
6,2,cpu_base,322,230
6,2,cpu_base,323,257
6,2,cpu_base,324,257
6,2,cpu_base,325,249
6,2,cpu_base,326,242
6,2,cpu_base,327,256
6,2,cpu_base,328,244
6,2,cpu_base,329,245
6,2,cpu_base,330,242
6,2,cpu_base,331,248
6,2,cpu_base,332,245
6,2,cpu_base,333,336
6,2,cpu_base,334,281
6,2,cpu_base,335,330
6,2,cpu_base,336,434
6,2,cpu_base,337,288
6,2,cpu_base,338,419
6,2,cpu_base,339,571
6,2,cpu_base,340,2625
6,2,cpu_base,341,5842
6,2,cpu_base,342,9808
6,2,cpu_base,343,485
6,2,cpu_base,344,288
6,2,cpu_base,345,517
6,2,cpu_base,346,300
6,2,cpu_base,347,235
6,2,cpu_base,348,228
6,2,cpu_base,349,236
6,2,cpu_base,350,242
6,2,cpu_base,351,249
6,2,cpu_base,352,258
6,2,cpu_base,353,233
6,2,cpu_base,354,227
6,2,cpu_base,355,226
6,2,cpu_base,356,227
6,2,cpu_base,357,226
6,2,cpu_base,358,238
6,2,cpu_base,359,262
6,2,cpu_base,360,249
6,2,cpu_base,361,161
6,2,cpu_base,362,215
6,2,cpu_base,363,140
6,2,cpu_base,364,140
6,2,cpu_base,365,147
6,2,cpu_base,366,135
6,2,cpu_base,367,135
6,2,cpu_base,368,137
6,2,cpu_base,369,139
6,2,cpu_base,370,145
6,2,cpu_base,371,135
6,2,cpu_base,372,140
6,2,cpu_base,373,147
6,2,cpu_base,374,141
6,2,cpu_base,375,138
6,2,cpu_base,376,139
6,2,cpu_base,377,154
6,2,cpu_base,378,135
6,2,cpu_base,379,140
6,2,cpu_base,380,146
6,2,cpu_base,381,134
6,2,cpu_base,382,139
6,2,cpu_base,383,134
6,2,cpu_base,384,144
6,2,cpu_base,385,135
6,2,cpu_base,386,138
6,2,cpu_base,387,135
6,2,cpu_base,388,150
6,2,cpu_base,389,178
6,2,cpu_base,390,149
6,2,cpu_base,391,150
6,2,cpu_base,392,135
6,2,cpu_base,393,135
6,2,cpu_base,394,151
6,2,cpu_base,395,284
6,2,cpu_base,396,175
6,2,cpu_base,397,153
6,2,cpu_base,398,141
6,2,cpu_base,399,135
6,2,cpu_base,400,136
6,2,cpu_base,401,147
6,2,cpu_base,402,137
6,2,cpu_base,403,137
6,2,cpu_base,404,138
6,2,cpu_base,405,146
6,2,cpu_base,406,134
6,2,cpu_base,407,134
6,2,cpu_base,408,150
6,2,cpu_base,409,138
6,2,cpu_base,410,138
6,2,cpu_base,411,183
6,2,cpu_base,412,150
6,2,cpu_base,413,134
6,2,cpu_base,414,184
6,2,cpu_base,415,157
6,2,cpu_base,416,137
6,2,cpu_base,417,141
6,2,cpu_base,418,134
6,2,cpu_base,419,150
6,2,cpu_base,420,134
6,2,cpu_base,421,138
6,2,cpu_base,422,153
6,2,cpu_base,423,141
6,2,cpu_base,424,134
6,2,cpu_base,425,134
6,2,cpu_base,426,150
6,2,cpu_base,427,135
6,2,cpu_base,428,137
6,2,cpu_base,429,137
6,2,cpu_base,430,150
6,2,cpu_base,431,137
6,2,cpu_base,432,137
6,2,cpu_base,433,148
6,2,cpu_base,434,134
6,2,cpu_base,435,137
6,2,cpu_base,436,137
6,2,cpu_base,437,143
6,2,cpu_base,438,137
6,2,cpu_base,439,139
6,2,cpu_base,440,134
6,2,cpu_base,441,148
6,2,cpu_base,442,136
6,2,cpu_base,443,137
6,2,cpu_base,444,145
6,2,cpu_base,445,198
6,2,cpu_base,446,204
6,2,cpu_base,447,210
6,2,cpu_base,448,169
6,2,cpu_base,449,170
6,2,cpu_base,450,152
6,2,cpu_base,451,135
6,2,cpu_base,452,134
6,2,cpu_base,453,134
6,2,cpu_base,454,134
6,2,cpu_base,455,139
6,2,cpu_base,456,134
6,2,cpu_base,457,157
6,2,cpu_base,458,159
6,2,cpu_base,459,134
6,2,cpu_base,460,134
6,2,cpu_base,461,145
6,2,cpu_base,462,178
6,2,cpu_base,463,140
6,2,cpu_base,464,198
6,2,cpu_base,465,233
6,2,cpu_base,466,224
6,2,cpu_base,467,249
6,2,cpu_base,468,188
6,2,cpu_base,469,183
6,2,cpu_base,470,150
6,2,cpu_base,471,134
6,2,cpu_base,472,168
6,2,cpu_base,473,172
6,2,cpu_base,474,140
6,2,cpu_base,475,134
6,2,cpu_base,476,148
6,2,cpu_base,477,134
6,2,cpu_base,478,134
6,2,cpu_base,479,225
6,2,cpu_base,480,141
6,2,cpu_base,481,139
6,2,cpu_base,482,178
6,2,cpu_base,483,153
6,2,cpu_base,484,153
6,2,cpu_base,485,151
6,2,cpu_base,486,155
6,2,cpu_base,487,194
6,2,cpu_base,488,219
6,2,cpu_base,489,224
6,2,cpu_base,490,317
6,2,cpu_base,491,479
6,2,cpu_base,492,221
6,2,cpu_base,493,281
6,2,cpu_base,494,187
6,2,cpu_base,495,206
6,2,cpu_base,496,221
6,2,cpu_base,497,177
6,2,cpu_base,498,234
6,2,cpu_base,499,226
6,2,cpu_base,500,167
6,2,cpu_base,501,375
6,2,cpu_base,502,200
6,2,cpu_base,503,169
6,2,cpu_base,504,223
6,2,cpu_base,505,145
6,2,cpu_base,506,176
6,2,cpu_base,507,165
6,2,cpu_base,508,162
6,2,cpu_base,509,198
6,2,cpu_base,510,184
6,2,cpu_base,511,184
6,2,cpu_base,512,414
6,2,cpu_base,513,137
6,2,cpu_base,514,143
6,2,cpu_base,515,341
6,2,cpu_base,516,259
6,2,cpu_base,517,649
6,2,cpu_base,518,477
6,2,cpu_base,519,388
6,2,cpu_base,520,561
6,2,cpu_base,521,257
6,2,cpu_base,522,170
6,2,cpu_base,523,260
6,2,cpu_base,524,254
6,2,cpu_base,525,192
6,2,cpu_base,526,185
6,2,cpu_base,527,372
6,2,cpu_base,528,607
6,2,cpu_base,529,417
6,2,cpu_base,530,176
6,2,cpu_base,531,429
6,2,cpu_base,532,592
6,2,cpu_base,533,523
6,2,cpu_base,534,340
6,2,cpu_base,535,538
6,2,cpu_base,536,405
6,2,cpu_base,537,416
6,2,cpu_base,538,455
6,2,cpu_base,539,378
6,2,cpu_base,540,773
6,2,cpu_base,541,683
6,2,cpu_base,542,338
6,2,cpu_base,543,337
6,2,cpu_base,544,275
6,2,cpu_base,545,208
6,2,cpu_base,546,179
6,2,cpu_base,547,244
6,2,cpu_base,548,279
6,2,cpu_base,549,254
6,2,cpu_base,550,265
6,2,cpu_base,551,222
6,2,cpu_base,552,224
6,2,cpu_base,553,265
6,2,cpu_base,554,282
6,2,cpu_base,555,314
6,2,cpu_base,556,316
6,2,cpu_base,557,202
6,2,cpu_base,558,261
6,2,cpu_base,559,224
6,2,cpu_base,560,271
6,2,cpu_base,561,178
6,2,cpu_base,562,222
6,2,cpu_base,563,211
6,2,cpu_base,564,155
6,2,cpu_base,565,148
6,2,cpu_base,566,248
6,2,cpu_base,567,212
6,2,cpu_base,568,285
6,2,cpu_base,569,166
6,2,cpu_base,570,203
6,2,cpu_base,571,217
6,2,cpu_base,572,218
6,2,cpu_base,573,183
6,2,cpu_base,574,240
6,2,cpu_base,575,231
6,2,cpu_base,576,245
6,2,cpu_base,577,158
6,2,cpu_base,578,138
6,2,cpu_base,579,216
6,2,cpu_base,580,148
6,2,cpu_base,581,284
6,2,cpu_base,582,276
6,2,cpu_base,583,163
6,2,cpu_base,584,155
6,2,cpu_base,585,177
6,2,cpu_base,586,259
6,2,cpu_base,587,1012
6,2,cpu_base,588,198
6,2,cpu_base,589,642
6,2,cpu_base,590,279
6,2,cpu_base,591,486
6,2,cpu_base,592,144
6,2,cpu_base,593,173
6,2,cpu_base,594,240
6,2,cpu_base,595,155
6,2,cpu_base,596,389
6,2,cpu_base,597,654
6,2,cpu_base,598,451
6,2,cpu_base,599,248
6,2,cpu_base,600,444
6,2,cpu_base,601,465
6,2,cpu_base,602,490
6,2,cpu_base,603,385
6,2,cpu_base,604,359
6,2,cpu_base,605,497
6,2,cpu_base,606,357
6,2,cpu_base,607,299
6,2,cpu_base,608,229
6,2,cpu_base,609,336
6,2,cpu_base,610,486
6,2,cpu_base,611,272
6,2,cpu_base,612,297
6,2,cpu_base,613,287
6,2,cpu_base,614,848
6,2,cpu_base,615,691
6,2,cpu_base,616,224
6,2,cpu_base,617,232
6,2,cpu_base,618,215
6,2,cpu_base,619,165
6,2,cpu_base,620,187
6,2,cpu_base,621,255
6,2,cpu_base,622,202
6,2,cpu_base,623,225
6,2,cpu_base,624,263
6,2,cpu_base,625,269
6,2,cpu_base,626,197
6,2,cpu_base,627,196
6,2,cpu_base,628,142
6,2,cpu_base,629,152
6,2,cpu_base,630,189
6,2,cpu_base,631,148
6,2,cpu_base,632,227
6,2,cpu_base,633,206
6,2,cpu_base,634,186
6,2,cpu_base,635,137
6,2,cpu_base,636,149
6,2,cpu_base,637,250
6,2,cpu_base,638,215
6,2,cpu_base,639,250
6,2,cpu_base,640,231
6,2,cpu_base,641,191
6,2,cpu_base,642,140
6,2,cpu_base,643,148
6,2,cpu_base,644,256
6,2,cpu_base,645,231
6,2,cpu_base,646,245
6,2,cpu_base,647,199
6,2,cpu_base,648,175
6,2,cpu_base,649,177
6,2,cpu_base,650,238
6,2,cpu_base,651,163
6,2,cpu_base,652,227
6,2,cpu_base,653,176
6,2,cpu_base,654,211
6,2,cpu_base,655,165
6,2,cpu_base,656,142
6,2,cpu_base,657,470
6,2,cpu_base,658,250
6,2,cpu_base,659,234
6,2,cpu_base,660,218
6,2,cpu_base,661,242
6,2,cpu_base,662,350
6,2,cpu_base,663,252
6,2,cpu_base,664,329
6,2,cpu_base,665,234
6,2,cpu_base,666,247
6,2,cpu_base,667,191
6,2,cpu_base,668,196
6,2,cpu_base,669,280
6,2,cpu_base,670,229
6,2,cpu_base,671,222
6,2,cpu_base,672,233
6,2,cpu_base,673,232
6,2,cpu_base,674,205
6,2,cpu_base,675,218
6,2,cpu_base,676,210
6,2,cpu_base,677,233
6,2,cpu_base,678,244
6,2,cpu_base,679,234
6,2,cpu_base,680,216
6,2,cpu_base,681,225
6,2,cpu_base,682,239
6,2,cpu_base,683,193
6,2,cpu_base,684,252
6,2,cpu_base,685,248
6,2,cpu_base,686,256
6,2,cpu_base,687,186
6,2,cpu_base,688,242
6,2,cpu_base,689,232
6,2,cpu_base,690,250
6,2,cpu_base,691,244
6,2,cpu_base,692,237
6,2,cpu_base,693,211
6,2,cpu_base,694,196
6,2,cpu_base,695,283
6,2,cpu_base,696,240
6,2,cpu_base,697,198
6,2,cpu_base,698,222
6,2,cpu_base,699,207
6,2,cpu_base,700,254
6,2,cpu_base,701,212
6,2,cpu_base,702,214
6,2,cpu_base,703,238
6,2,cpu_base,704,260
6,2,cpu_base,705,276
6,2,cpu_base,706,285
6,2,cpu_base,707,211
6,2,cpu_base,708,253
6,2,cpu_base,709,212
6,2,cpu_base,710,224
6,2,cpu_base,711,238
6,2,cpu_base,712,146
6,2,cpu_base,713,239
6,2,cpu_base,714,204
6,2,cpu_base,715,198
6,2,cpu_base,716,136
6,2,cpu_base,717,188
6,2,cpu_base,718,192
6,2,cpu_base,719,206
6,2,cpu_base,720,186
6,2,cpu_base,721,148
6,2,cpu_base,722,254
6,2,cpu_base,723,226
6,2,cpu_base,724,155
6,2,cpu_base,725,227
6,2,cpu_base,726,229
6,2,cpu_base,727,302
6,2,cpu_base,728,251
6,2,cpu_base,729,217
6,2,cpu_base,730,201
6,2,cpu_base,731,178
6,2,cpu_base,732,245
6,2,cpu_base,733,209
6,2,cpu_base,734,242
6,2,cpu_base,735,271
6,2,cpu_base,736,237
6,2,cpu_base,737,346
6,2,cpu_base,738,332
6,2,cpu_base,739,307
6,2,cpu_base,740,555
6,2,cpu_base,741,309
6,2,cpu_base,742,737
6,2,cpu_base,743,1911
6,2,cpu_base,744,507
6,2,cpu_base,745,503
6,2,cpu_base,746,386
6,2,cpu_base,747,283
6,2,cpu_base,748,717
6,2,cpu_base,749,323
6,2,cpu_base,750,300
6,2,cpu_base,751,279
6,2,cpu_base,752,674
6,2,cpu_base,753,142
6,2,cpu_base,754,246
6,2,cpu_base,755,616
6,2,cpu_base,756,364
6,2,cpu_base,757,854
6,2,cpu_base,758,479
6,2,cpu_base,759,398
6,2,cpu_base,760,209
6,2,cpu_base,761,239
6,2,cpu_base,762,176
6,2,cpu_base,763,247
6,2,cpu_base,764,192
6,2,cpu_base,765,262
6,2,cpu_base,766,233
6,2,cpu_base,767,342
6,2,cpu_base,768,345
6,2,cpu_base,769,255
6,2,cpu_base,770,216
6,2,cpu_base,771,257
6,2,cpu_base,772,260
6,2,cpu_base,773,282
6,2,cpu_base,774,207
6,2,cpu_base,775,218
6,2,cpu_base,776,243
6,2,cpu_base,777,210
6,2,cpu_base,778,244
6,2,cpu_base,779,211
6,2,cpu_base,780,300
6,2,cpu_base,781,247
6,2,cpu_base,782,210
6,2,cpu_base,783,250
6,2,cpu_base,784,218
6,2,cpu_base,785,184
6,2,cpu_base,786,211
6,2,cpu_base,787,220
6,2,cpu_base,788,236
6,2,cpu_base,789,234
6,2,cpu_base,790,161
6,2,cpu_base,791,153
6,2,cpu_base,792,242
6,2,cpu_base,793,215
6,2,cpu_base,794,202
6,2,cpu_base,795,363
6,2,cpu_base,796,163
6,2,cpu_base,797,184
6,2,cpu_base,798,252
6,2,cpu_base,799,231
6,2,cpu_base,800,222
6,2,cpu_base,801,152
6,2,cpu_base,802,233
6,2,cpu_base,803,202
6,2,cpu_base,804,187
6,2,cpu_base,805,240
6,2,cpu_base,806,260
6,2,cpu_base,807,254
6,2,cpu_base,808,458
6,2,cpu_base,809,971
6,2,cpu_base,810,428
6,2,cpu_base,811,249
6,2,cpu_base,812,590
6,2,cpu_base,813,538
6,2,cpu_base,814,153
6,2,cpu_base,815,338
6,2,cpu_base,816,547
6,2,cpu_base,817,160
6,2,cpu_base,818,424
6,2,cpu_base,819,341
6,2,cpu_base,820,187
6,2,cpu_base,821,431
6,2,cpu_base,822,358
6,2,cpu_base,823,570
6,2,cpu_base,824,377
6,2,cpu_base,825,333
6,2,cpu_base,826,298
6,2,cpu_base,827,340
6,2,cpu_base,828,241
6,2,cpu_base,829,277
6,2,cpu_base,830,241
6,2,cpu_base,831,212
6,2,cpu_base,832,248
6,2,cpu_base,833,261
6,2,cpu_base,834,238
6,2,cpu_base,835,269
6,2,cpu_base,836,231
6,2,cpu_base,837,235
6,2,cpu_base,838,157
6,2,cpu_base,839,134
6,2,cpu_base,840,149
6,2,cpu_base,841,206
6,2,cpu_base,842,240
6,2,cpu_base,843,178
6,2,cpu_base,844,193
6,2,cpu_base,845,203
6,2,cpu_base,846,225
6,2,cpu_base,847,284
6,2,cpu_base,848,218
6,2,cpu_base,849,219
6,2,cpu_base,850,205
6,2,cpu_base,851,192
6,2,cpu_base,852,166
6,2,cpu_base,853,238
6,2,cpu_base,854,211
6,2,cpu_base,855,252
6,2,cpu_base,856,261
6,2,cpu_base,857,226
6,2,cpu_base,858,244
6,2,cpu_base,859,248
6,2,cpu_base,860,183
6,2,cpu_base,861,206
6,2,cpu_base,862,267
6,2,cpu_base,863,205
6,2,cpu_base,864,236
6,2,cpu_base,865,261
6,2,cpu_base,866,246
6,2,cpu_base,867,359
6,2,cpu_base,868,165
6,2,cpu_base,869,171
6,2,cpu_base,870,172
6,2,cpu_base,871,298
6,2,cpu_base,872,369
6,2,cpu_base,873,804
6,2,cpu_base,874,496
6,2,cpu_base,875,267
6,2,cpu_base,876,682
6,2,cpu_base,877,237
6,2,cpu_base,878,1037
6,2,cpu_base,879,385
6,2,cpu_base,880,542
6,2,cpu_base,881,1477
6,2,cpu_base,882,537
6,2,cpu_base,883,652
6,2,cpu_base,884,365
6,2,cpu_base,885,265
6,2,cpu_base,886,251
6,2,cpu_base,887,334
6,2,cpu_base,888,499
6,2,cpu_base,889,283
6,2,cpu_base,890,262
6,2,cpu_base,891,258
6,2,cpu_base,892,261
6,2,cpu_base,893,266
6,2,cpu_base,894,259
6,2,cpu_base,895,300
6,2,cpu_base,896,341
6,2,cpu_base,897,305
6,2,cpu_base,898,248
6,2,cpu_base,899,250
6,2,cpu_base,900,246
6,2,cpu_base,901,261
6,2,cpu_base,902,313
6,2,cpu_base,903,273
6,2,cpu_base,904,246
6,2,cpu_base,905,406
6,2,cpu_base,906,285
6,2,cpu_base,907,275
6,2,cpu_base,908,292
6,2,cpu_base,909,250
6,2,cpu_base,910,234
6,2,cpu_base,911,225
6,2,cpu_base,912,228
6,2,cpu_base,913,272
6,2,cpu_base,914,250
6,2,cpu_base,915,331
6,2,cpu_base,916,264
6,2,cpu_base,917,269
6,2,cpu_base,918,314
6,2,cpu_base,919,244
6,2,cpu_base,920,247
6,2,cpu_base,921,372
6,2,cpu_base,922,426
6,2,cpu_base,923,953
6,2,cpu_base,924,967
6,2,cpu_base,925,1671
6,2,cpu_base,926,609
6,2,cpu_base,927,526
6,2,cpu_base,928,563
6,2,cpu_base,929,381
6,2,cpu_base,930,314
6,2,cpu_base,931,343
6,2,cpu_base,932,482
6,2,cpu_base,933,528
6,2,cpu_base,934,433
6,2,cpu_base,935,401
6,2,cpu_base,936,259
6,2,cpu_base,937,246
6,2,cpu_base,938,228
6,2,cpu_base,939,290
6,2,cpu_base,940,312
6,2,cpu_base,941,395
6,2,cpu_base,942,287
6,2,cpu_base,943,226
6,2,cpu_base,944,302
6,2,cpu_base,945,468
6,2,cpu_base,946,314
6,2,cpu_base,947,256
6,2,cpu_base,948,188
6,2,cpu_base,949,219
6,2,cpu_base,950,157
6,2,cpu_base,951,361
6,2,cpu_base,952,257
6,2,cpu_base,953,438
6,2,cpu_base,954,548
6,2,cpu_base,955,360
6,2,cpu_base,956,486
6,2,cpu_base,957,303
6,2,cpu_base,958,350
6,2,cpu_base,959,371
6,2,cpu_base,960,247
6,2,cpu_base,961,234
6,2,cpu_base,962,369
6,2,cpu_base,963,272
6,2,cpu_base,964,254
6,2,cpu_base,965,241
6,2,cpu_base,966,261
6,2,cpu_base,967,346
6,2,cpu_base,968,301
6,2,cpu_base,969,324
6,2,cpu_base,970,244
6,2,cpu_base,971,282
6,2,cpu_base,972,247
6,2,cpu_base,973,355
6,2,cpu_base,974,355
6,2,cpu_base,975,397
6,2,cpu_base,976,355
6,2,cpu_base,977,310
6,2,cpu_base,978,481
6,2,cpu_base,979,197
6,2,cpu_base,980,193
6,2,cpu_base,981,244
6,2,cpu_base,982,206
6,2,cpu_base,983,179
6,2,cpu_base,984,143
6,2,cpu_base,985,211
6,2,cpu_base,986,253
6,2,cpu_base,987,270
6,2,cpu_base,988,235
6,2,cpu_base,989,255
6,2,cpu_base,990,357
6,2,cpu_base,991,578
6,2,cpu_base,992,585
6,2,cpu_base,993,947
6,2,cpu_base,994,888
6,2,cpu_base,995,311
6,2,cpu_base,996,385
6,2,cpu_base,997,290
6,2,cpu_base,998,480
6,2,cpu_base,999,348
6,2,serial,0,512
6,2,serial,1,532
6,2,serial,2,543
6,2,serial,3,487
6,2,serial,4,509
6,2,serial,5,539
6,2,serial,6,517
6,2,serial,7,488
6,2,serial,8,555
6,2,serial,9,486
6,2,serial,10,486
6,2,serial,11,528
6,2,serial,12,518
6,2,serial,13,969
6,2,serial,14,590
6,2,serial,15,465
6,2,serial,16,461
6,2,serial,17,487
6,2,serial,18,486
6,2,serial,19,468
6,2,serial,20,569
6,2,serial,21,465
6,2,serial,22,525
6,2,serial,23,450
6,2,serial,24,566
6,2,serial,25,575
6,2,serial,26,547
6,2,serial,27,557
6,2,serial,28,469
6,2,serial,29,458
6,2,serial,30,451
6,2,serial,31,457
6,2,serial,32,455
6,2,serial,33,442
6,2,serial,34,460
6,2,serial,35,445
6,2,serial,36,462
6,2,serial,37,480
6,2,serial,38,551
6,2,serial,39,523
6,2,serial,40,605
6,2,serial,41,538
6,2,serial,42,724
6,2,serial,43,521
6,2,serial,44,520
6,2,serial,45,629
6,2,serial,46,560
6,2,serial,47,549
6,2,serial,48,497
6,2,serial,49,528
6,2,serial,50,480
6,2,serial,51,463
6,2,serial,52,476
6,2,serial,53,489
6,2,serial,54,475
6,2,serial,55,521
6,2,serial,56,569
6,2,serial,57,536
6,2,serial,58,580
6,2,serial,59,533
6,2,serial,60,663
6,2,serial,61,598
6,2,serial,62,975
6,2,serial,63,606
6,2,serial,64,564
6,2,serial,65,565
6,2,serial,66,530
6,2,serial,67,719
6,2,serial,68,554
6,2,serial,69,770
6,2,serial,70,542
6,2,serial,71,501
6,2,serial,72,511
6,2,serial,73,501
6,2,serial,74,508
6,2,serial,75,570
6,2,serial,76,514
6,2,serial,77,518
6,2,serial,78,503
6,2,serial,79,495
6,2,serial,80,457
6,2,serial,81,459
6,2,serial,82,463
6,2,serial,83,462
6,2,serial,84,525
6,2,serial,85,484
6,2,serial,86,527
6,2,serial,87,639
6,2,serial,88,576
6,2,serial,89,486
6,2,serial,90,551
6,2,serial,91,549
6,2,serial,92,554
6,2,serial,93,491
6,2,serial,94,473
6,2,serial,95,467
6,2,serial,96,485
6,2,serial,97,463
6,2,serial,98,481
6,2,serial,99,527
6,2,serial,100,483
6,2,serial,101,471
6,2,serial,102,470
6,2,serial,103,487
6,2,serial,104,485
6,2,serial,105,475
6,2,serial,106,495
6,2,serial,107,505
6,2,serial,108,463
6,2,serial,109,465
6,2,serial,110,460
6,2,serial,111,459
6,2,serial,112,463
6,2,serial,113,462
6,2,serial,114,469
6,2,serial,115,497
6,2,serial,116,484
6,2,serial,117,468
6,2,serial,118,464
6,2,serial,119,468
6,2,serial,120,466
6,2,serial,121,472
6,2,serial,122,1113
6,2,serial,123,471
6,2,serial,124,468
6,2,serial,125,488
6,2,serial,126,483
6,2,serial,127,469
6,2,serial,128,468
6,2,serial,129,471
6,2,serial,130,708
6,2,serial,131,594
6,2,serial,132,562
6,2,serial,133,595
6,2,serial,134,572
6,2,serial,135,560
6,2,serial,136,559
6,2,serial,137,551
6,2,serial,138,554
6,2,serial,139,551
6,2,serial,140,554
6,2,serial,141,587
6,2,serial,142,560
6,2,serial,143,588
6,2,serial,144,633
6,2,serial,145,558
6,2,serial,146,572
6,2,serial,147,585
6,2,serial,148,565
6,2,serial,149,535
6,2,serial,150,563
6,2,serial,151,472
6,2,serial,152,482
6,2,serial,153,496
6,2,serial,154,493
6,2,serial,155,559
6,2,serial,156,483
6,2,serial,157,652
6,2,serial,158,522
6,2,serial,159,499
6,2,serial,160,469
6,2,serial,161,600
6,2,serial,162,518
6,2,serial,163,573
6,2,serial,164,505
6,2,serial,165,493
6,2,serial,166,529
6,2,serial,167,562
6,2,serial,168,569
6,2,serial,169,527
6,2,serial,170,535
6,2,serial,171,532
6,2,serial,172,537
6,2,serial,173,508
6,2,serial,174,480
6,2,serial,175,511
6,2,serial,176,444
6,2,serial,177,473
6,2,serial,178,515
6,2,serial,179,472
6,2,serial,180,473
6,2,serial,181,479
6,2,serial,182,473
6,2,serial,183,468
6,2,serial,184,479
6,2,serial,185,475
6,2,serial,186,465
6,2,serial,187,477
6,2,serial,188,568
6,2,serial,189,487
6,2,serial,190,507
6,2,serial,191,476
6,2,serial,192,471
6,2,serial,193,476
6,2,serial,194,466
6,2,serial,195,467
6,2,serial,196,470
6,2,serial,197,475
6,2,serial,198,467
6,2,serial,199,482
6,2,serial,200,468
6,2,serial,201,463
6,2,serial,202,469
6,2,serial,203,471
6,2,serial,204,465
6,2,serial,205,463
6,2,serial,206,461
6,2,serial,207,467
6,2,serial,208,464
6,2,serial,209,493
6,2,serial,210,476
6,2,serial,211,499
6,2,serial,212,461
6,2,serial,213,487
6,2,serial,214,486
6,2,serial,215,461
6,2,serial,216,462
6,2,serial,217,475
6,2,serial,218,429
6,2,serial,219,568
6,2,serial,220,964
6,2,serial,221,549
6,2,serial,222,523
6,2,serial,223,526
6,2,serial,224,467
6,2,serial,225,472
6,2,serial,226,465
6,2,serial,227,469
6,2,serial,228,477
6,2,serial,229,462
6,2,serial,230,462
6,2,serial,231,465
6,2,serial,232,462
6,2,serial,233,461
6,2,serial,234,479
6,2,serial,235,467
6,2,serial,236,463
6,2,serial,237,463
6,2,serial,238,460
6,2,serial,239,462
6,2,serial,240,463
6,2,serial,241,485
6,2,serial,242,468
6,2,serial,243,991
6,2,serial,244,501
6,2,serial,245,464
6,2,serial,246,472
6,2,serial,247,471
6,2,serial,248,465
6,2,serial,249,499
6,2,serial,250,596
6,2,serial,251,606
6,2,serial,252,485
6,2,serial,253,484
6,2,serial,254,473
6,2,serial,255,477
6,2,serial,256,467
6,2,serial,257,487
6,2,serial,258,509
6,2,serial,259,504
6,2,serial,260,507
6,2,serial,261,507
6,2,serial,262,506
6,2,serial,263,479
6,2,serial,264,465
6,2,serial,265,509
6,2,serial,266,474
6,2,serial,267,466
6,2,serial,268,475
6,2,serial,269,465
6,2,serial,270,473
6,2,serial,271,486
6,2,serial,272,465
6,2,serial,273,531
6,2,serial,274,492
6,2,serial,275,520
6,2,serial,276,541
6,2,serial,277,533
6,2,serial,278,504
6,2,serial,279,505
6,2,serial,280,528
6,2,serial,281,592
6,2,serial,282,533
6,2,serial,283,476
6,2,serial,284,441
6,2,serial,285,478
6,2,serial,286,476
6,2,serial,287,481
6,2,serial,288,477
6,2,serial,289,469
6,2,serial,290,465
6,2,serial,291,490
6,2,serial,292,535
6,2,serial,293,484
6,2,serial,294,494
6,2,serial,295,538
6,2,serial,296,510
6,2,serial,297,512
6,2,serial,298,501
6,2,serial,299,506
6,2,serial,300,501
6,2,serial,301,501
6,2,serial,302,516
6,2,serial,303,509
6,2,serial,304,520
6,2,serial,305,1087
6,2,serial,306,537
6,2,serial,307,482
6,2,serial,308,465
6,2,serial,309,427
6,2,serial,310,435
6,2,serial,311,532
6,2,serial,312,751
6,2,serial,313,711
6,2,serial,314,720
6,2,serial,315,699
6,2,serial,316,701
6,2,serial,317,733
6,2,serial,318,698
6,2,serial,319,712
6,2,serial,320,702
6,2,serial,321,701
6,2,serial,322,712
6,2,serial,323,697
6,2,serial,324,699
6,2,serial,325,737
6,2,serial,326,701
6,2,serial,327,698
6,2,serial,328,768
6,2,serial,329,687
6,2,serial,330,700
6,2,serial,331,711
6,2,serial,332,704
6,2,serial,333,730
6,2,serial,334,477
6,2,serial,335,460
6,2,serial,336,471
6,2,serial,337,465
6,2,serial,338,467
6,2,serial,339,464
6,2,serial,340,464
6,2,serial,341,476
6,2,serial,342,471
6,2,serial,343,461
6,2,serial,344,463
6,2,serial,345,462
6,2,serial,346,489
6,2,serial,347,471
6,2,serial,348,460
6,2,serial,349,465
6,2,serial,350,462
6,2,serial,351,465
6,2,serial,352,461
6,2,serial,353,460
6,2,serial,354,469
6,2,serial,355,463
6,2,serial,356,462
6,2,serial,357,472
6,2,serial,358,462
6,2,serial,359,460
6,2,serial,360,460
6,2,serial,361,464
6,2,serial,362,468
6,2,serial,363,466
6,2,serial,364,459
6,2,serial,365,464
6,2,serial,366,481
6,2,serial,367,551
6,2,serial,368,520
6,2,serial,369,472
6,2,serial,370,465
6,2,serial,371,499
6,2,serial,372,514
6,2,serial,373,502
6,2,serial,374,512
6,2,serial,375,520
6,2,serial,376,505
6,2,serial,377,501
6,2,serial,378,504
6,2,serial,379,501
6,2,serial,380,501
6,2,serial,381,501
6,2,serial,382,508
6,2,serial,383,512
6,2,serial,384,503
6,2,serial,385,501
6,2,serial,386,507
6,2,serial,387,495
6,2,serial,388,523
6,2,serial,389,504
6,2,serial,390,511
6,2,serial,391,508
6,2,serial,392,501
6,2,serial,393,500
6,2,serial,394,515
6,2,serial,395,508
6,2,serial,396,499
6,2,serial,397,503
6,2,serial,398,602
6,2,serial,399,585
6,2,serial,400,693
6,2,serial,401,562
6,2,serial,402,509
6,2,serial,403,580
6,2,serial,404,516
6,2,serial,405,512
6,2,serial,406,528
6,2,serial,407,498
6,2,serial,408,526
6,2,serial,409,500
6,2,serial,410,499
6,2,serial,411,494
6,2,serial,412,494
6,2,serial,413,508
6,2,serial,414,481
6,2,serial,415,436
6,2,serial,416,426
6,2,serial,417,443
6,2,serial,418,439
6,2,serial,419,431
6,2,serial,420,426
6,2,serial,421,427
6,2,serial,422,432
6,2,serial,423,420
6,2,serial,424,419
6,2,serial,425,433
6,2,serial,426,419
6,2,serial,427,419
6,2,serial,428,421
6,2,serial,429,469
6,2,serial,430,1035
6,2,serial,431,516
6,2,serial,432,497
6,2,serial,433,504
6,2,serial,434,512
6,2,serial,435,498
6,2,serial,436,505
6,2,serial,437,500
6,2,serial,438,517
6,2,serial,439,501
6,2,serial,440,502
6,2,serial,441,503
6,2,serial,442,502
6,2,serial,443,502
6,2,serial,444,512
6,2,serial,445,500
6,2,serial,446,528
6,2,serial,447,512
6,2,serial,448,502
6,2,serial,449,508
6,2,serial,450,501
6,2,serial,451,504
6,2,serial,452,501
6,2,serial,453,506
6,2,serial,454,502
6,2,serial,455,503
6,2,serial,456,501
6,2,serial,457,499
6,2,serial,458,501
6,2,serial,459,502
6,2,serial,460,788
6,2,serial,461,592
6,2,serial,462,539
6,2,serial,463,533
6,2,serial,464,550
6,2,serial,465,531
6,2,serial,466,502
6,2,serial,467,536
6,2,serial,468,488
6,2,serial,469,578
6,2,serial,470,566
6,2,serial,471,526
6,2,serial,472,531
6,2,serial,473,532
6,2,serial,474,540
6,2,serial,475,523
6,2,serial,476,505
6,2,serial,477,536
6,2,serial,478,505
6,2,serial,479,515
6,2,serial,480,504
6,2,serial,481,543
6,2,serial,482,464
6,2,serial,483,461
6,2,serial,484,914
6,2,serial,485,445
6,2,serial,486,467
6,2,serial,487,489
6,2,serial,488,464
6,2,serial,489,463
6,2,serial,490,573
6,2,serial,491,464
6,2,serial,492,527
6,2,serial,493,481
6,2,serial,494,461
6,2,serial,495,473
6,2,serial,496,466
6,2,serial,497,463
6,2,serial,498,466
6,2,serial,499,466
6,2,serial,500,464
6,2,serial,501,467
6,2,serial,502,469
6,2,serial,503,493
6,2,serial,504,482
6,2,serial,505,461
6,2,serial,506,471
6,2,serial,507,462
6,2,serial,508,472
6,2,serial,509,534
6,2,serial,510,468
6,2,serial,511,459
6,2,serial,512,457
6,2,serial,513,510
6,2,serial,514,478
6,2,serial,515,463
6,2,serial,516,462
6,2,serial,517,462
6,2,serial,518,459
6,2,serial,519,463
6,2,serial,520,464
6,2,serial,521,460
6,2,serial,522,463
6,2,serial,523,538
6,2,serial,524,517
6,2,serial,525,480
6,2,serial,526,473
6,2,serial,527,458
6,2,serial,528,464
6,2,serial,529,511
6,2,serial,530,475
6,2,serial,531,470
6,2,serial,532,487
6,2,serial,533,465
6,2,serial,534,469
6,2,serial,535,472
6,2,serial,536,467
6,2,serial,537,466
6,2,serial,538,483
6,2,serial,539,470
6,2,serial,540,435
6,2,serial,541,479
6,2,serial,542,465
6,2,serial,543,469
6,2,serial,544,465
6,2,serial,545,505
6,2,serial,546,961
6,2,serial,547,541
6,2,serial,548,505
6,2,serial,549,530
6,2,serial,550,471
6,2,serial,551,454
6,2,serial,552,460
6,2,serial,553,460
6,2,serial,554,469
6,2,serial,555,624
6,2,serial,556,493
6,2,serial,557,512
6,2,serial,558,501
6,2,serial,559,509
6,2,serial,560,502
6,2,serial,561,535
6,2,serial,562,505
6,2,serial,563,524
6,2,serial,564,470
6,2,serial,565,440
6,2,serial,566,432
6,2,serial,567,1075
6,2,serial,568,590
6,2,serial,569,467
6,2,serial,570,457
6,2,serial,571,466
6,2,serial,572,461
6,2,serial,573,464
6,2,serial,574,475
6,2,serial,575,461
6,2,serial,576,462
6,2,serial,577,464
6,2,serial,578,474
6,2,serial,579,460
6,2,serial,580,460
6,2,serial,581,465
6,2,serial,582,461
6,2,serial,583,463
6,2,serial,584,460
6,2,serial,585,559
6,2,serial,586,454
6,2,serial,587,485
6,2,serial,588,437
6,2,serial,589,445
6,2,serial,590,471
6,2,serial,591,517
6,2,serial,592,790
6,2,serial,593,760
6,2,serial,594,707
6,2,serial,595,719
6,2,serial,596,736
6,2,serial,597,727
6,2,serial,598,739
6,2,serial,599,698
6,2,serial,600,743
6,2,serial,601,789
6,2,serial,602,1014
6,2,serial,603,442
6,2,serial,604,455
6,2,serial,605,425
6,2,serial,606,426
6,2,serial,607,424
6,2,serial,608,425
6,2,serial,609,454
6,2,serial,610,464
6,2,serial,611,463
6,2,serial,612,580
6,2,serial,613,446
6,2,serial,614,423
6,2,serial,615,419
6,2,serial,616,419
6,2,serial,617,428
6,2,serial,618,419
6,2,serial,619,419
6,2,serial,620,418
6,2,serial,621,417
6,2,serial,622,430
6,2,serial,623,421
6,2,serial,624,423
6,2,serial,625,417
6,2,serial,626,460
6,2,serial,627,435
6,2,serial,628,422
6,2,serial,629,421
6,2,serial,630,422
6,2,serial,631,423
6,2,serial,632,448
6,2,serial,633,463
6,2,serial,634,461
6,2,serial,635,474
6,2,serial,636,428
6,2,serial,637,418
6,2,serial,638,423
6,2,serial,639,417
6,2,serial,640,421
6,2,serial,641,420
6,2,serial,642,419
6,2,serial,643,417
6,2,serial,644,422
6,2,serial,645,446
6,2,serial,646,423
6,2,serial,647,429
6,2,serial,648,440
6,2,serial,649,460
6,2,serial,650,772
6,2,serial,651,712
6,2,serial,652,736
6,2,serial,653,704
6,2,serial,654,707
6,2,serial,655,720
6,2,serial,656,720
6,2,serial,657,704
6,2,serial,658,733
6,2,serial,659,708
6,2,serial,660,689
6,2,serial,661,452
6,2,serial,662,468
6,2,serial,663,466
6,2,serial,664,469
6,2,serial,665,462
6,2,serial,666,476
6,2,serial,667,464
6,2,serial,668,471
6,2,serial,669,459
6,2,serial,670,462
6,2,serial,671,468
6,2,serial,672,468
6,2,serial,673,468
6,2,serial,674,463
6,2,serial,675,608
6,2,serial,676,757
6,2,serial,677,795
6,2,serial,678,758
6,2,serial,679,708
6,2,serial,680,745
6,2,serial,681,728
6,2,serial,682,758
6,2,serial,683,719
6,2,serial,684,708
6,2,serial,685,710
6,2,serial,686,708
6,2,serial,687,713
6,2,serial,688,729
6,2,serial,689,712
6,2,serial,690,700
6,2,serial,691,721
6,2,serial,692,699
6,2,serial,693,711
6,2,serial,694,752
6,2,serial,695,734
6,2,serial,696,717
6,2,serial,697,550
6,2,serial,698,470
6,2,serial,699,470
6,2,serial,700,468
6,2,serial,701,461
6,2,serial,702,469
6,2,serial,703,479
6,2,serial,704,457
6,2,serial,705,461
6,2,serial,706,456
6,2,serial,707,470
6,2,serial,708,463
6,2,serial,709,463
6,2,serial,710,467
6,2,serial,711,469
6,2,serial,712,469
6,2,serial,713,464
6,2,serial,714,462
6,2,serial,715,462
6,2,serial,716,477
6,2,serial,717,464
6,2,serial,718,464
6,2,serial,719,463
6,2,serial,720,464
6,2,serial,721,466
6,2,serial,722,461
6,2,serial,723,459
6,2,serial,724,465
6,2,serial,725,465
6,2,serial,726,463
6,2,serial,727,464
6,2,serial,728,463
6,2,serial,729,466
6,2,serial,730,483
6,2,serial,731,464
6,2,serial,732,470
6,2,serial,733,465
6,2,serial,734,462
6,2,serial,735,497
6,2,serial,736,472
6,2,serial,737,474
6,2,serial,738,463
6,2,serial,739,477
6,2,serial,740,472
6,2,serial,741,464
6,2,serial,742,471
6,2,serial,743,458
6,2,serial,744,469
6,2,serial,745,481
6,2,serial,746,502
6,2,serial,747,511
6,2,serial,748,507
6,2,serial,749,505
6,2,serial,750,500
6,2,serial,751,506
6,2,serial,752,500
6,2,serial,753,503
6,2,serial,754,499
6,2,serial,755,501
6,2,serial,756,500
6,2,serial,757,502
6,2,serial,758,497
6,2,serial,759,501
6,2,serial,760,502
6,2,serial,761,548
6,2,serial,762,547
6,2,serial,763,750
6,2,serial,764,489
6,2,serial,765,442
6,2,serial,766,438
6,2,serial,767,468
6,2,serial,768,466
6,2,serial,769,459
6,2,serial,770,463
6,2,serial,771,466
6,2,serial,772,464
6,2,serial,773,468
6,2,serial,774,466
6,2,serial,775,467
6,2,serial,776,463
6,2,serial,777,461
6,2,serial,778,460
6,2,serial,779,463
6,2,serial,780,467
6,2,serial,781,469
6,2,serial,782,470
6,2,serial,783,457
6,2,serial,784,920
6,2,serial,785,508
6,2,serial,786,464
6,2,serial,787,466
6,2,serial,788,469
6,2,serial,789,467
6,2,serial,790,505
6,2,serial,791,489
6,2,serial,792,471
6,2,serial,793,579
6,2,serial,794,473
6,2,serial,795,492
6,2,serial,796,462
6,2,serial,797,470
6,2,serial,798,462
6,2,serial,799,462
6,2,serial,800,452
6,2,serial,801,465
6,2,serial,802,438
6,2,serial,803,447
6,2,serial,804,525
6,2,serial,805,395
6,2,serial,806,387
6,2,serial,807,448
6,2,serial,808,459
6,2,serial,809,768
6,2,serial,810,707
6,2,serial,811,714
6,2,serial,812,707
6,2,serial,813,702
6,2,serial,814,715
6,2,serial,815,733
6,2,serial,816,744
6,2,serial,817,705
6,2,serial,818,698
6,2,serial,819,710
6,2,serial,820,696
6,2,serial,821,851
6,2,serial,822,527
6,2,serial,823,450
6,2,serial,824,473
6,2,serial,825,511
6,2,serial,826,535
6,2,serial,827,469
6,2,serial,828,464
6,2,serial,829,467
6,2,serial,830,457
6,2,serial,831,533
6,2,serial,832,692
6,2,serial,833,739
6,2,serial,834,753
6,2,serial,835,704
6,2,serial,836,737
6,2,serial,837,713
6,2,serial,838,1272
6,2,serial,839,738
6,2,serial,840,747
6,2,serial,841,794
6,2,serial,842,706
6,2,serial,843,701
6,2,serial,844,758
6,2,serial,845,471
6,2,serial,846,429
6,2,serial,847,439
6,2,serial,848,466
6,2,serial,849,461
6,2,serial,850,463
6,2,serial,851,457
6,2,serial,852,458
6,2,serial,853,464
6,2,serial,854,458
6,2,serial,855,468
6,2,serial,856,461
6,2,serial,857,455
6,2,serial,858,456
6,2,serial,859,485
6,2,serial,860,457
6,2,serial,861,456
6,2,serial,862,459
6,2,serial,863,475
6,2,serial,864,458
6,2,serial,865,455
6,2,serial,866,460
6,2,serial,867,463
6,2,serial,868,475
6,2,serial,869,465
6,2,serial,870,466
6,2,serial,871,463
6,2,serial,872,469
6,2,serial,873,462
6,2,serial,874,463
6,2,serial,875,466
6,2,serial,876,489
6,2,serial,877,461
6,2,serial,878,689
6,2,serial,879,497
6,2,serial,880,496
6,2,serial,881,535
6,2,serial,882,542
6,2,serial,883,501
6,2,serial,884,497
6,2,serial,885,504
6,2,serial,886,498
6,2,serial,887,505
6,2,serial,888,518
6,2,serial,889,499
6,2,serial,890,502
6,2,serial,891,503
6,2,serial,892,504
6,2,serial,893,500
6,2,serial,894,502
6,2,serial,895,499
6,2,serial,896,500
6,2,serial,897,500
6,2,serial,898,501
6,2,serial,899,501
6,2,serial,900,501
6,2,serial,901,500
6,2,serial,902,502
6,2,serial,903,504
6,2,serial,904,503
6,2,serial,905,510
6,2,serial,906,500
6,2,serial,907,501
6,2,serial,908,499
6,2,serial,909,730
6,2,serial,910,547
6,2,serial,911,470
6,2,serial,912,474
6,2,serial,913,503
6,2,serial,914,467
6,2,serial,915,442
6,2,serial,916,476
6,2,serial,917,461
6,2,serial,918,461
6,2,serial,919,443
6,2,serial,920,448
6,2,serial,921,450
6,2,serial,922,438
6,2,serial,923,431
6,2,serial,924,429
6,2,serial,925,462
6,2,serial,926,490
6,2,serial,927,463
6,2,serial,928,463
6,2,serial,929,469
6,2,serial,930,513
6,2,serial,931,638
6,2,serial,932,489
6,2,serial,933,494
6,2,serial,934,517
6,2,serial,935,493
6,2,serial,936,502
6,2,serial,937,485
6,2,serial,938,539
6,2,serial,939,512
6,2,serial,940,538
6,2,serial,941,585
6,2,serial,942,688
6,2,serial,943,791
6,2,serial,944,794
6,2,serial,945,586
6,2,serial,946,674
6,2,serial,947,682
6,2,serial,948,770
6,2,serial,949,1028
6,2,serial,950,622
6,2,serial,951,647
6,2,serial,952,664
6,2,serial,953,765
6,2,serial,954,646
6,2,serial,955,1502
6,2,serial,956,572
6,2,serial,957,901
6,2,serial,958,579
6,2,serial,959,525
6,2,serial,960,502
6,2,serial,961,502
6,2,serial,962,559
6,2,serial,963,502
6,2,serial,964,483
6,2,serial,965,477
6,2,serial,966,472
6,2,serial,967,481
6,2,serial,968,473
6,2,serial,969,462
6,2,serial,970,464
6,2,serial,971,463
6,2,serial,972,466
6,2,serial,973,462
6,2,serial,974,458
6,2,serial,975,477
6,2,serial,976,466
6,2,serial,977,465
6,2,serial,978,467
6,2,serial,979,462
6,2,serial,980,469
6,2,serial,981,466
6,2,serial,982,473
6,2,serial,983,461
6,2,serial,984,459
6,2,serial,985,461
6,2,serial,986,461
6,2,serial,987,463
6,2,serial,988,464
6,2,serial,989,459
6,2,serial,990,459
6,2,serial,991,461
6,2,serial,992,462
6,2,serial,993,467
6,2,serial,994,481
6,2,serial,995,538
6,2,serial,996,584
6,2,serial,997,491
6,2,serial,998,470
6,2,serial,999,497
6,2,concurrent,0,492
6,2,concurrent,1,490
6,2,concurrent,2,500
6,2,concurrent,3,502
6,2,concurrent,4,505
6,2,concurrent,5,497
6,2,concurrent,6,498
6,2,concurrent,7,494
6,2,concurrent,8,492
6,2,concurrent,9,487
6,2,concurrent,10,479
6,2,concurrent,11,493
6,2,concurrent,12,488
6,2,concurrent,13,489
6,2,concurrent,14,504
6,2,concurrent,15,512
6,2,concurrent,16,495
6,2,concurrent,17,491
6,2,concurrent,18,498
6,2,concurrent,19,511
6,2,concurrent,20,487
6,2,concurrent,21,493
6,2,concurrent,22,499
6,2,concurrent,23,518
6,2,concurrent,24,491
6,2,concurrent,25,491
6,2,concurrent,26,501
6,2,concurrent,27,664
6,2,concurrent,28,450
6,2,concurrent,29,447
6,2,concurrent,30,479
6,2,concurrent,31,452
6,2,concurrent,32,443
6,2,concurrent,33,439
6,2,concurrent,34,395
6,2,concurrent,35,401
6,2,concurrent,36,416
6,2,concurrent,37,446
6,2,concurrent,38,426
6,2,concurrent,39,443
6,2,concurrent,40,449
6,2,concurrent,41,447
6,2,concurrent,42,448
6,2,concurrent,43,450
6,2,concurrent,44,448
6,2,concurrent,45,448
6,2,concurrent,46,453
6,2,concurrent,47,448
6,2,concurrent,48,445
6,2,concurrent,49,436
6,2,concurrent,50,415
6,2,concurrent,51,418
6,2,concurrent,52,412
6,2,concurrent,53,434
6,2,concurrent,54,428
6,2,concurrent,55,447
6,2,concurrent,56,448
6,2,concurrent,57,449
6,2,concurrent,58,448
6,2,concurrent,59,448
6,2,concurrent,60,450
6,2,concurrent,61,449
6,2,concurrent,62,578
6,2,concurrent,63,455
6,2,concurrent,64,526
6,2,concurrent,65,516
6,2,concurrent,66,434
6,2,concurrent,67,418
6,2,concurrent,68,448
6,2,concurrent,69,481
6,2,concurrent,70,483
6,2,concurrent,71,475
6,2,concurrent,72,547
6,2,concurrent,73,481
6,2,concurrent,74,452
6,2,concurrent,75,453
6,2,concurrent,76,415
6,2,concurrent,77,407
6,2,concurrent,78,419
6,2,concurrent,79,426
6,2,concurrent,80,423
6,2,concurrent,81,424
6,2,concurrent,82,425
6,2,concurrent,83,423
6,2,concurrent,84,427
6,2,concurrent,85,455
6,2,concurrent,86,407
6,2,concurrent,87,453
6,2,concurrent,88,431
6,2,concurrent,89,461
6,2,concurrent,90,401
6,2,concurrent,91,446
6,2,concurrent,92,439
6,2,concurrent,93,427
6,2,concurrent,94,425
6,2,concurrent,95,448
6,2,concurrent,96,446
6,2,concurrent,97,775
6,2,concurrent,98,426
6,2,concurrent,99,422
6,2,concurrent,100,442
6,2,concurrent,101,451
6,2,concurrent,102,475
6,2,concurrent,103,426
6,2,concurrent,104,417
6,2,concurrent,105,434
6,2,concurrent,106,447
6,2,concurrent,107,414
6,2,concurrent,108,434
6,2,concurrent,109,512
6,2,concurrent,110,455
6,2,concurrent,111,448
6,2,concurrent,112,452
6,2,concurrent,113,412
6,2,concurrent,114,433
6,2,concurrent,115,398
6,2,concurrent,116,428
6,2,concurrent,117,418
6,2,concurrent,118,485
6,2,concurrent,119,457
6,2,concurrent,120,494
6,2,concurrent,121,714
6,2,concurrent,122,418
6,2,concurrent,123,421
6,2,concurrent,124,432
6,2,concurrent,125,437
6,2,concurrent,126,437
6,2,concurrent,127,435
6,2,concurrent,128,400
6,2,concurrent,129,453
6,2,concurrent,130,451
6,2,concurrent,131,426
6,2,concurrent,132,449
6,2,concurrent,133,446
6,2,concurrent,134,448
6,2,concurrent,135,443
6,2,concurrent,136,427
6,2,concurrent,137,438
6,2,concurrent,138,395
6,2,concurrent,139,425
6,2,concurrent,140,449
6,2,concurrent,141,449
6,2,concurrent,142,511
6,2,concurrent,143,430
6,2,concurrent,144,445
6,2,concurrent,145,445
6,2,concurrent,146,484
6,2,concurrent,147,447
6,2,concurrent,148,447
6,2,concurrent,149,447
6,2,concurrent,150,446
6,2,concurrent,151,445
6,2,concurrent,152,442
6,2,concurrent,153,473
6,2,concurrent,154,414
6,2,concurrent,155,408
6,2,concurrent,156,410
6,2,concurrent,157,412
6,2,concurrent,158,452
6,2,concurrent,159,465
6,2,concurrent,160,443
6,2,concurrent,161,411
6,2,concurrent,162,441
6,2,concurrent,163,432
6,2,concurrent,164,419
6,2,concurrent,165,412
6,2,concurrent,166,396
6,2,concurrent,167,738
6,2,concurrent,168,479
6,2,concurrent,169,451
6,2,concurrent,170,450
6,2,concurrent,171,470
6,2,concurrent,172,505
6,2,concurrent,173,437
6,2,concurrent,174,420
6,2,concurrent,175,425
6,2,concurrent,176,414
6,2,concurrent,177,417
6,2,concurrent,178,414
6,2,concurrent,179,414
6,2,concurrent,180,432
6,2,concurrent,181,453
6,2,concurrent,182,445
6,2,concurrent,183,446
6,2,concurrent,184,445
6,2,concurrent,185,490
6,2,concurrent,186,466
6,2,concurrent,187,1190
6,2,concurrent,188,477
6,2,concurrent,189,440
6,2,concurrent,190,471
6,2,concurrent,191,436
6,2,concurrent,192,406
6,2,concurrent,193,427
6,2,concurrent,194,425
6,2,concurrent,195,428
6,2,concurrent,196,418
6,2,concurrent,197,360
6,2,concurrent,198,397
6,2,concurrent,199,448
6,2,concurrent,200,476
6,2,concurrent,201,490
6,2,concurrent,202,447
6,2,concurrent,203,495
6,2,concurrent,204,414
6,2,concurrent,205,492
6,2,concurrent,206,449
6,2,concurrent,207,447
6,2,concurrent,208,451
6,2,concurrent,209,447
6,2,concurrent,210,450
6,2,concurrent,211,445
6,2,concurrent,212,447
6,2,concurrent,213,495
6,2,concurrent,214,447
6,2,concurrent,215,447
6,2,concurrent,216,435
6,2,concurrent,217,396
6,2,concurrent,218,366
6,2,concurrent,219,399
6,2,concurrent,220,414
6,2,concurrent,221,426
6,2,concurrent,222,450
6,2,concurrent,223,444
6,2,concurrent,224,446
6,2,concurrent,225,449
6,2,concurrent,226,447
6,2,concurrent,227,447
6,2,concurrent,228,451
6,2,concurrent,229,449
6,2,concurrent,230,447
6,2,concurrent,231,447
6,2,concurrent,232,440
6,2,concurrent,233,361
6,2,concurrent,234,411
6,2,concurrent,235,553
6,2,concurrent,236,504
6,2,concurrent,237,504
6,2,concurrent,238,448
6,2,concurrent,239,449
6,2,concurrent,240,448
6,2,concurrent,241,452
6,2,concurrent,242,447
6,2,concurrent,243,446
6,2,concurrent,244,445
6,2,concurrent,245,451
6,2,concurrent,246,453
6,2,concurrent,247,497
6,2,concurrent,248,397
6,2,concurrent,249,418
6,2,concurrent,250,426
6,2,concurrent,251,450
6,2,concurrent,252,498
6,2,concurrent,253,436
6,2,concurrent,254,1019
6,2,concurrent,255,463
6,2,concurrent,256,447
6,2,concurrent,257,466
6,2,concurrent,258,478
6,2,concurrent,259,355
6,2,concurrent,260,427
6,2,concurrent,261,416
6,2,concurrent,262,438
6,2,concurrent,263,378
6,2,concurrent,264,386
6,2,concurrent,265,355
6,2,concurrent,266,355
6,2,concurrent,267,360
6,2,concurrent,268,422
6,2,concurrent,269,413
6,2,concurrent,270,505
6,2,concurrent,271,445
6,2,concurrent,272,436
6,2,concurrent,273,486
6,2,concurrent,274,491
6,2,concurrent,275,444
6,2,concurrent,276,449
6,2,concurrent,277,429
6,2,concurrent,278,447
6,2,concurrent,279,448
6,2,concurrent,280,457
6,2,concurrent,281,469
6,2,concurrent,282,446
6,2,concurrent,283,446
6,2,concurrent,284,446
6,2,concurrent,285,441
6,2,concurrent,286,432
6,2,concurrent,287,434
6,2,concurrent,288,415
6,2,concurrent,289,432
6,2,concurrent,290,452
6,2,concurrent,291,449
6,2,concurrent,292,448
6,2,concurrent,293,445
6,2,concurrent,294,441
6,2,concurrent,295,425
6,2,concurrent,296,411
6,2,concurrent,297,411
6,2,concurrent,298,432
6,2,concurrent,299,431
6,2,concurrent,300,450
6,2,concurrent,301,450
6,2,concurrent,302,448
6,2,concurrent,303,452
6,2,concurrent,304,448
6,2,concurrent,305,484
6,2,concurrent,306,483
6,2,concurrent,307,450
6,2,concurrent,308,528
6,2,concurrent,309,489
6,2,concurrent,310,448
6,2,concurrent,311,445
6,2,concurrent,312,446
6,2,concurrent,313,461
6,2,concurrent,314,438
6,2,concurrent,315,439
6,2,concurrent,316,399
6,2,concurrent,317,421
6,2,concurrent,318,411
6,2,concurrent,319,435
6,2,concurrent,320,437
6,2,concurrent,321,468
6,2,concurrent,322,463
6,2,concurrent,323,443
6,2,concurrent,324,447
6,2,concurrent,325,450
6,2,concurrent,326,463
6,2,concurrent,327,486
6,2,concurrent,328,449
6,2,concurrent,329,444
6,2,concurrent,330,486
6,2,concurrent,331,447
6,2,concurrent,332,450
6,2,concurrent,333,448
6,2,concurrent,334,448
6,2,concurrent,335,449
6,2,concurrent,336,451
6,2,concurrent,337,450
6,2,concurrent,338,446
6,2,concurrent,339,453
6,2,concurrent,340,499
6,2,concurrent,341,431
6,2,concurrent,342,447
6,2,concurrent,343,457
6,2,concurrent,344,447
6,2,concurrent,345,435
6,2,concurrent,346,416
6,2,concurrent,347,394
6,2,concurrent,348,463
6,2,concurrent,349,431
6,2,concurrent,350,431
6,2,concurrent,351,490
6,2,concurrent,352,452
6,2,concurrent,353,447
6,2,concurrent,354,436
6,2,concurrent,355,436
6,2,concurrent,356,447
6,2,concurrent,357,421
6,2,concurrent,358,434
6,2,concurrent,359,426
6,2,concurrent,360,446
6,2,concurrent,361,424
6,2,concurrent,362,511
6,2,concurrent,363,803
6,2,concurrent,364,407
6,2,concurrent,365,391
6,2,concurrent,366,418
6,2,concurrent,367,360
6,2,concurrent,368,435
6,2,concurrent,369,422
6,2,concurrent,370,415
6,2,concurrent,371,366
6,2,concurrent,372,384
6,2,concurrent,373,396
6,2,concurrent,374,359
6,2,concurrent,375,484
6,2,concurrent,376,407
6,2,concurrent,377,451
6,2,concurrent,378,457
6,2,concurrent,379,427
6,2,concurrent,380,432
6,2,concurrent,381,487
6,2,concurrent,382,448
6,2,concurrent,383,452
6,2,concurrent,384,496
6,2,concurrent,385,463
6,2,concurrent,386,397
6,2,concurrent,387,392
6,2,concurrent,388,441
6,2,concurrent,389,414
6,2,concurrent,390,413
6,2,concurrent,391,418
6,2,concurrent,392,400
6,2,concurrent,393,429
6,2,concurrent,394,1101
6,2,concurrent,395,448
6,2,concurrent,396,467
6,2,concurrent,397,447
6,2,concurrent,398,449
6,2,concurrent,399,448
6,2,concurrent,400,443
6,2,concurrent,401,452
6,2,concurrent,402,450
6,2,concurrent,403,432
6,2,concurrent,404,455
6,2,concurrent,405,453
6,2,concurrent,406,447
6,2,concurrent,407,486
6,2,concurrent,408,448
6,2,concurrent,409,590
6,2,concurrent,410,449
6,2,concurrent,411,487
6,2,concurrent,412,462
6,2,concurrent,413,427
6,2,concurrent,414,445
6,2,concurrent,415,434
6,2,concurrent,416,450
6,2,concurrent,417,447
6,2,concurrent,418,447
6,2,concurrent,419,448
6,2,concurrent,420,449
6,2,concurrent,421,450
6,2,concurrent,422,445
6,2,concurrent,423,450
6,2,concurrent,424,447
6,2,concurrent,425,447
6,2,concurrent,426,447
6,2,concurrent,427,448
6,2,concurrent,428,451
6,2,concurrent,429,448
6,2,concurrent,430,446
6,2,concurrent,431,450
6,2,concurrent,432,448
6,2,concurrent,433,439
6,2,concurrent,434,411
6,2,concurrent,435,415
6,2,concurrent,436,394
6,2,concurrent,437,385
6,2,concurrent,438,414
6,2,concurrent,439,417
6,2,concurrent,440,490
6,2,concurrent,441,449
6,2,concurrent,442,436
6,2,concurrent,443,474
6,2,concurrent,444,544
6,2,concurrent,445,448
6,2,concurrent,446,451
6,2,concurrent,447,442
6,2,concurrent,448,419
6,2,concurrent,449,474
6,2,concurrent,450,543
6,2,concurrent,451,550
6,2,concurrent,452,498
6,2,concurrent,453,494
6,2,concurrent,454,494
6,2,concurrent,455,491
6,2,concurrent,456,494
6,2,concurrent,457,490
6,2,concurrent,458,500
6,2,concurrent,459,490
6,2,concurrent,460,547
6,2,concurrent,461,932
6,2,concurrent,462,522
6,2,concurrent,463,500
6,2,concurrent,464,491
6,2,concurrent,465,502
6,2,concurrent,466,497
6,2,concurrent,467,488
6,2,concurrent,468,498
6,2,concurrent,469,496
6,2,concurrent,470,509
6,2,concurrent,471,489
6,2,concurrent,472,491
6,2,concurrent,473,497
6,2,concurrent,474,556
6,2,concurrent,475,407
6,2,concurrent,476,464
6,2,concurrent,477,432
6,2,concurrent,478,423
6,2,concurrent,479,434
6,2,concurrent,480,551
6,2,concurrent,481,827
6,2,concurrent,482,798
6,2,concurrent,483,782
6,2,concurrent,484,794
6,2,concurrent,485,809
6,2,concurrent,486,730
6,2,concurrent,487,814
6,2,concurrent,488,687
6,2,concurrent,489,693
6,2,concurrent,490,645
6,2,concurrent,491,693
6,2,concurrent,492,741
6,2,concurrent,493,682
6,2,concurrent,494,676
6,2,concurrent,495,811
6,2,concurrent,496,884
6,2,concurrent,497,769
6,2,concurrent,498,416
6,2,concurrent,499,408
6,2,concurrent,500,416
6,2,concurrent,501,506
6,2,concurrent,502,478
6,2,concurrent,503,454
6,2,concurrent,504,421
6,2,concurrent,505,496
6,2,concurrent,506,453
6,2,concurrent,507,436
6,2,concurrent,508,436
6,2,concurrent,509,461
6,2,concurrent,510,437
6,2,concurrent,511,435
6,2,concurrent,512,433
6,2,concurrent,513,439
6,2,concurrent,514,436
6,2,concurrent,515,441
6,2,concurrent,516,434
6,2,concurrent,517,434
6,2,concurrent,518,443
6,2,concurrent,519,479
6,2,concurrent,520,436
6,2,concurrent,521,437
6,2,concurrent,522,463
6,2,concurrent,523,421
6,2,concurrent,524,412
6,2,concurrent,525,437
6,2,concurrent,526,435
6,2,concurrent,527,439
6,2,concurrent,528,439
6,2,concurrent,529,461
6,2,concurrent,530,421
6,2,concurrent,531,387
6,2,concurrent,532,475
6,2,concurrent,533,624
6,2,concurrent,534,466
6,2,concurrent,535,480
6,2,concurrent,536,549
6,2,concurrent,537,496
6,2,concurrent,538,478
6,2,concurrent,539,483
6,2,concurrent,540,521
6,2,concurrent,541,401
6,2,concurrent,542,457
6,2,concurrent,543,438
6,2,concurrent,544,455
6,2,concurrent,545,437
6,2,concurrent,546,474
6,2,concurrent,547,475
6,2,concurrent,548,439
6,2,concurrent,549,437
6,2,concurrent,550,439
6,2,concurrent,551,435
6,2,concurrent,552,437
6,2,concurrent,553,457
6,2,concurrent,554,436
6,2,concurrent,555,435
6,2,concurrent,556,475
6,2,concurrent,557,444
6,2,concurrent,558,435
6,2,concurrent,559,440
6,2,concurrent,560,435
6,2,concurrent,561,481
6,2,concurrent,562,477
6,2,concurrent,563,419
6,2,concurrent,564,410
6,2,concurrent,565,477
6,2,concurrent,566,421
6,2,concurrent,567,455
6,2,concurrent,568,499
6,2,concurrent,569,435
6,2,concurrent,570,402
6,2,concurrent,571,411
6,2,concurrent,572,431
6,2,concurrent,573,436
6,2,concurrent,574,414
6,2,concurrent,575,417
6,2,concurrent,576,378
6,2,concurrent,577,430
6,2,concurrent,578,438
6,2,concurrent,579,424
6,2,concurrent,580,452
6,2,concurrent,581,454
6,2,concurrent,582,523
6,2,concurrent,583,473
6,2,concurrent,584,420
6,2,concurrent,585,393
6,2,concurrent,586,411
6,2,concurrent,587,416
6,2,concurrent,588,421
6,2,concurrent,589,416
6,2,concurrent,590,425
6,2,concurrent,591,398
6,2,concurrent,592,435
6,2,concurrent,593,590
6,2,concurrent,594,644
6,2,concurrent,595,413
6,2,concurrent,596,376
6,2,concurrent,597,430
6,2,concurrent,598,432
6,2,concurrent,599,411
6,2,concurrent,600,440
6,2,concurrent,601,443
6,2,concurrent,602,412
6,2,concurrent,603,513
6,2,concurrent,604,439
6,2,concurrent,605,437
6,2,concurrent,606,482
6,2,concurrent,607,436
6,2,concurrent,608,478
6,2,concurrent,609,438
6,2,concurrent,610,457
6,2,concurrent,611,422
6,2,concurrent,612,390
6,2,concurrent,613,399
6,2,concurrent,614,413
6,2,concurrent,615,422
6,2,concurrent,616,472
6,2,concurrent,617,421
6,2,concurrent,618,414
6,2,concurrent,619,429
6,2,concurrent,620,413
6,2,concurrent,621,412
6,2,concurrent,622,426
6,2,concurrent,623,402
6,2,concurrent,624,415
6,2,concurrent,625,458
6,2,concurrent,626,390
6,2,concurrent,627,393
6,2,concurrent,628,406
6,2,concurrent,629,381
6,2,concurrent,630,404
6,2,concurrent,631,404
6,2,concurrent,632,551
6,2,concurrent,633,631
6,2,concurrent,634,1122
6,2,concurrent,635,6186
6,2,concurrent,636,6627
6,2,concurrent,637,3035
6,2,concurrent,638,607
6,2,concurrent,639,475
6,2,concurrent,640,531
6,2,concurrent,641,536
6,2,concurrent,642,526
6,2,concurrent,643,520
6,2,concurrent,644,537
6,2,concurrent,645,441
6,2,concurrent,646,510
6,2,concurrent,647,445
6,2,concurrent,648,482
6,2,concurrent,649,486
6,2,concurrent,650,440
6,2,concurrent,651,449
6,2,concurrent,652,455
6,2,concurrent,653,439
6,2,concurrent,654,434
6,2,concurrent,655,436
6,2,concurrent,656,449
6,2,concurrent,657,395
6,2,concurrent,658,495
6,2,concurrent,659,437
6,2,concurrent,660,451
6,2,concurrent,661,487
6,2,concurrent,662,439
6,2,concurrent,663,439
6,2,concurrent,664,475
6,2,concurrent,665,434
6,2,concurrent,666,481
6,2,concurrent,667,438
6,2,concurrent,668,435
6,2,concurrent,669,437
6,2,concurrent,670,416
6,2,concurrent,671,439
6,2,concurrent,672,423
6,2,concurrent,673,425
6,2,concurrent,674,421
6,2,concurrent,675,420
6,2,concurrent,676,426
6,2,concurrent,677,437
6,2,concurrent,678,480
6,2,concurrent,679,480
6,2,concurrent,680,438
6,2,concurrent,681,427
6,2,concurrent,682,413
6,2,concurrent,683,417
6,2,concurrent,684,418
6,2,concurrent,685,392
6,2,concurrent,686,404
6,2,concurrent,687,496
6,2,concurrent,688,434
6,2,concurrent,689,489
6,2,concurrent,690,587
6,2,concurrent,691,890
6,2,concurrent,692,432
6,2,concurrent,693,486
6,2,concurrent,694,436
6,2,concurrent,695,436
6,2,concurrent,696,439
6,2,concurrent,697,431
6,2,concurrent,698,430
6,2,concurrent,699,431
6,2,concurrent,700,436
6,2,concurrent,701,471
6,2,concurrent,702,470
6,2,concurrent,703,474
6,2,concurrent,704,432
6,2,concurrent,705,464
6,2,concurrent,706,440
6,2,concurrent,707,415
6,2,concurrent,708,586
6,2,concurrent,709,484
6,2,concurrent,710,462
6,2,concurrent,711,593
6,2,concurrent,712,536
6,2,concurrent,713,478
6,2,concurrent,714,557
6,2,concurrent,715,552
6,2,concurrent,716,479
6,2,concurrent,717,429
6,2,concurrent,718,430
6,2,concurrent,719,494
6,2,concurrent,720,484
6,2,concurrent,721,432
6,2,concurrent,722,436
6,2,concurrent,723,431
6,2,concurrent,724,458
6,2,concurrent,725,439
6,2,concurrent,726,416
6,2,concurrent,727,417
6,2,concurrent,728,478
6,2,concurrent,729,428
6,2,concurrent,730,431
6,2,concurrent,731,426
6,2,concurrent,732,426
6,2,concurrent,733,441
6,2,concurrent,734,417
6,2,concurrent,735,417
6,2,concurrent,736,392
6,2,concurrent,737,418
6,2,concurrent,738,393
6,2,concurrent,739,418
6,2,concurrent,740,435
6,2,concurrent,741,429
6,2,concurrent,742,678
6,2,concurrent,743,483
6,2,concurrent,744,449
6,2,concurrent,745,429
6,2,concurrent,746,478
6,2,concurrent,747,430
6,2,concurrent,748,429
6,2,concurrent,749,431
6,2,concurrent,750,469
6,2,concurrent,751,492
6,2,concurrent,752,477
6,2,concurrent,753,465
6,2,concurrent,754,494
6,2,concurrent,755,480
6,2,concurrent,756,482
6,2,concurrent,757,451
6,2,concurrent,758,470
6,2,concurrent,759,455
6,2,concurrent,760,475
6,2,concurrent,761,431
6,2,concurrent,762,474
6,2,concurrent,763,463
6,2,concurrent,764,421
6,2,concurrent,765,636
6,2,concurrent,766,512
6,2,concurrent,767,368
6,2,concurrent,768,457
6,2,concurrent,769,350
6,2,concurrent,770,422
6,2,concurrent,771,364
6,2,concurrent,772,388
6,2,concurrent,773,449
6,2,concurrent,774,433
6,2,concurrent,775,442
6,2,concurrent,776,543
6,2,concurrent,777,493
6,2,concurrent,778,432
6,2,concurrent,779,432
6,2,concurrent,780,446
6,2,concurrent,781,460
6,2,concurrent,782,430
6,2,concurrent,783,447
6,2,concurrent,784,427
6,2,concurrent,785,463
6,2,concurrent,786,414
6,2,concurrent,787,451
6,2,concurrent,788,450
6,2,concurrent,789,470
6,2,concurrent,790,467
6,2,concurrent,791,436
6,2,concurrent,792,432
6,2,concurrent,793,427
6,2,concurrent,794,426
6,2,concurrent,795,414
6,2,concurrent,796,456
6,2,concurrent,797,423
6,2,concurrent,798,411
6,2,concurrent,799,451
6,2,concurrent,800,430
6,2,concurrent,801,433
6,2,concurrent,802,428
6,2,concurrent,803,416
6,2,concurrent,804,468
6,2,concurrent,805,471
6,2,concurrent,806,431
6,2,concurrent,807,525
6,2,concurrent,808,447
6,2,concurrent,809,421
6,2,concurrent,810,423
6,2,concurrent,811,440
6,2,concurrent,812,684
6,2,concurrent,813,401
6,2,concurrent,814,408
6,2,concurrent,815,398
6,2,concurrent,816,445
6,2,concurrent,817,412
6,2,concurrent,818,431
6,2,concurrent,819,430
6,2,concurrent,820,416
6,2,concurrent,821,446
6,2,concurrent,822,372
6,2,concurrent,823,473
6,2,concurrent,824,401
6,2,concurrent,825,446
6,2,concurrent,826,477
6,2,concurrent,827,1107
6,2,concurrent,828,461
6,2,concurrent,829,468
6,2,concurrent,830,470
6,2,concurrent,831,432
6,2,concurrent,832,434
6,2,concurrent,833,426
6,2,concurrent,834,425
6,2,concurrent,835,426
6,2,concurrent,836,415
6,2,concurrent,837,418
6,2,concurrent,838,433
6,2,concurrent,839,469
6,2,concurrent,840,438
6,2,concurrent,841,424
6,2,concurrent,842,462
6,2,concurrent,843,452
6,2,concurrent,844,425
6,2,concurrent,845,438
6,2,concurrent,846,624
6,2,concurrent,847,445
6,2,concurrent,848,416
6,2,concurrent,849,435
6,2,concurrent,850,484
6,2,concurrent,851,463
6,2,concurrent,852,430
6,2,concurrent,853,462
6,2,concurrent,854,467
6,2,concurrent,855,416
6,2,concurrent,856,471
6,2,concurrent,857,434
6,2,concurrent,858,432
6,2,concurrent,859,432
6,2,concurrent,860,435
6,2,concurrent,861,429
6,2,concurrent,862,438
6,2,concurrent,863,422
6,2,concurrent,864,416
6,2,concurrent,865,418
6,2,concurrent,866,418
6,2,concurrent,867,431
6,2,concurrent,868,436
6,2,concurrent,869,430
6,2,concurrent,870,432
6,2,concurrent,871,432
6,2,concurrent,872,431
6,2,concurrent,873,432
6,2,concurrent,874,431
6,2,concurrent,875,435
6,2,concurrent,876,466
6,2,concurrent,877,416
6,2,concurrent,878,419
6,2,concurrent,879,417
6,2,concurrent,880,391
6,2,concurrent,881,434
6,2,concurrent,882,443
6,2,concurrent,883,464
6,2,concurrent,884,464
6,2,concurrent,885,456
6,2,concurrent,886,542
6,2,concurrent,887,496
6,2,concurrent,888,490
6,2,concurrent,889,510
6,2,concurrent,890,525
6,2,concurrent,891,527
6,2,concurrent,892,523
6,2,concurrent,893,478
6,2,concurrent,894,939
6,2,concurrent,895,503
6,2,concurrent,896,482
6,2,concurrent,897,492
6,2,concurrent,898,517
6,2,concurrent,899,478
6,2,concurrent,900,501
6,2,concurrent,901,511
6,2,concurrent,902,497
6,2,concurrent,903,480
6,2,concurrent,904,486
6,2,concurrent,905,504
6,2,concurrent,906,507
6,2,concurrent,907,459
6,2,concurrent,908,499
6,2,concurrent,909,539
6,2,concurrent,910,459
6,2,concurrent,911,473
6,2,concurrent,912,645
6,2,concurrent,913,574
6,2,concurrent,914,431
6,2,concurrent,915,444
6,2,concurrent,916,454
6,2,concurrent,917,423
6,2,concurrent,918,392
6,2,concurrent,919,420
6,2,concurrent,920,421
6,2,concurrent,921,467
6,2,concurrent,922,471
6,2,concurrent,923,431
6,2,concurrent,924,428
6,2,concurrent,925,432
6,2,concurrent,926,429
6,2,concurrent,927,437
6,2,concurrent,928,473
6,2,concurrent,929,422
6,2,concurrent,930,431
6,2,concurrent,931,473
6,2,concurrent,932,433
6,2,concurrent,933,430
6,2,concurrent,934,430
6,2,concurrent,935,458
6,2,concurrent,936,431
6,2,concurrent,937,431
6,2,concurrent,938,472
6,2,concurrent,939,430
6,2,concurrent,940,484
6,2,concurrent,941,491
6,2,concurrent,942,427
6,2,concurrent,943,433
6,2,concurrent,944,466
6,2,concurrent,945,430
6,2,concurrent,946,469
6,2,concurrent,947,509
6,2,concurrent,948,457
6,2,concurrent,949,450
6,2,concurrent,950,531
6,2,concurrent,951,471
6,2,concurrent,952,470
6,2,concurrent,953,429
6,2,concurrent,954,432
6,2,concurrent,955,453
6,2,concurrent,956,462
6,2,concurrent,957,414
6,2,concurrent,958,457
6,2,concurrent,959,399
6,2,concurrent,960,1105
6,2,concurrent,961,437
6,2,concurrent,962,436
6,2,concurrent,963,460
6,2,concurrent,964,426
6,2,concurrent,965,428
6,2,concurrent,966,416
6,2,concurrent,967,418
6,2,concurrent,968,461
6,2,concurrent,969,412
6,2,concurrent,970,418
6,2,concurrent,971,435
6,2,concurrent,972,494
6,2,concurrent,973,435
6,2,concurrent,974,432
6,2,concurrent,975,427
6,2,concurrent,976,461
6,2,concurrent,977,422
6,2,concurrent,978,449
6,2,concurrent,979,540
6,2,concurrent,980,925
6,2,concurrent,981,799
6,2,concurrent,982,817
6,2,concurrent,983,784
6,2,concurrent,984,785
6,2,concurrent,985,604
6,2,concurrent,986,433
6,2,concurrent,987,430
6,2,concurrent,988,469
6,2,concurrent,989,502
6,2,concurrent,990,472
6,2,concurrent,991,468
6,2,concurrent,992,480
6,2,concurrent,993,439
6,2,concurrent,994,470
6,2,concurrent,995,432
6,2,concurrent,996,470
6,2,concurrent,997,429
6,2,concurrent,998,428
6,2,concurrent,999,624
7,1,cpu_base,0,141
7,1,cpu_base,1,134
7,1,cpu_base,2,138
7,1,cpu_base,3,134
7,1,cpu_base,4,143
7,1,cpu_base,5,137
7,1,cpu_base,6,159
7,1,cpu_base,7,136
7,1,cpu_base,8,137
7,1,cpu_base,9,133
7,1,cpu_base,10,134
7,1,cpu_base,11,133
7,1,cpu_base,12,134
7,1,cpu_base,13,138
7,1,cpu_base,14,133
7,1,cpu_base,15,134
7,1,cpu_base,16,134
7,1,cpu_base,17,139
7,1,cpu_base,18,137
7,1,cpu_base,19,139
7,1,cpu_base,20,136
7,1,cpu_base,21,138
7,1,cpu_base,22,133
7,1,cpu_base,23,147
7,1,cpu_base,24,133
7,1,cpu_base,25,134
7,1,cpu_base,26,133
7,1,cpu_base,27,141
7,1,cpu_base,28,133
7,1,cpu_base,29,134
7,1,cpu_base,30,132
7,1,cpu_base,31,139
7,1,cpu_base,32,133
7,1,cpu_base,33,140
7,1,cpu_base,34,138
7,1,cpu_base,35,136
7,1,cpu_base,36,133
7,1,cpu_base,37,133
7,1,cpu_base,38,134
7,1,cpu_base,39,133
7,1,cpu_base,40,134
7,1,cpu_base,41,135
7,1,cpu_base,42,139
7,1,cpu_base,43,138
7,1,cpu_base,44,140
7,1,cpu_base,45,142
7,1,cpu_base,46,141
7,1,cpu_base,47,133
7,1,cpu_base,48,138
7,1,cpu_base,49,135
7,1,cpu_base,50,137
7,1,cpu_base,51,133
7,1,cpu_base,52,134
7,1,cpu_base,53,133
7,1,cpu_base,54,133
7,1,cpu_base,55,134
7,1,cpu_base,56,140
7,1,cpu_base,57,134
7,1,cpu_base,58,136
7,1,cpu_base,59,136
7,1,cpu_base,60,136
7,1,cpu_base,61,134
7,1,cpu_base,62,133
7,1,cpu_base,63,141
7,1,cpu_base,64,135
7,1,cpu_base,65,137
7,1,cpu_base,66,133
7,1,cpu_base,67,133
7,1,cpu_base,68,134
7,1,cpu_base,69,133
7,1,cpu_base,70,138
7,1,cpu_base,71,144
7,1,cpu_base,72,135
7,1,cpu_base,73,144
7,1,cpu_base,74,134
7,1,cpu_base,75,138
7,1,cpu_base,76,139
7,1,cpu_base,77,140
7,1,cpu_base,78,133
7,1,cpu_base,79,136
7,1,cpu_base,80,133
7,1,cpu_base,81,134
7,1,cpu_base,82,133
7,1,cpu_base,83,133
7,1,cpu_base,84,133
7,1,cpu_base,85,138
7,1,cpu_base,86,137
7,1,cpu_base,87,133
7,1,cpu_base,88,137
7,1,cpu_base,89,137
7,1,cpu_base,90,134
7,1,cpu_base,91,137
7,1,cpu_base,92,141
7,1,cpu_base,93,137
7,1,cpu_base,94,137
7,1,cpu_base,95,133
7,1,cpu_base,96,133
7,1,cpu_base,97,134
7,1,cpu_base,98,133
7,1,cpu_base,99,133
7,1,cpu_base,100,170
7,1,cpu_base,101,134
7,1,cpu_base,102,137
7,1,cpu_base,103,144
7,1,cpu_base,104,139
7,1,cpu_base,105,133
7,1,cpu_base,106,139
7,1,cpu_base,107,133
7,1,cpu_base,108,141
7,1,cpu_base,109,133
7,1,cpu_base,110,334
7,1,cpu_base,111,201
7,1,cpu_base,112,184
7,1,cpu_base,113,149
7,1,cpu_base,114,143
7,1,cpu_base,115,153
7,1,cpu_base,116,140
7,1,cpu_base,117,134
7,1,cpu_base,118,172
7,1,cpu_base,119,245
7,1,cpu_base,120,208
7,1,cpu_base,121,137
7,1,cpu_base,122,152
7,1,cpu_base,123,139
7,1,cpu_base,124,140
7,1,cpu_base,125,134
7,1,cpu_base,126,139
7,1,cpu_base,127,140
7,1,cpu_base,128,134
7,1,cpu_base,129,143
7,1,cpu_base,130,135
7,1,cpu_base,131,137
7,1,cpu_base,132,137
7,1,cpu_base,133,142
7,1,cpu_base,134,140
7,1,cpu_base,135,138
7,1,cpu_base,136,137
7,1,cpu_base,137,140
7,1,cpu_base,138,134
7,1,cpu_base,139,134
7,1,cpu_base,140,163
7,1,cpu_base,141,137
7,1,cpu_base,142,158
7,1,cpu_base,143,138
7,1,cpu_base,144,135
7,1,cpu_base,145,138
7,1,cpu_base,146,134
7,1,cpu_base,147,140
7,1,cpu_base,148,142
7,1,cpu_base,149,134
7,1,cpu_base,150,236
7,1,cpu_base,151,214
7,1,cpu_base,152,215
7,1,cpu_base,153,142
7,1,cpu_base,154,140
7,1,cpu_base,155,141
7,1,cpu_base,156,135
7,1,cpu_base,157,134
7,1,cpu_base,158,138
7,1,cpu_base,159,145
7,1,cpu_base,160,148
7,1,cpu_base,161,134
7,1,cpu_base,162,140
7,1,cpu_base,163,139
7,1,cpu_base,164,139
7,1,cpu_base,165,134
7,1,cpu_base,166,134
7,1,cpu_base,167,143
7,1,cpu_base,168,135
7,1,cpu_base,169,138
7,1,cpu_base,170,138
7,1,cpu_base,171,134
7,1,cpu_base,172,137
7,1,cpu_base,173,140
7,1,cpu_base,174,142
7,1,cpu_base,175,135
7,1,cpu_base,176,136
7,1,cpu_base,177,138
7,1,cpu_base,178,138
7,1,cpu_base,179,138
7,1,cpu_base,180,134
7,1,cpu_base,181,133
7,1,cpu_base,182,139
7,1,cpu_base,183,136
7,1,cpu_base,184,136
7,1,cpu_base,185,134
7,1,cpu_base,186,134
7,1,cpu_base,187,141
7,1,cpu_base,188,141
7,1,cpu_base,189,138
7,1,cpu_base,190,134
7,1,cpu_base,191,138
7,1,cpu_base,192,138
7,1,cpu_base,193,138
7,1,cpu_base,194,135
7,1,cpu_base,195,134
7,1,cpu_base,196,134
7,1,cpu_base,197,135
7,1,cpu_base,198,189
7,1,cpu_base,199,135
7,1,cpu_base,200,135
7,1,cpu_base,201,138
7,1,cpu_base,202,140
7,1,cpu_base,203,141
7,1,cpu_base,204,134
7,1,cpu_base,205,137
7,1,cpu_base,206,142
7,1,cpu_base,207,136
7,1,cpu_base,208,134
7,1,cpu_base,209,162
7,1,cpu_base,210,140
7,1,cpu_base,211,136
7,1,cpu_base,212,138
7,1,cpu_base,213,137
7,1,cpu_base,214,134
7,1,cpu_base,215,137
7,1,cpu_base,216,140
7,1,cpu_base,217,140
7,1,cpu_base,218,134
7,1,cpu_base,219,266
7,1,cpu_base,220,142
7,1,cpu_base,221,144
7,1,cpu_base,222,191
7,1,cpu_base,223,224
7,1,cpu_base,224,159
7,1,cpu_base,225,141
7,1,cpu_base,226,135
7,1,cpu_base,227,133
7,1,cpu_base,228,151
7,1,cpu_base,229,173
7,1,cpu_base,230,137
7,1,cpu_base,231,140
7,1,cpu_base,232,142
7,1,cpu_base,233,134
7,1,cpu_base,234,135
7,1,cpu_base,235,139
7,1,cpu_base,236,135
7,1,cpu_base,237,135
7,1,cpu_base,238,133
7,1,cpu_base,239,137
7,1,cpu_base,240,139
7,1,cpu_base,241,139
7,1,cpu_base,242,140
7,1,cpu_base,243,136
7,1,cpu_base,244,134
7,1,cpu_base,245,137
7,1,cpu_base,246,136
7,1,cpu_base,247,138
7,1,cpu_base,248,134
7,1,cpu_base,249,137
7,1,cpu_base,250,134
7,1,cpu_base,251,137
7,1,cpu_base,252,134
7,1,cpu_base,253,136
7,1,cpu_base,254,139
7,1,cpu_base,255,134
7,1,cpu_base,256,139
7,1,cpu_base,257,137
7,1,cpu_base,258,138
7,1,cpu_base,259,133
7,1,cpu_base,260,137
7,1,cpu_base,261,138
7,1,cpu_base,262,138
7,1,cpu_base,263,134
7,1,cpu_base,264,137
7,1,cpu_base,265,133
7,1,cpu_base,266,138
7,1,cpu_base,267,134
7,1,cpu_base,268,134
7,1,cpu_base,269,137
7,1,cpu_base,270,136
7,1,cpu_base,271,138
7,1,cpu_base,272,137
7,1,cpu_base,273,134
7,1,cpu_base,274,141
7,1,cpu_base,275,133
7,1,cpu_base,276,136
7,1,cpu_base,277,135
7,1,cpu_base,278,136
7,1,cpu_base,279,135
7,1,cpu_base,280,134
7,1,cpu_base,281,137
7,1,cpu_base,282,134
7,1,cpu_base,283,134
7,1,cpu_base,284,137
7,1,cpu_base,285,145
7,1,cpu_base,286,133
7,1,cpu_base,287,137
7,1,cpu_base,288,135
7,1,cpu_base,289,141
7,1,cpu_base,290,134
7,1,cpu_base,291,134
7,1,cpu_base,292,134
7,1,cpu_base,293,151
7,1,cpu_base,294,134
7,1,cpu_base,295,139
7,1,cpu_base,296,134
7,1,cpu_base,297,134
7,1,cpu_base,298,143
7,1,cpu_base,299,137
7,1,cpu_base,300,136
7,1,cpu_base,301,140
7,1,cpu_base,302,135
7,1,cpu_base,303,140
7,1,cpu_base,304,134
7,1,cpu_base,305,134
7,1,cpu_base,306,134
7,1,cpu_base,307,174
7,1,cpu_base,308,134
7,1,cpu_base,309,137
7,1,cpu_base,310,138
7,1,cpu_base,311,134
7,1,cpu_base,312,137
7,1,cpu_base,313,134
7,1,cpu_base,314,139
7,1,cpu_base,315,137
7,1,cpu_base,316,138
7,1,cpu_base,317,146
7,1,cpu_base,318,137
7,1,cpu_base,319,135
7,1,cpu_base,320,134
7,1,cpu_base,321,134
7,1,cpu_base,322,144
7,1,cpu_base,323,134
7,1,cpu_base,324,137
7,1,cpu_base,325,135
7,1,cpu_base,326,134
7,1,cpu_base,327,136
7,1,cpu_base,328,137
7,1,cpu_base,329,140
7,1,cpu_base,330,136
7,1,cpu_base,331,135
7,1,cpu_base,332,226
7,1,cpu_base,333,416
7,1,cpu_base,334,257
7,1,cpu_base,335,171
7,1,cpu_base,336,162
7,1,cpu_base,337,147
7,1,cpu_base,338,134
7,1,cpu_base,339,144
7,1,cpu_base,340,151
7,1,cpu_base,341,157
7,1,cpu_base,342,153
7,1,cpu_base,343,165
7,1,cpu_base,344,180
7,1,cpu_base,345,176
7,1,cpu_base,346,178
7,1,cpu_base,347,136
7,1,cpu_base,348,143
7,1,cpu_base,349,140
7,1,cpu_base,350,134
7,1,cpu_base,351,134
7,1,cpu_base,352,138
7,1,cpu_base,353,138
7,1,cpu_base,354,148
7,1,cpu_base,355,144
7,1,cpu_base,356,164
7,1,cpu_base,357,144
7,1,cpu_base,358,138
7,1,cpu_base,359,133
7,1,cpu_base,360,134
7,1,cpu_base,361,151
7,1,cpu_base,362,169
7,1,cpu_base,363,147
7,1,cpu_base,364,263
7,1,cpu_base,365,255
7,1,cpu_base,366,228
7,1,cpu_base,367,230
7,1,cpu_base,368,243
7,1,cpu_base,369,173
7,1,cpu_base,370,235
7,1,cpu_base,371,184
7,1,cpu_base,372,140
7,1,cpu_base,373,135
7,1,cpu_base,374,134
7,1,cpu_base,375,134
7,1,cpu_base,376,133
7,1,cpu_base,377,134
7,1,cpu_base,378,168
7,1,cpu_base,379,133
7,1,cpu_base,380,139
7,1,cpu_base,381,133
7,1,cpu_base,382,144
7,1,cpu_base,383,148
7,1,cpu_base,384,133
7,1,cpu_base,385,140
7,1,cpu_base,386,134
7,1,cpu_base,387,134
7,1,cpu_base,388,134
7,1,cpu_base,389,134
7,1,cpu_base,390,147
7,1,cpu_base,391,149
7,1,cpu_base,392,139
7,1,cpu_base,393,135
7,1,cpu_base,394,134
7,1,cpu_base,395,139
7,1,cpu_base,396,136
7,1,cpu_base,397,142
7,1,cpu_base,398,137
7,1,cpu_base,399,184
7,1,cpu_base,400,134
7,1,cpu_base,401,133
7,1,cpu_base,402,134
7,1,cpu_base,403,142
7,1,cpu_base,404,133
7,1,cpu_base,405,134
7,1,cpu_base,406,141
7,1,cpu_base,407,133
7,1,cpu_base,408,134
7,1,cpu_base,409,137
7,1,cpu_base,410,137
7,1,cpu_base,411,146
7,1,cpu_base,412,138
7,1,cpu_base,413,136
7,1,cpu_base,414,134
7,1,cpu_base,415,134
7,1,cpu_base,416,134
7,1,cpu_base,417,137
7,1,cpu_base,418,134
7,1,cpu_base,419,134
7,1,cpu_base,420,133
7,1,cpu_base,421,142
7,1,cpu_base,422,133
7,1,cpu_base,423,137
7,1,cpu_base,424,134
7,1,cpu_base,425,137
7,1,cpu_base,426,143
7,1,cpu_base,427,134
7,1,cpu_base,428,138
7,1,cpu_base,429,133
7,1,cpu_base,430,134
7,1,cpu_base,431,137
7,1,cpu_base,432,137
7,1,cpu_base,433,133
7,1,cpu_base,434,134
7,1,cpu_base,435,190
7,1,cpu_base,436,156
7,1,cpu_base,437,144
7,1,cpu_base,438,134
7,1,cpu_base,439,149
7,1,cpu_base,440,161
7,1,cpu_base,441,135
7,1,cpu_base,442,134
7,1,cpu_base,443,134
7,1,cpu_base,444,135
7,1,cpu_base,445,137
7,1,cpu_base,446,139
7,1,cpu_base,447,136
7,1,cpu_base,448,135
7,1,cpu_base,449,141
7,1,cpu_base,450,138
7,1,cpu_base,451,137
7,1,cpu_base,452,142
7,1,cpu_base,453,141
7,1,cpu_base,454,143
7,1,cpu_base,455,138
7,1,cpu_base,456,135
7,1,cpu_base,457,135
7,1,cpu_base,458,134
7,1,cpu_base,459,134
7,1,cpu_base,460,142
7,1,cpu_base,461,135
7,1,cpu_base,462,138
7,1,cpu_base,463,137
7,1,cpu_base,464,138
7,1,cpu_base,465,135
7,1,cpu_base,466,142
7,1,cpu_base,467,138
7,1,cpu_base,468,151
7,1,cpu_base,469,138
7,1,cpu_base,470,136
7,1,cpu_base,471,134
7,1,cpu_base,472,135
7,1,cpu_base,473,135
7,1,cpu_base,474,138
7,1,cpu_base,475,135
7,1,cpu_base,476,137
7,1,cpu_base,477,135
7,1,cpu_base,478,153
7,1,cpu_base,479,135
7,1,cpu_base,480,141
7,1,cpu_base,481,136
7,1,cpu_base,482,136
7,1,cpu_base,483,158
7,1,cpu_base,484,135
7,1,cpu_base,485,134
7,1,cpu_base,486,134
7,1,cpu_base,487,135
7,1,cpu_base,488,139
7,1,cpu_base,489,138
7,1,cpu_base,490,137
7,1,cpu_base,491,135
7,1,cpu_base,492,140
7,1,cpu_base,493,137
7,1,cpu_base,494,138
7,1,cpu_base,495,139
7,1,cpu_base,496,139
7,1,cpu_base,497,140
7,1,cpu_base,498,137
7,1,cpu_base,499,134
7,1,cpu_base,500,135
7,1,cpu_base,501,134
7,1,cpu_base,502,135
7,1,cpu_base,503,140
7,1,cpu_base,504,135
7,1,cpu_base,505,139
7,1,cpu_base,506,135
7,1,cpu_base,507,184
7,1,cpu_base,508,135
7,1,cpu_base,509,143
7,1,cpu_base,510,139
7,1,cpu_base,511,148
7,1,cpu_base,512,138
7,1,cpu_base,513,152
7,1,cpu_base,514,134
7,1,cpu_base,515,144
7,1,cpu_base,516,160
7,1,cpu_base,517,194
7,1,cpu_base,518,135
7,1,cpu_base,519,133
7,1,cpu_base,520,155
7,1,cpu_base,521,147
7,1,cpu_base,522,154
7,1,cpu_base,523,151
7,1,cpu_base,524,163
7,1,cpu_base,525,156
7,1,cpu_base,526,143
7,1,cpu_base,527,140
7,1,cpu_base,528,140
7,1,cpu_base,529,134
7,1,cpu_base,530,141
7,1,cpu_base,531,134
7,1,cpu_base,532,143
7,1,cpu_base,533,134
7,1,cpu_base,534,140
7,1,cpu_base,535,134
7,1,cpu_base,536,134
7,1,cpu_base,537,139
7,1,cpu_base,538,140
7,1,cpu_base,539,136
7,1,cpu_base,540,138
7,1,cpu_base,541,134
7,1,cpu_base,542,134
7,1,cpu_base,543,134
7,1,cpu_base,544,134
7,1,cpu_base,545,225
7,1,cpu_base,546,176
7,1,cpu_base,547,160
7,1,cpu_base,548,159
7,1,cpu_base,549,145
7,1,cpu_base,550,153
7,1,cpu_base,551,139
7,1,cpu_base,552,183
7,1,cpu_base,553,135
7,1,cpu_base,554,134
7,1,cpu_base,555,133
7,1,cpu_base,556,149
7,1,cpu_base,557,147
7,1,cpu_base,558,138
7,1,cpu_base,559,135
7,1,cpu_base,560,155
7,1,cpu_base,561,136
7,1,cpu_base,562,135
7,1,cpu_base,563,134
7,1,cpu_base,564,139
7,1,cpu_base,565,137
7,1,cpu_base,566,134
7,1,cpu_base,567,135
7,1,cpu_base,568,138
7,1,cpu_base,569,167
7,1,cpu_base,570,298
7,1,cpu_base,571,144
7,1,cpu_base,572,139
7,1,cpu_base,573,141
7,1,cpu_base,574,136
7,1,cpu_base,575,135
7,1,cpu_base,576,199
7,1,cpu_base,577,212
7,1,cpu_base,578,179
7,1,cpu_base,579,151
7,1,cpu_base,580,139
7,1,cpu_base,581,141
7,1,cpu_base,582,138
7,1,cpu_base,583,137
7,1,cpu_base,584,137
7,1,cpu_base,585,138
7,1,cpu_base,586,136
7,1,cpu_base,587,136
7,1,cpu_base,588,134
7,1,cpu_base,589,134
7,1,cpu_base,590,134
7,1,cpu_base,591,136
7,1,cpu_base,592,137
7,1,cpu_base,593,137
7,1,cpu_base,594,134
7,1,cpu_base,595,140
7,1,cpu_base,596,134
7,1,cpu_base,597,134
7,1,cpu_base,598,139
7,1,cpu_base,599,136
7,1,cpu_base,600,134
7,1,cpu_base,601,137
7,1,cpu_base,602,138
7,1,cpu_base,603,134
7,1,cpu_base,604,134
7,1,cpu_base,605,133
7,1,cpu_base,606,139
7,1,cpu_base,607,136
7,1,cpu_base,608,133
7,1,cpu_base,609,136
7,1,cpu_base,610,170
7,1,cpu_base,611,136
7,1,cpu_base,612,137
7,1,cpu_base,613,138
7,1,cpu_base,614,137
7,1,cpu_base,615,137
7,1,cpu_base,616,136
7,1,cpu_base,617,134
7,1,cpu_base,618,133
7,1,cpu_base,619,134
7,1,cpu_base,620,136
7,1,cpu_base,621,134
7,1,cpu_base,622,137
7,1,cpu_base,623,136
7,1,cpu_base,624,139
7,1,cpu_base,625,136
7,1,cpu_base,626,143
7,1,cpu_base,627,142
7,1,cpu_base,628,137
7,1,cpu_base,629,134
7,1,cpu_base,630,137
7,1,cpu_base,631,136
7,1,cpu_base,632,134
7,1,cpu_base,633,134
7,1,cpu_base,634,134
7,1,cpu_base,635,140
7,1,cpu_base,636,139
7,1,cpu_base,637,144
7,1,cpu_base,638,142
7,1,cpu_base,639,136
7,1,cpu_base,640,134
7,1,cpu_base,641,136
7,1,cpu_base,642,135
7,1,cpu_base,643,137
7,1,cpu_base,644,135
7,1,cpu_base,645,136
7,1,cpu_base,646,134
7,1,cpu_base,647,135
7,1,cpu_base,648,133
7,1,cpu_base,649,137
7,1,cpu_base,650,134
7,1,cpu_base,651,140
7,1,cpu_base,652,134
7,1,cpu_base,653,299
7,1,cpu_base,654,353
7,1,cpu_base,655,244
7,1,cpu_base,656,229
7,1,cpu_base,657,2728
7,1,cpu_base,658,584
7,1,cpu_base,659,363
7,1,cpu_base,660,300
7,1,cpu_base,661,335
7,1,cpu_base,662,332
7,1,cpu_base,663,334
7,1,cpu_base,664,392
7,1,cpu_base,665,331
7,1,cpu_base,666,331
7,1,cpu_base,667,311
7,1,cpu_base,668,327
7,1,cpu_base,669,331
7,1,cpu_base,670,349
7,1,cpu_base,671,321
7,1,cpu_base,672,317
7,1,cpu_base,673,307
7,1,cpu_base,674,322
7,1,cpu_base,675,329
7,1,cpu_base,676,284
7,1,cpu_base,677,282
7,1,cpu_base,678,274
7,1,cpu_base,679,277
7,1,cpu_base,680,277
7,1,cpu_base,681,276
7,1,cpu_base,682,275
7,1,cpu_base,683,279
7,1,cpu_base,684,284
7,1,cpu_base,685,274
7,1,cpu_base,686,278
7,1,cpu_base,687,276
7,1,cpu_base,688,280
7,1,cpu_base,689,282
7,1,cpu_base,690,280
7,1,cpu_base,691,279
7,1,cpu_base,692,273
7,1,cpu_base,693,279
7,1,cpu_base,694,279
7,1,cpu_base,695,281
7,1,cpu_base,696,327
7,1,cpu_base,697,280
7,1,cpu_base,698,297
7,1,cpu_base,699,349
7,1,cpu_base,700,275
7,1,cpu_base,701,275
7,1,cpu_base,702,297
7,1,cpu_base,703,278
7,1,cpu_base,704,276
7,1,cpu_base,705,276
7,1,cpu_base,706,279
7,1,cpu_base,707,274
7,1,cpu_base,708,1726
7,1,cpu_base,709,561
7,1,cpu_base,710,404
7,1,cpu_base,711,300
7,1,cpu_base,712,317
7,1,cpu_base,713,288
7,1,cpu_base,714,281
7,1,cpu_base,715,276
7,1,cpu_base,716,286
7,1,cpu_base,717,275
7,1,cpu_base,718,275
7,1,cpu_base,719,280
7,1,cpu_base,720,285
7,1,cpu_base,721,275
7,1,cpu_base,722,275
7,1,cpu_base,723,277
7,1,cpu_base,724,324
7,1,cpu_base,725,280
7,1,cpu_base,726,283
7,1,cpu_base,727,320
7,1,cpu_base,728,279
7,1,cpu_base,729,278
7,1,cpu_base,730,275
7,1,cpu_base,731,276
7,1,cpu_base,732,273
7,1,cpu_base,733,280
7,1,cpu_base,734,280
7,1,cpu_base,735,276
7,1,cpu_base,736,276
7,1,cpu_base,737,277
7,1,cpu_base,738,318
7,1,cpu_base,739,2795
7,1,cpu_base,740,3551
7,1,cpu_base,741,1358
7,1,cpu_base,742,497
7,1,cpu_base,743,296
7,1,cpu_base,744,231
7,1,cpu_base,745,226
7,1,cpu_base,746,890
7,1,cpu_base,747,575
7,1,cpu_base,748,311
7,1,cpu_base,749,350
7,1,cpu_base,750,270
7,1,cpu_base,751,238
7,1,cpu_base,752,236
7,1,cpu_base,753,268
7,1,cpu_base,754,218
7,1,cpu_base,755,225
7,1,cpu_base,756,266
7,1,cpu_base,757,197
7,1,cpu_base,758,186
7,1,cpu_base,759,177
7,1,cpu_base,760,196
7,1,cpu_base,761,206
7,1,cpu_base,762,332
7,1,cpu_base,763,294
7,1,cpu_base,764,262
7,1,cpu_base,765,296
7,1,cpu_base,766,273
7,1,cpu_base,767,285
7,1,cpu_base,768,289
7,1,cpu_base,769,286
7,1,cpu_base,770,272
7,1,cpu_base,771,325
7,1,cpu_base,772,249
7,1,cpu_base,773,260
7,1,cpu_base,774,276
7,1,cpu_base,775,246
7,1,cpu_base,776,308
7,1,cpu_base,777,257
7,1,cpu_base,778,258
7,1,cpu_base,779,260
7,1,cpu_base,780,262
7,1,cpu_base,781,273
7,1,cpu_base,782,445
7,1,cpu_base,783,456
7,1,cpu_base,784,509
7,1,cpu_base,785,2496
7,1,cpu_base,786,568
7,1,cpu_base,787,570
7,1,cpu_base,788,510
7,1,cpu_base,789,415
7,1,cpu_base,790,406
7,1,cpu_base,791,435
7,1,cpu_base,792,444
7,1,cpu_base,793,442
7,1,cpu_base,794,435
7,1,cpu_base,795,420
7,1,cpu_base,796,413
7,1,cpu_base,797,230
7,1,cpu_base,798,217
7,1,cpu_base,799,255
7,1,cpu_base,800,238
7,1,cpu_base,801,256
7,1,cpu_base,802,224
7,1,cpu_base,803,255
7,1,cpu_base,804,217
7,1,cpu_base,805,253
7,1,cpu_base,806,215
7,1,cpu_base,807,157
7,1,cpu_base,808,156
7,1,cpu_base,809,169
7,1,cpu_base,810,179
7,1,cpu_base,811,215
7,1,cpu_base,812,222
7,1,cpu_base,813,187
7,1,cpu_base,814,180
7,1,cpu_base,815,160
7,1,cpu_base,816,145
7,1,cpu_base,817,154
7,1,cpu_base,818,165
7,1,cpu_base,819,138
7,1,cpu_base,820,135
7,1,cpu_base,821,152
7,1,cpu_base,822,164
7,1,cpu_base,823,137
7,1,cpu_base,824,159
7,1,cpu_base,825,135
7,1,cpu_base,826,134
7,1,cpu_base,827,136
7,1,cpu_base,828,135
7,1,cpu_base,829,138
7,1,cpu_base,830,139
7,1,cpu_base,831,138
7,1,cpu_base,832,134
7,1,cpu_base,833,158
7,1,cpu_base,834,139
7,1,cpu_base,835,147
7,1,cpu_base,836,137
7,1,cpu_base,837,150
7,1,cpu_base,838,174
7,1,cpu_base,839,194
7,1,cpu_base,840,196
7,1,cpu_base,841,150
7,1,cpu_base,842,174
7,1,cpu_base,843,142
7,1,cpu_base,844,138
7,1,cpu_base,845,135
7,1,cpu_base,846,133
7,1,cpu_base,847,135
7,1,cpu_base,848,150
7,1,cpu_base,849,141
7,1,cpu_base,850,135
7,1,cpu_base,851,138
7,1,cpu_base,852,139
7,1,cpu_base,853,134
7,1,cpu_base,854,134
7,1,cpu_base,855,134
7,1,cpu_base,856,134
7,1,cpu_base,857,142
7,1,cpu_base,858,139
7,1,cpu_base,859,134
7,1,cpu_base,860,134
7,1,cpu_base,861,139
7,1,cpu_base,862,137
7,1,cpu_base,863,193
7,1,cpu_base,864,137
7,1,cpu_base,865,141
7,1,cpu_base,866,133
7,1,cpu_base,867,136
7,1,cpu_base,868,134
7,1,cpu_base,869,134
7,1,cpu_base,870,133
7,1,cpu_base,871,138
7,1,cpu_base,872,138
7,1,cpu_base,873,138
7,1,cpu_base,874,134
7,1,cpu_base,875,136
7,1,cpu_base,876,136
7,1,cpu_base,877,135
7,1,cpu_base,878,138
7,1,cpu_base,879,136
7,1,cpu_base,880,138
7,1,cpu_base,881,136
7,1,cpu_base,882,133
7,1,cpu_base,883,134
7,1,cpu_base,884,134
7,1,cpu_base,885,134
7,1,cpu_base,886,137
7,1,cpu_base,887,140
7,1,cpu_base,888,134
7,1,cpu_base,889,133
7,1,cpu_base,890,138
7,1,cpu_base,891,136
7,1,cpu_base,892,137
7,1,cpu_base,893,135
7,1,cpu_base,894,140
7,1,cpu_base,895,134
7,1,cpu_base,896,138
7,1,cpu_base,897,134
7,1,cpu_base,898,134
7,1,cpu_base,899,134
7,1,cpu_base,900,136
7,1,cpu_base,901,139
7,1,cpu_base,902,138
7,1,cpu_base,903,147
7,1,cpu_base,904,136
7,1,cpu_base,905,137
7,1,cpu_base,906,133
7,1,cpu_base,907,138
7,1,cpu_base,908,171
7,1,cpu_base,909,135
7,1,cpu_base,910,150
7,1,cpu_base,911,134
7,1,cpu_base,912,134
7,1,cpu_base,913,134
7,1,cpu_base,914,134
7,1,cpu_base,915,137
7,1,cpu_base,916,139
7,1,cpu_base,917,215
7,1,cpu_base,918,224
7,1,cpu_base,919,206
7,1,cpu_base,920,167
7,1,cpu_base,921,143
7,1,cpu_base,922,134
7,1,cpu_base,923,134
7,1,cpu_base,924,135
7,1,cpu_base,925,134
7,1,cpu_base,926,135
7,1,cpu_base,927,222
7,1,cpu_base,928,233
7,1,cpu_base,929,141
7,1,cpu_base,930,135
7,1,cpu_base,931,178
7,1,cpu_base,932,209
7,1,cpu_base,933,202
7,1,cpu_base,934,187
7,1,cpu_base,935,199
7,1,cpu_base,936,197
7,1,cpu_base,937,184
7,1,cpu_base,938,195
7,1,cpu_base,939,214
7,1,cpu_base,940,209
7,1,cpu_base,941,145
7,1,cpu_base,942,185
7,1,cpu_base,943,141
7,1,cpu_base,944,173
7,1,cpu_base,945,177
7,1,cpu_base,946,140
7,1,cpu_base,947,240
7,1,cpu_base,948,302
7,1,cpu_base,949,187
7,1,cpu_base,950,156
7,1,cpu_base,951,204
7,1,cpu_base,952,215
7,1,cpu_base,953,203
7,1,cpu_base,954,236
7,1,cpu_base,955,251
7,1,cpu_base,956,193
7,1,cpu_base,957,217
7,1,cpu_base,958,249
7,1,cpu_base,959,240
7,1,cpu_base,960,202
7,1,cpu_base,961,215
7,1,cpu_base,962,227
7,1,cpu_base,963,192
7,1,cpu_base,964,176
7,1,cpu_base,965,150
7,1,cpu_base,966,134
7,1,cpu_base,967,137
7,1,cpu_base,968,137
7,1,cpu_base,969,153
7,1,cpu_base,970,135
7,1,cpu_base,971,138
7,1,cpu_base,972,137
7,1,cpu_base,973,165
7,1,cpu_base,974,161
7,1,cpu_base,975,139
7,1,cpu_base,976,160
7,1,cpu_base,977,181
7,1,cpu_base,978,171
7,1,cpu_base,979,151
7,1,cpu_base,980,172
7,1,cpu_base,981,277
7,1,cpu_base,982,222
7,1,cpu_base,983,202
7,1,cpu_base,984,264
7,1,cpu_base,985,270
7,1,cpu_base,986,236
7,1,cpu_base,987,141
7,1,cpu_base,988,202
7,1,cpu_base,989,170
7,1,cpu_base,990,139
7,1,cpu_base,991,146
7,1,cpu_base,992,175
7,1,cpu_base,993,139
7,1,cpu_base,994,156
7,1,cpu_base,995,149
7,1,cpu_base,996,139
7,1,cpu_base,997,136
7,1,cpu_base,998,140
7,1,cpu_base,999,152
7,1,serial,0,428
7,1,serial,1,417
7,1,serial,2,428
7,1,serial,3,418
7,1,serial,4,484
7,1,serial,5,462
7,1,serial,6,428
7,1,serial,7,429
7,1,serial,8,436
7,1,serial,9,426
7,1,serial,10,430
7,1,serial,11,423
7,1,serial,12,420
7,1,serial,13,415
7,1,serial,14,417
7,1,serial,15,416
7,1,serial,16,423
7,1,serial,17,466
7,1,serial,18,421
7,1,serial,19,426
7,1,serial,20,927
7,1,serial,21,457
7,1,serial,22,424
7,1,serial,23,422
7,1,serial,24,454
7,1,serial,25,423
7,1,serial,26,407
7,1,serial,27,432
7,1,serial,28,429
7,1,serial,29,413
7,1,serial,30,426
7,1,serial,31,402
7,1,serial,32,425
7,1,serial,33,450
7,1,serial,34,439
7,1,serial,35,405
7,1,serial,36,431
7,1,serial,37,406
7,1,serial,38,407
7,1,serial,39,493
7,1,serial,40,461
7,1,serial,41,424
7,1,serial,42,471
7,1,serial,43,420
7,1,serial,44,417
7,1,serial,45,421
7,1,serial,46,422
7,1,serial,47,417
7,1,serial,48,426
7,1,serial,49,425
7,1,serial,50,422
7,1,serial,51,420
7,1,serial,52,420
7,1,serial,53,434
7,1,serial,54,443
7,1,serial,55,433
7,1,serial,56,418
7,1,serial,57,453
7,1,serial,58,418
7,1,serial,59,451
7,1,serial,60,494
7,1,serial,61,429
7,1,serial,62,421
7,1,serial,63,422
7,1,serial,64,467
7,1,serial,65,418
7,1,serial,66,420
7,1,serial,67,422
7,1,serial,68,420
7,1,serial,69,418
7,1,serial,70,419
7,1,serial,71,417
7,1,serial,72,422
7,1,serial,73,418
7,1,serial,74,420
7,1,serial,75,442
7,1,serial,76,449
7,1,serial,77,484
7,1,serial,78,424
7,1,serial,79,421
7,1,serial,80,421
7,1,serial,81,431
7,1,serial,82,448
7,1,serial,83,419
7,1,serial,84,419
7,1,serial,85,419
7,1,serial,86,416
7,1,serial,87,422
7,1,serial,88,417
7,1,serial,89,419
7,1,serial,90,871
7,1,serial,91,421
7,1,serial,92,420
7,1,serial,93,419
7,1,serial,94,427
7,1,serial,95,419
7,1,serial,96,422
7,1,serial,97,417
7,1,serial,98,419
7,1,serial,99,418
7,1,serial,100,419
7,1,serial,101,419
7,1,serial,102,420
7,1,serial,103,417
7,1,serial,104,446
7,1,serial,105,420
7,1,serial,106,419
7,1,serial,107,421
7,1,serial,108,415
7,1,serial,109,428
7,1,serial,110,422
7,1,serial,111,424
7,1,serial,112,460
7,1,serial,113,421
7,1,serial,114,421
7,1,serial,115,420
7,1,serial,116,420
7,1,serial,117,437
7,1,serial,118,447
7,1,serial,119,419
7,1,serial,120,425
7,1,serial,121,418
7,1,serial,122,420
7,1,serial,123,428
7,1,serial,124,422
7,1,serial,125,420
7,1,serial,126,420
7,1,serial,127,426
7,1,serial,128,421
7,1,serial,129,420
7,1,serial,130,420
7,1,serial,131,419
7,1,serial,132,418
7,1,serial,133,420
7,1,serial,134,416
7,1,serial,135,419
7,1,serial,136,418
7,1,serial,137,421
7,1,serial,138,420
7,1,serial,139,423
7,1,serial,140,429
7,1,serial,141,422
7,1,serial,142,434
7,1,serial,143,421
7,1,serial,144,420
7,1,serial,145,421
7,1,serial,146,438
7,1,serial,147,420
7,1,serial,148,418
7,1,serial,149,520
7,1,serial,150,476
7,1,serial,151,433
7,1,serial,152,434
7,1,serial,153,394
7,1,serial,154,390
7,1,serial,155,392
7,1,serial,156,391
7,1,serial,157,416
7,1,serial,158,400
7,1,serial,159,388
7,1,serial,160,387
7,1,serial,161,396
7,1,serial,162,403
7,1,serial,163,406
7,1,serial,164,400
7,1,serial,165,392
7,1,serial,166,396
7,1,serial,167,392
7,1,serial,168,386
7,1,serial,169,391
7,1,serial,170,387
7,1,serial,171,395
7,1,serial,172,384
7,1,serial,173,391
7,1,serial,174,391
7,1,serial,175,391
7,1,serial,176,387
7,1,serial,177,468
7,1,serial,178,457
7,1,serial,179,432
7,1,serial,180,409
7,1,serial,181,399
7,1,serial,182,442
7,1,serial,183,456
7,1,serial,184,420
7,1,serial,185,428
7,1,serial,186,511
7,1,serial,187,559
7,1,serial,188,463
7,1,serial,189,509
7,1,serial,190,434
7,1,serial,191,420
7,1,serial,192,450
7,1,serial,193,443
7,1,serial,194,457
7,1,serial,195,426
7,1,serial,196,424
7,1,serial,197,422
7,1,serial,198,429
7,1,serial,199,424
7,1,serial,200,415
7,1,serial,201,419
7,1,serial,202,419
7,1,serial,203,424
7,1,serial,204,423
7,1,serial,205,419
7,1,serial,206,421
7,1,serial,207,423
7,1,serial,208,421
7,1,serial,209,419
7,1,serial,210,420
7,1,serial,211,419
7,1,serial,212,417
7,1,serial,213,417
7,1,serial,214,417
7,1,serial,215,421
7,1,serial,216,420
7,1,serial,217,441
7,1,serial,218,456
7,1,serial,219,421
7,1,serial,220,420
7,1,serial,221,424
7,1,serial,222,418
7,1,serial,223,516
7,1,serial,224,499
7,1,serial,225,494
7,1,serial,226,424
7,1,serial,227,423
7,1,serial,228,498
7,1,serial,229,425
7,1,serial,230,425
7,1,serial,231,425
7,1,serial,232,422
7,1,serial,233,417
7,1,serial,234,422
7,1,serial,235,433
7,1,serial,236,422
7,1,serial,237,427
7,1,serial,238,415
7,1,serial,239,417
7,1,serial,240,420
7,1,serial,241,418
7,1,serial,242,420
7,1,serial,243,417
7,1,serial,244,421
7,1,serial,245,419
7,1,serial,246,419
7,1,serial,247,428
7,1,serial,248,406
7,1,serial,249,873
7,1,serial,250,419
7,1,serial,251,419
7,1,serial,252,418
7,1,serial,253,422
7,1,serial,254,424
7,1,serial,255,419
7,1,serial,256,418
7,1,serial,257,426
7,1,serial,258,419
7,1,serial,259,586
7,1,serial,260,479
7,1,serial,261,430
7,1,serial,262,425
7,1,serial,263,454
7,1,serial,264,423
7,1,serial,265,445
7,1,serial,266,447
7,1,serial,267,419
7,1,serial,268,422
7,1,serial,269,421
7,1,serial,270,421
7,1,serial,271,425
7,1,serial,272,418
7,1,serial,273,421
7,1,serial,274,418
7,1,serial,275,424
7,1,serial,276,421
7,1,serial,277,417
7,1,serial,278,418
7,1,serial,279,419
7,1,serial,280,417
7,1,serial,281,420
7,1,serial,282,420
7,1,serial,283,415
7,1,serial,284,419
7,1,serial,285,421
7,1,serial,286,420
7,1,serial,287,416
7,1,serial,288,419
7,1,serial,289,418
7,1,serial,290,428
7,1,serial,291,419
7,1,serial,292,417
7,1,serial,293,420
7,1,serial,294,560
7,1,serial,295,447
7,1,serial,296,403
7,1,serial,297,389
7,1,serial,298,390
7,1,serial,299,388
7,1,serial,300,400
7,1,serial,301,393
7,1,serial,302,387
7,1,serial,303,389
7,1,serial,304,388
7,1,serial,305,387
7,1,serial,306,398
7,1,serial,307,409
7,1,serial,308,400
7,1,serial,309,959
7,1,serial,310,472
7,1,serial,311,399
7,1,serial,312,410
7,1,serial,313,391
7,1,serial,314,392
7,1,serial,315,388
7,1,serial,316,385
7,1,serial,317,392
7,1,serial,318,389
7,1,serial,319,390
7,1,serial,320,407
7,1,serial,321,399
7,1,serial,322,391
7,1,serial,323,392
7,1,serial,324,389
7,1,serial,325,393
7,1,serial,326,388
7,1,serial,327,391
7,1,serial,328,387
7,1,serial,329,397
7,1,serial,330,388
7,1,serial,331,399
7,1,serial,332,439
7,1,serial,333,464
7,1,serial,334,444
7,1,serial,335,424
7,1,serial,336,427
7,1,serial,337,411
7,1,serial,338,390
7,1,serial,339,386
7,1,serial,340,389
7,1,serial,341,396
7,1,serial,342,388
7,1,serial,343,386
7,1,serial,344,417
7,1,serial,345,415
7,1,serial,346,403
7,1,serial,347,398
7,1,serial,348,387
7,1,serial,349,386
7,1,serial,350,387
7,1,serial,351,387
7,1,serial,352,393
7,1,serial,353,385
7,1,serial,354,406
7,1,serial,355,395
7,1,serial,356,395
7,1,serial,357,400
7,1,serial,358,395
7,1,serial,359,387
7,1,serial,360,384
7,1,serial,361,390
7,1,serial,362,384
7,1,serial,363,384
7,1,serial,364,384
7,1,serial,365,389
7,1,serial,366,389
7,1,serial,367,384
7,1,serial,368,392
7,1,serial,369,511
7,1,serial,370,457
7,1,serial,371,421
7,1,serial,372,498
7,1,serial,373,455
7,1,serial,374,419
7,1,serial,375,419
7,1,serial,376,418
7,1,serial,377,425
7,1,serial,378,419
7,1,serial,379,420
7,1,serial,380,418
7,1,serial,381,415
7,1,serial,382,422
7,1,serial,383,983
7,1,serial,384,442
7,1,serial,385,421
7,1,serial,386,429
7,1,serial,387,453
7,1,serial,388,418
7,1,serial,389,421
7,1,serial,390,418
7,1,serial,391,425
7,1,serial,392,554
7,1,serial,393,569
7,1,serial,394,591
7,1,serial,395,435
7,1,serial,396,553
7,1,serial,397,562
7,1,serial,398,802
7,1,serial,399,1225
7,1,serial,400,497
7,1,serial,401,633
7,1,serial,402,970
7,1,serial,403,614
7,1,serial,404,531
7,1,serial,405,507
7,1,serial,406,651
7,1,serial,407,890
7,1,serial,408,587
7,1,serial,409,658
7,1,serial,410,716
7,1,serial,411,545
7,1,serial,412,550
7,1,serial,413,514
7,1,serial,414,524
7,1,serial,415,606
7,1,serial,416,550
7,1,serial,417,604
7,1,serial,418,802
7,1,serial,419,569
7,1,serial,420,605
7,1,serial,421,642
7,1,serial,422,622
7,1,serial,423,495
7,1,serial,424,499
7,1,serial,425,769
7,1,serial,426,760
7,1,serial,427,944
7,1,serial,428,498
7,1,serial,429,498
7,1,serial,430,705
7,1,serial,431,605
7,1,serial,432,850
7,1,serial,433,541
7,1,serial,434,487
7,1,serial,435,567
7,1,serial,436,621
7,1,serial,437,663
7,1,serial,438,674
7,1,serial,439,802
7,1,serial,440,771
7,1,serial,441,524
7,1,serial,442,523
7,1,serial,443,516
7,1,serial,444,580
7,1,serial,445,462
7,1,serial,446,448
7,1,serial,447,475
7,1,serial,448,451
7,1,serial,449,492
7,1,serial,450,496
7,1,serial,451,493
7,1,serial,452,877
7,1,serial,453,547
7,1,serial,454,582
7,1,serial,455,587
7,1,serial,456,617
7,1,serial,457,1008
7,1,serial,458,642
7,1,serial,459,628
7,1,serial,460,761
7,1,serial,461,742
7,1,serial,462,734
7,1,serial,463,735
7,1,serial,464,492
7,1,serial,465,437
7,1,serial,466,433
7,1,serial,467,441
7,1,serial,468,427
7,1,serial,469,428
7,1,serial,470,463
7,1,serial,471,422
7,1,serial,472,463
7,1,serial,473,479
7,1,serial,474,430
7,1,serial,475,422
7,1,serial,476,443
7,1,serial,477,421
7,1,serial,478,426
7,1,serial,479,664
7,1,serial,480,506
7,1,serial,481,493
7,1,serial,482,560
7,1,serial,483,551
7,1,serial,484,431
7,1,serial,485,427
7,1,serial,486,482
7,1,serial,487,471
7,1,serial,488,438
7,1,serial,489,423
7,1,serial,490,440
7,1,serial,491,438
7,1,serial,492,494
7,1,serial,493,919
7,1,serial,494,650
7,1,serial,495,707
7,1,serial,496,688
7,1,serial,497,481
7,1,serial,498,456
7,1,serial,499,422
7,1,serial,500,446
7,1,serial,501,419
7,1,serial,502,421
7,1,serial,503,422
7,1,serial,504,420
7,1,serial,505,431
7,1,serial,506,420
7,1,serial,507,437
7,1,serial,508,426
7,1,serial,509,430
7,1,serial,510,423
7,1,serial,511,552
7,1,serial,512,464
7,1,serial,513,473
7,1,serial,514,490
7,1,serial,515,428
7,1,serial,516,423
7,1,serial,517,429
7,1,serial,518,453
7,1,serial,519,477
7,1,serial,520,425
7,1,serial,521,424
7,1,serial,522,426
7,1,serial,523,428
7,1,serial,524,424
7,1,serial,525,445
7,1,serial,526,422
7,1,serial,527,475
7,1,serial,528,511
7,1,serial,529,487
7,1,serial,530,454
7,1,serial,531,449
7,1,serial,532,421
7,1,serial,533,420
7,1,serial,534,424
7,1,serial,535,422
7,1,serial,536,418
7,1,serial,537,420
7,1,serial,538,423
7,1,serial,539,420
7,1,serial,540,421
7,1,serial,541,416
7,1,serial,542,421
7,1,serial,543,418
7,1,serial,544,420
7,1,serial,545,599
7,1,serial,546,468
7,1,serial,547,423
7,1,serial,548,418
7,1,serial,549,420
7,1,serial,550,420
7,1,serial,551,417
7,1,serial,552,421
7,1,serial,553,418
7,1,serial,554,423
7,1,serial,555,420
7,1,serial,556,528
7,1,serial,557,760
7,1,serial,558,1184
7,1,serial,559,460
7,1,serial,560,461
7,1,serial,561,458
7,1,serial,562,459
7,1,serial,563,457
7,1,serial,564,459
7,1,serial,565,456
7,1,serial,566,453
7,1,serial,567,482
7,1,serial,568,480
7,1,serial,569,454
7,1,serial,570,465
7,1,serial,571,458
7,1,serial,572,491
7,1,serial,573,452
7,1,serial,574,455
7,1,serial,575,454
7,1,serial,576,453
7,1,serial,577,589
7,1,serial,578,751
7,1,serial,579,429
7,1,serial,580,421
7,1,serial,581,425
7,1,serial,582,451
7,1,serial,583,423
7,1,serial,584,422
7,1,serial,585,425
7,1,serial,586,465
7,1,serial,587,422
7,1,serial,588,426
7,1,serial,589,424
7,1,serial,590,422
7,1,serial,591,427
7,1,serial,592,427
7,1,serial,593,425
7,1,serial,594,420
7,1,serial,595,421
7,1,serial,596,421
7,1,serial,597,419
7,1,serial,598,422
7,1,serial,599,420
7,1,serial,600,429
7,1,serial,601,422
7,1,serial,602,422
7,1,serial,603,420
7,1,serial,604,421
7,1,serial,605,430
7,1,serial,606,425
7,1,serial,607,427
7,1,serial,608,422
7,1,serial,609,422
7,1,serial,610,420
7,1,serial,611,426
7,1,serial,612,419
7,1,serial,613,544
7,1,serial,614,578
7,1,serial,615,525
7,1,serial,616,548
7,1,serial,617,476
7,1,serial,618,475
7,1,serial,619,473
7,1,serial,620,628
7,1,serial,621,693
7,1,serial,622,808
7,1,serial,623,543
7,1,serial,624,558
7,1,serial,625,935
7,1,serial,626,456
7,1,serial,627,433
7,1,serial,628,437
7,1,serial,629,430
7,1,serial,630,428
7,1,serial,631,445
7,1,serial,632,436
7,1,serial,633,428
7,1,serial,634,472
7,1,serial,635,424
7,1,serial,636,422
7,1,serial,637,427
7,1,serial,638,425
7,1,serial,639,425
7,1,serial,640,426
7,1,serial,641,432
7,1,serial,642,449
7,1,serial,643,446
7,1,serial,644,700
7,1,serial,645,719
7,1,serial,646,720
7,1,serial,647,680
7,1,serial,648,753
7,1,serial,649,547
7,1,serial,650,497
7,1,serial,651,485
7,1,serial,652,526
7,1,serial,653,483
7,1,serial,654,503
7,1,serial,655,490
7,1,serial,656,461
7,1,serial,657,503
7,1,serial,658,451
7,1,serial,659,454
7,1,serial,660,456
7,1,serial,661,458
7,1,serial,662,455
7,1,serial,663,504
7,1,serial,664,522
7,1,serial,665,694
7,1,serial,666,470
7,1,serial,667,448
7,1,serial,668,467
7,1,serial,669,482
7,1,serial,670,478
7,1,serial,671,510
7,1,serial,672,457
7,1,serial,673,452
7,1,serial,674,719
7,1,serial,675,682
7,1,serial,676,685
7,1,serial,677,785
7,1,serial,678,709
7,1,serial,679,684
7,1,serial,680,718
7,1,serial,681,696
7,1,serial,682,784
7,1,serial,683,944
7,1,serial,684,694
7,1,serial,685,686
7,1,serial,686,693
7,1,serial,687,681
7,1,serial,688,687
7,1,serial,689,689
7,1,serial,690,683
7,1,serial,691,685
7,1,serial,692,695
7,1,serial,693,683
7,1,serial,694,695
7,1,serial,695,685
7,1,serial,696,596
7,1,serial,697,510
7,1,serial,698,472
7,1,serial,699,504
7,1,serial,700,546
7,1,serial,701,492
7,1,serial,702,484
7,1,serial,703,458
7,1,serial,704,453
7,1,serial,705,493
7,1,serial,706,457
7,1,serial,707,454
7,1,serial,708,454
7,1,serial,709,457
7,1,serial,710,449
7,1,serial,711,455
7,1,serial,712,457
7,1,serial,713,454
7,1,serial,714,454
7,1,serial,715,455
7,1,serial,716,452
7,1,serial,717,456
7,1,serial,718,457
7,1,serial,719,461
7,1,serial,720,459
7,1,serial,721,458
7,1,serial,722,453
7,1,serial,723,457
7,1,serial,724,457
7,1,serial,725,456
7,1,serial,726,457
7,1,serial,727,489
7,1,serial,728,459
7,1,serial,729,444
7,1,serial,730,452
7,1,serial,731,429
7,1,serial,732,457
7,1,serial,733,456
7,1,serial,734,476
7,1,serial,735,484
7,1,serial,736,461
7,1,serial,737,460
7,1,serial,738,461
7,1,serial,739,471
7,1,serial,740,454
7,1,serial,741,495
7,1,serial,742,970
7,1,serial,743,427
7,1,serial,744,420
7,1,serial,745,455
7,1,serial,746,418
7,1,serial,747,420
7,1,serial,748,417
7,1,serial,749,434
7,1,serial,750,428
7,1,serial,751,422
7,1,serial,752,433
7,1,serial,753,428
7,1,serial,754,428
7,1,serial,755,425
7,1,serial,756,429
7,1,serial,757,417
7,1,serial,758,422
7,1,serial,759,427
7,1,serial,760,422
7,1,serial,761,421
7,1,serial,762,418
7,1,serial,763,422
7,1,serial,764,662
7,1,serial,765,712
7,1,serial,766,634
7,1,serial,767,490
7,1,serial,768,424
7,1,serial,769,455
7,1,serial,770,425
7,1,serial,771,420
7,1,serial,772,421
7,1,serial,773,420
7,1,serial,774,446
7,1,serial,775,417
7,1,serial,776,439
7,1,serial,777,426
7,1,serial,778,423
7,1,serial,779,421
7,1,serial,780,422
7,1,serial,781,420
7,1,serial,782,419
7,1,serial,783,419
7,1,serial,784,418
7,1,serial,785,419
7,1,serial,786,421
7,1,serial,787,428
7,1,serial,788,417
7,1,serial,789,420
7,1,serial,790,455
7,1,serial,791,419
7,1,serial,792,418
7,1,serial,793,416
7,1,serial,794,418
7,1,serial,795,426
7,1,serial,796,418
7,1,serial,797,459
7,1,serial,798,490
7,1,serial,799,433
7,1,serial,800,518
7,1,serial,801,488
7,1,serial,802,530
7,1,serial,803,428
7,1,serial,804,425
7,1,serial,805,448
7,1,serial,806,540
7,1,serial,807,489
7,1,serial,808,481
7,1,serial,809,475
7,1,serial,810,707
7,1,serial,811,701
7,1,serial,812,718
7,1,serial,813,689
7,1,serial,814,676
7,1,serial,815,732
7,1,serial,816,687
7,1,serial,817,679
7,1,serial,818,745
7,1,serial,819,683
7,1,serial,820,691
7,1,serial,821,691
7,1,serial,822,682
7,1,serial,823,694
7,1,serial,824,597
7,1,serial,825,473
7,1,serial,826,492
7,1,serial,827,454
7,1,serial,828,473
7,1,serial,829,431
7,1,serial,830,424
7,1,serial,831,427
7,1,serial,832,422
7,1,serial,833,422
7,1,serial,834,420
7,1,serial,835,420
7,1,serial,836,453
7,1,serial,837,421
7,1,serial,838,422
7,1,serial,839,437
7,1,serial,840,425
7,1,serial,841,422
7,1,serial,842,423
7,1,serial,843,421
7,1,serial,844,418
7,1,serial,845,420
7,1,serial,846,432
7,1,serial,847,420
7,1,serial,848,418
7,1,serial,849,416
7,1,serial,850,444
7,1,serial,851,422
7,1,serial,852,418
7,1,serial,853,422
7,1,serial,854,423
7,1,serial,855,422
7,1,serial,856,418
7,1,serial,857,416
7,1,serial,858,463
7,1,serial,859,440
7,1,serial,860,525
7,1,serial,861,431
7,1,serial,862,443
7,1,serial,863,477
7,1,serial,864,548
7,1,serial,865,499
7,1,serial,866,428
7,1,serial,867,428
7,1,serial,868,436
7,1,serial,869,443
7,1,serial,870,424
7,1,serial,871,426
7,1,serial,872,472
7,1,serial,873,425
7,1,serial,874,429
7,1,serial,875,432
7,1,serial,876,476
7,1,serial,877,512
7,1,serial,878,444
7,1,serial,879,435
7,1,serial,880,513
7,1,serial,881,499
7,1,serial,882,502
7,1,serial,883,460
7,1,serial,884,500
7,1,serial,885,467
7,1,serial,886,423
7,1,serial,887,430
7,1,serial,888,429
7,1,serial,889,428
7,1,serial,890,421
7,1,serial,891,421
7,1,serial,892,422
7,1,serial,893,427
7,1,serial,894,701
7,1,serial,895,492
7,1,serial,896,529
7,1,serial,897,489
7,1,serial,898,476
7,1,serial,899,481
7,1,serial,900,509
7,1,serial,901,472
7,1,serial,902,451
7,1,serial,903,460
7,1,serial,904,485
7,1,serial,905,455
7,1,serial,906,488
7,1,serial,907,458
7,1,serial,908,453
7,1,serial,909,461
7,1,serial,910,453
7,1,serial,911,451
7,1,serial,912,479
7,1,serial,913,486
7,1,serial,914,457
7,1,serial,915,454
7,1,serial,916,463
7,1,serial,917,456
7,1,serial,918,456
7,1,serial,919,451
7,1,serial,920,453
7,1,serial,921,457
7,1,serial,922,461
7,1,serial,923,452
7,1,serial,924,455
7,1,serial,925,454
7,1,serial,926,458
7,1,serial,927,595
7,1,serial,928,489
7,1,serial,929,447
7,1,serial,930,423
7,1,serial,931,422
7,1,serial,932,418
7,1,serial,933,420
7,1,serial,934,420
7,1,serial,935,420
7,1,serial,936,420
7,1,serial,937,418
7,1,serial,938,415
7,1,serial,939,419
7,1,serial,940,419
7,1,serial,941,421
7,1,serial,942,419
7,1,serial,943,423
7,1,serial,944,420
7,1,serial,945,419
7,1,serial,946,448
7,1,serial,947,419
7,1,serial,948,420
7,1,serial,949,456
7,1,serial,950,415
7,1,serial,951,421
7,1,serial,952,443
7,1,serial,953,451
7,1,serial,954,418
7,1,serial,955,421
7,1,serial,956,419
7,1,serial,957,426
7,1,serial,958,418
7,1,serial,959,419
7,1,serial,960,419
7,1,serial,961,423
7,1,serial,962,419
7,1,serial,963,652
7,1,serial,964,758
7,1,serial,965,551
7,1,serial,966,437
7,1,serial,967,467
7,1,serial,968,471
7,1,serial,969,424
7,1,serial,970,421
7,1,serial,971,418
7,1,serial,972,425
7,1,serial,973,421
7,1,serial,974,449
7,1,serial,975,420
7,1,serial,976,418
7,1,serial,977,419
7,1,serial,978,419
7,1,serial,979,423
7,1,serial,980,424
7,1,serial,981,423
7,1,serial,982,419
7,1,serial,983,419
7,1,serial,984,420
7,1,serial,985,420
7,1,serial,986,420
7,1,serial,987,424
7,1,serial,988,429
7,1,serial,989,423
7,1,serial,990,421
7,1,serial,991,423
7,1,serial,992,420
7,1,serial,993,417
7,1,serial,994,423
7,1,serial,995,426
7,1,serial,996,420
7,1,serial,997,431
7,1,serial,998,426
7,1,serial,999,579
7,1,concurrent,0,767
7,1,concurrent,1,859
7,1,concurrent,2,778
7,1,concurrent,3,584
7,1,concurrent,4,505
7,1,concurrent,5,488
7,1,concurrent,6,531
7,1,concurrent,7,604
7,1,concurrent,8,529
7,1,concurrent,9,970
7,1,concurrent,10,820
7,1,concurrent,11,580
7,1,concurrent,12,1006
7,1,concurrent,13,991
7,1,concurrent,14,695
7,1,concurrent,15,573
7,1,concurrent,16,565
7,1,concurrent,17,566
7,1,concurrent,18,485
7,1,concurrent,19,421
7,1,concurrent,20,486
7,1,concurrent,21,474
7,1,concurrent,22,570
7,1,concurrent,23,982
7,1,concurrent,24,526
7,1,concurrent,25,502
7,1,concurrent,26,527
7,1,concurrent,27,547
7,1,concurrent,28,450
7,1,concurrent,29,469
7,1,concurrent,30,469
7,1,concurrent,31,488
7,1,concurrent,32,457
7,1,concurrent,33,414
7,1,concurrent,34,428
7,1,concurrent,35,483
7,1,concurrent,36,505
7,1,concurrent,37,473
7,1,concurrent,38,426
7,1,concurrent,39,445
7,1,concurrent,40,423
7,1,concurrent,41,448
7,1,concurrent,42,462
7,1,concurrent,43,479
7,1,concurrent,44,463
7,1,concurrent,45,406
7,1,concurrent,46,419
7,1,concurrent,47,403
7,1,concurrent,48,425
7,1,concurrent,49,424
7,1,concurrent,50,428
7,1,concurrent,51,424
7,1,concurrent,52,417
7,1,concurrent,53,415
7,1,concurrent,54,403
7,1,concurrent,55,403
7,1,concurrent,56,420
7,1,concurrent,57,422
7,1,concurrent,58,425
7,1,concurrent,59,425
7,1,concurrent,60,453
7,1,concurrent,61,426
7,1,concurrent,62,424
7,1,concurrent,63,422
7,1,concurrent,64,418
7,1,concurrent,65,427
7,1,concurrent,66,424
7,1,concurrent,67,412
7,1,concurrent,68,411
7,1,concurrent,69,432
7,1,concurrent,70,425
7,1,concurrent,71,424
7,1,concurrent,72,423
7,1,concurrent,73,423
7,1,concurrent,74,422
7,1,concurrent,75,417
7,1,concurrent,76,423
7,1,concurrent,77,424
7,1,concurrent,78,419
7,1,concurrent,79,384
7,1,concurrent,80,405
7,1,concurrent,81,459
7,1,concurrent,82,440
7,1,concurrent,83,447
7,1,concurrent,84,453
7,1,concurrent,85,458
7,1,concurrent,86,478
7,1,concurrent,87,419
7,1,concurrent,88,449
7,1,concurrent,89,452
7,1,concurrent,90,421
7,1,concurrent,91,417
7,1,concurrent,92,421
7,1,concurrent,93,408
7,1,concurrent,94,438
7,1,concurrent,95,409
7,1,concurrent,96,410
7,1,concurrent,97,418
7,1,concurrent,98,408
7,1,concurrent,99,429
7,1,concurrent,100,423
7,1,concurrent,101,422
7,1,concurrent,102,429
7,1,concurrent,103,426
7,1,concurrent,104,420
7,1,concurrent,105,419
7,1,concurrent,106,423
7,1,concurrent,107,424
7,1,concurrent,108,428
7,1,concurrent,109,405
7,1,concurrent,110,386
7,1,concurrent,111,425
7,1,concurrent,112,445
7,1,concurrent,113,421
7,1,concurrent,114,424
7,1,concurrent,115,427
7,1,concurrent,116,423
7,1,concurrent,117,494
7,1,concurrent,118,540
7,1,concurrent,119,495
7,1,concurrent,120,478
7,1,concurrent,121,518
7,1,concurrent,122,523
7,1,concurrent,123,449
7,1,concurrent,124,577
7,1,concurrent,125,541
7,1,concurrent,126,498
7,1,concurrent,127,447
7,1,concurrent,128,494
7,1,concurrent,129,517
7,1,concurrent,130,505
7,1,concurrent,131,478
7,1,concurrent,132,499
7,1,concurrent,133,511
7,1,concurrent,134,488
7,1,concurrent,135,534
7,1,concurrent,136,497
7,1,concurrent,137,497
7,1,concurrent,138,451
7,1,concurrent,139,520
7,1,concurrent,140,464
7,1,concurrent,141,521
7,1,concurrent,142,479
7,1,concurrent,143,707
7,1,concurrent,144,460
7,1,concurrent,145,517
7,1,concurrent,146,428
7,1,concurrent,147,395
7,1,concurrent,148,473
7,1,concurrent,149,544
7,1,concurrent,150,508
7,1,concurrent,151,455
7,1,concurrent,152,453
7,1,concurrent,153,423
7,1,concurrent,154,416
7,1,concurrent,155,401
7,1,concurrent,156,482
7,1,concurrent,157,422
7,1,concurrent,158,583
7,1,concurrent,159,852
7,1,concurrent,160,476
7,1,concurrent,161,427
7,1,concurrent,162,417
7,1,concurrent,163,421
7,1,concurrent,164,418
7,1,concurrent,165,418
7,1,concurrent,166,422
7,1,concurrent,167,411
7,1,concurrent,168,406
7,1,concurrent,169,418
7,1,concurrent,170,463
7,1,concurrent,171,418
7,1,concurrent,172,420
7,1,concurrent,173,431
7,1,concurrent,174,390
7,1,concurrent,175,402
7,1,concurrent,176,424
7,1,concurrent,177,424
7,1,concurrent,178,424
7,1,concurrent,179,428
7,1,concurrent,180,428
7,1,concurrent,181,413
7,1,concurrent,182,426
7,1,concurrent,183,484
7,1,concurrent,184,467
7,1,concurrent,185,453
7,1,concurrent,186,444
7,1,concurrent,187,413
7,1,concurrent,188,422
7,1,concurrent,189,425
7,1,concurrent,190,423
7,1,concurrent,191,463
7,1,concurrent,192,427
7,1,concurrent,193,422
7,1,concurrent,194,426
7,1,concurrent,195,420
7,1,concurrent,196,425
7,1,concurrent,197,421
7,1,concurrent,198,421
7,1,concurrent,199,421
7,1,concurrent,200,420
7,1,concurrent,201,424
7,1,concurrent,202,405
7,1,concurrent,203,388
7,1,concurrent,204,425
7,1,concurrent,205,417
7,1,concurrent,206,398
7,1,concurrent,207,417
7,1,concurrent,208,421
7,1,concurrent,209,429
7,1,concurrent,210,466
7,1,concurrent,211,444
7,1,concurrent,212,422
7,1,concurrent,213,420
7,1,concurrent,214,449
7,1,concurrent,215,453
7,1,concurrent,216,417
7,1,concurrent,217,425
7,1,concurrent,218,426
7,1,concurrent,219,421
7,1,concurrent,220,498
7,1,concurrent,221,461
7,1,concurrent,222,471
7,1,concurrent,223,426
7,1,concurrent,224,425
7,1,concurrent,225,424
7,1,concurrent,226,437
7,1,concurrent,227,420
7,1,concurrent,228,444
7,1,concurrent,229,936
7,1,concurrent,230,446
7,1,concurrent,231,422
7,1,concurrent,232,421
7,1,concurrent,233,423
7,1,concurrent,234,420
7,1,concurrent,235,415
7,1,concurrent,236,403
7,1,concurrent,237,413
7,1,concurrent,238,401
7,1,concurrent,239,336
7,1,concurrent,240,405
7,1,concurrent,241,419
7,1,concurrent,242,443
7,1,concurrent,243,423
7,1,concurrent,244,433
7,1,concurrent,245,418
7,1,concurrent,246,428
7,1,concurrent,247,416
7,1,concurrent,248,420
7,1,concurrent,249,416
7,1,concurrent,250,397
7,1,concurrent,251,390
7,1,concurrent,252,375
7,1,concurrent,253,338
7,1,concurrent,254,405
7,1,concurrent,255,395
7,1,concurrent,256,464
7,1,concurrent,257,450
7,1,concurrent,258,411
7,1,concurrent,259,420
7,1,concurrent,260,436
7,1,concurrent,261,449
7,1,concurrent,262,420
7,1,concurrent,263,421
7,1,concurrent,264,419
7,1,concurrent,265,424
7,1,concurrent,266,424
7,1,concurrent,267,425
7,1,concurrent,268,434
7,1,concurrent,269,411
7,1,concurrent,270,398
7,1,concurrent,271,431
7,1,concurrent,272,422
7,1,concurrent,273,426
7,1,concurrent,274,423
7,1,concurrent,275,422
7,1,concurrent,276,432
7,1,concurrent,277,411
7,1,concurrent,278,451
7,1,concurrent,279,427
7,1,concurrent,280,425
7,1,concurrent,281,425
7,1,concurrent,282,428
7,1,concurrent,283,424
7,1,concurrent,284,419
7,1,concurrent,285,424
7,1,concurrent,286,424
7,1,concurrent,287,420
7,1,concurrent,288,408
7,1,concurrent,289,408
7,1,concurrent,290,428
7,1,concurrent,291,425
7,1,concurrent,292,422
7,1,concurrent,293,424
7,1,concurrent,294,425
7,1,concurrent,295,623
7,1,concurrent,296,467
7,1,concurrent,297,433
7,1,concurrent,298,427
7,1,concurrent,299,461
7,1,concurrent,300,425
7,1,concurrent,301,433
7,1,concurrent,302,523
7,1,concurrent,303,468
7,1,concurrent,304,452
7,1,concurrent,305,458
7,1,concurrent,306,427
7,1,concurrent,307,420
7,1,concurrent,308,436
7,1,concurrent,309,449
7,1,concurrent,310,384
7,1,concurrent,311,441
7,1,concurrent,312,417
7,1,concurrent,313,457
7,1,concurrent,314,430
7,1,concurrent,315,430
7,1,concurrent,316,401
7,1,concurrent,317,400
7,1,concurrent,318,405
7,1,concurrent,319,412
7,1,concurrent,320,402
7,1,concurrent,321,397
7,1,concurrent,322,387
7,1,concurrent,323,393
7,1,concurrent,324,394
7,1,concurrent,325,387
7,1,concurrent,326,380
7,1,concurrent,327,396
7,1,concurrent,328,385
7,1,concurrent,329,400
7,1,concurrent,330,391
7,1,concurrent,331,441
7,1,concurrent,332,534
7,1,concurrent,333,493
7,1,concurrent,334,432
7,1,concurrent,335,536
7,1,concurrent,336,401
7,1,concurrent,337,405
7,1,concurrent,338,406
7,1,concurrent,339,409
7,1,concurrent,340,403
7,1,concurrent,341,385
7,1,concurrent,342,394
7,1,concurrent,343,396
7,1,concurrent,344,414
7,1,concurrent,345,392
7,1,concurrent,346,421
7,1,concurrent,347,402
7,1,concurrent,348,406
7,1,concurrent,349,413
7,1,concurrent,350,404
7,1,concurrent,351,399
7,1,concurrent,352,396
7,1,concurrent,353,404
7,1,concurrent,354,404
7,1,concurrent,355,401
7,1,concurrent,356,381
7,1,concurrent,357,394
7,1,concurrent,358,419
7,1,concurrent,359,399
7,1,concurrent,360,397
7,1,concurrent,361,425
7,1,concurrent,362,452
7,1,concurrent,363,537
7,1,concurrent,364,557
7,1,concurrent,365,506
7,1,concurrent,366,478
7,1,concurrent,367,417
7,1,concurrent,368,807
7,1,concurrent,369,716
7,1,concurrent,370,8407
7,1,concurrent,371,4148
7,1,concurrent,372,4729
7,1,concurrent,373,446
7,1,concurrent,374,394
7,1,concurrent,375,414
7,1,concurrent,376,434
7,1,concurrent,377,430
7,1,concurrent,378,404
7,1,concurrent,379,404
7,1,concurrent,380,403
7,1,concurrent,381,409
7,1,concurrent,382,394
7,1,concurrent,383,409
7,1,concurrent,384,399
7,1,concurrent,385,398
7,1,concurrent,386,406
7,1,concurrent,387,404
7,1,concurrent,388,392
7,1,concurrent,389,408
7,1,concurrent,390,403
7,1,concurrent,391,397
7,1,concurrent,392,406
7,1,concurrent,393,407
7,1,concurrent,394,405
7,1,concurrent,395,385
7,1,concurrent,396,399
7,1,concurrent,397,397
7,1,concurrent,398,400
7,1,concurrent,399,397
7,1,concurrent,400,384
7,1,concurrent,401,384
7,1,concurrent,402,395
7,1,concurrent,403,388
7,1,concurrent,404,396
7,1,concurrent,405,443
7,1,concurrent,406,414
7,1,concurrent,407,499
7,1,concurrent,408,422
7,1,concurrent,409,408
7,1,concurrent,410,408
7,1,concurrent,411,394
7,1,concurrent,412,872
7,1,concurrent,413,398
7,1,concurrent,414,414
7,1,concurrent,415,429
7,1,concurrent,416,407
7,1,concurrent,417,406
7,1,concurrent,418,405
7,1,concurrent,419,424
7,1,concurrent,420,380
7,1,concurrent,421,385
7,1,concurrent,422,361
7,1,concurrent,423,361
7,1,concurrent,424,399
7,1,concurrent,425,424
7,1,concurrent,426,393
7,1,concurrent,427,379
7,1,concurrent,428,387
7,1,concurrent,429,387
7,1,concurrent,430,412
7,1,concurrent,431,410
7,1,concurrent,432,404
7,1,concurrent,433,402
7,1,concurrent,434,402
7,1,concurrent,435,408
7,1,concurrent,436,401
7,1,concurrent,437,396
7,1,concurrent,438,409
7,1,concurrent,439,385
7,1,concurrent,440,411
7,1,concurrent,441,394
7,1,concurrent,442,428
7,1,concurrent,443,536
7,1,concurrent,444,443
7,1,concurrent,445,441
7,1,concurrent,446,408
7,1,concurrent,447,410
7,1,concurrent,448,397
7,1,concurrent,449,395
7,1,concurrent,450,404
7,1,concurrent,451,396
7,1,concurrent,452,372
7,1,concurrent,453,418
7,1,concurrent,454,373
7,1,concurrent,455,426
7,1,concurrent,456,383
7,1,concurrent,457,444
7,1,concurrent,458,386
7,1,concurrent,459,411
7,1,concurrent,460,408
7,1,concurrent,461,404
7,1,concurrent,462,405
7,1,concurrent,463,404
7,1,concurrent,464,411
7,1,concurrent,465,404
7,1,concurrent,466,404
7,1,concurrent,467,405
7,1,concurrent,468,407
7,1,concurrent,469,411
7,1,concurrent,470,409
7,1,concurrent,471,405
7,1,concurrent,472,408
7,1,concurrent,473,408
7,1,concurrent,474,410
7,1,concurrent,475,410
7,1,concurrent,476,399
7,1,concurrent,477,402
7,1,concurrent,478,407
7,1,concurrent,479,396
7,1,concurrent,480,379
7,1,concurrent,481,390
7,1,concurrent,482,614
7,1,concurrent,483,434
7,1,concurrent,484,406
7,1,concurrent,485,410
7,1,concurrent,486,412
7,1,concurrent,487,406
7,1,concurrent,488,412
7,1,concurrent,489,406
7,1,concurrent,490,399
7,1,concurrent,491,389
7,1,concurrent,492,386
7,1,concurrent,493,363
7,1,concurrent,494,393
7,1,concurrent,495,383
7,1,concurrent,496,410
7,1,concurrent,497,385
7,1,concurrent,498,421
7,1,concurrent,499,407
7,1,concurrent,500,379
7,1,concurrent,501,413
7,1,concurrent,502,421
7,1,concurrent,503,403
7,1,concurrent,504,550
7,1,concurrent,505,448
7,1,concurrent,506,420
7,1,concurrent,507,445
7,1,concurrent,508,392
7,1,concurrent,509,407
7,1,concurrent,510,426
7,1,concurrent,511,425
7,1,concurrent,512,410
7,1,concurrent,513,426
7,1,concurrent,514,513
7,1,concurrent,515,486
7,1,concurrent,516,379
7,1,concurrent,517,409
7,1,concurrent,518,399
7,1,concurrent,519,370
7,1,concurrent,520,719
7,1,concurrent,521,423
7,1,concurrent,522,428
7,1,concurrent,523,426
7,1,concurrent,524,409
7,1,concurrent,525,409
7,1,concurrent,526,420
7,1,concurrent,527,403
7,1,concurrent,528,396
7,1,concurrent,529,405
7,1,concurrent,530,400
7,1,concurrent,531,400
7,1,concurrent,532,400
7,1,concurrent,533,409
7,1,concurrent,534,417
7,1,concurrent,535,421
7,1,concurrent,536,398
7,1,concurrent,537,400
7,1,concurrent,538,394
7,1,concurrent,539,419
7,1,concurrent,540,377
7,1,concurrent,541,384
7,1,concurrent,542,393
7,1,concurrent,543,394
7,1,concurrent,544,399
7,1,concurrent,545,413
7,1,concurrent,546,440
7,1,concurrent,547,378
7,1,concurrent,548,426
7,1,concurrent,549,434
7,1,concurrent,550,415
7,1,concurrent,551,395
7,1,concurrent,552,421
7,1,concurrent,553,436
7,1,concurrent,554,382
7,1,concurrent,555,386
7,1,concurrent,556,400
7,1,concurrent,557,401
7,1,concurrent,558,405
7,1,concurrent,559,518
7,1,concurrent,560,471
7,1,concurrent,561,432
7,1,concurrent,562,622
7,1,concurrent,563,660
7,1,concurrent,564,659
7,1,concurrent,565,450
7,1,concurrent,566,399
7,1,concurrent,567,472
7,1,concurrent,568,412
7,1,concurrent,569,395
7,1,concurrent,570,396
7,1,concurrent,571,401
7,1,concurrent,572,425
7,1,concurrent,573,410
7,1,concurrent,574,417
7,1,concurrent,575,397
7,1,concurrent,576,407
7,1,concurrent,577,404
7,1,concurrent,578,422
7,1,concurrent,579,483
7,1,concurrent,580,403
7,1,concurrent,581,394
7,1,concurrent,582,440
7,1,concurrent,583,399
7,1,concurrent,584,446
7,1,concurrent,585,397
7,1,concurrent,586,402
7,1,concurrent,587,446
7,1,concurrent,588,399
7,1,concurrent,589,400
7,1,concurrent,590,434
7,1,concurrent,591,416
7,1,concurrent,592,431
7,1,concurrent,593,421
7,1,concurrent,594,444
7,1,concurrent,595,465
7,1,concurrent,596,538
7,1,concurrent,597,535
7,1,concurrent,598,586
7,1,concurrent,599,512
7,1,concurrent,600,506
7,1,concurrent,601,508
7,1,concurrent,602,506
7,1,concurrent,603,585
7,1,concurrent,604,508
7,1,concurrent,605,558
7,1,concurrent,606,632
7,1,concurrent,607,536
7,1,concurrent,608,488
7,1,concurrent,609,520
7,1,concurrent,610,588
7,1,concurrent,611,813
7,1,concurrent,612,583
7,1,concurrent,613,553
7,1,concurrent,614,472
7,1,concurrent,615,517
7,1,concurrent,616,596
7,1,concurrent,617,629
7,1,concurrent,618,622
7,1,concurrent,619,491
7,1,concurrent,620,442
7,1,concurrent,621,400
7,1,concurrent,622,407
7,1,concurrent,623,653
7,1,concurrent,624,507
7,1,concurrent,625,1026
7,1,concurrent,626,481
7,1,concurrent,627,380
7,1,concurrent,628,431
7,1,concurrent,629,392
7,1,concurrent,630,436
7,1,concurrent,631,420
7,1,concurrent,632,413
7,1,concurrent,633,421
7,1,concurrent,634,425
7,1,concurrent,635,409
7,1,concurrent,636,415
7,1,concurrent,637,380
7,1,concurrent,638,425
7,1,concurrent,639,422
7,1,concurrent,640,379
7,1,concurrent,641,393
7,1,concurrent,642,383
7,1,concurrent,643,455
7,1,concurrent,644,424
7,1,concurrent,645,387
7,1,concurrent,646,408
7,1,concurrent,647,404
7,1,concurrent,648,469
7,1,concurrent,649,417
7,1,concurrent,650,403
7,1,concurrent,651,510
7,1,concurrent,652,421
7,1,concurrent,653,412
7,1,concurrent,654,424
7,1,concurrent,655,402
7,1,concurrent,656,375
7,1,concurrent,657,422
7,1,concurrent,658,430
7,1,concurrent,659,430
7,1,concurrent,660,459
7,1,concurrent,661,405
7,1,concurrent,662,401
7,1,concurrent,663,407
7,1,concurrent,664,407
7,1,concurrent,665,433
7,1,concurrent,666,429
7,1,concurrent,667,422
7,1,concurrent,668,429
7,1,concurrent,669,419
7,1,concurrent,670,426
7,1,concurrent,671,383
7,1,concurrent,672,376
7,1,concurrent,673,374
7,1,concurrent,674,394
7,1,concurrent,675,421
7,1,concurrent,676,386
7,1,concurrent,677,381
7,1,concurrent,678,382
7,1,concurrent,679,400
7,1,concurrent,680,416
7,1,concurrent,681,512
7,1,concurrent,682,414
7,1,concurrent,683,411
7,1,concurrent,684,423
7,1,concurrent,685,411
7,1,concurrent,686,434
7,1,concurrent,687,399
7,1,concurrent,688,413
7,1,concurrent,689,401
7,1,concurrent,690,418
7,1,concurrent,691,404
7,1,concurrent,692,424
7,1,concurrent,693,442
7,1,concurrent,694,486
7,1,concurrent,695,513
7,1,concurrent,696,583
7,1,concurrent,697,605
7,1,concurrent,698,742
7,1,concurrent,699,393
7,1,concurrent,700,469
7,1,concurrent,701,404
7,1,concurrent,702,603
7,1,concurrent,703,519
7,1,concurrent,704,430
7,1,concurrent,705,454
7,1,concurrent,706,686
7,1,concurrent,707,408
7,1,concurrent,708,405
7,1,concurrent,709,399
7,1,concurrent,710,395
7,1,concurrent,711,414
7,1,concurrent,712,428
7,1,concurrent,713,421
7,1,concurrent,714,384
7,1,concurrent,715,457
7,1,concurrent,716,394
7,1,concurrent,717,501
7,1,concurrent,718,401
7,1,concurrent,719,405
7,1,concurrent,720,420
7,1,concurrent,721,420
7,1,concurrent,722,420
7,1,concurrent,723,407
7,1,concurrent,724,425
7,1,concurrent,725,411
7,1,concurrent,726,399
7,1,concurrent,727,401
7,1,concurrent,728,426
7,1,concurrent,729,399
7,1,concurrent,730,716
7,1,concurrent,731,462
7,1,concurrent,732,401
7,1,concurrent,733,528
7,1,concurrent,734,450
7,1,concurrent,735,413
7,1,concurrent,736,510
7,1,concurrent,737,523
7,1,concurrent,738,578
7,1,concurrent,739,408
7,1,concurrent,740,398
7,1,concurrent,741,404
7,1,concurrent,742,426
7,1,concurrent,743,401
7,1,concurrent,744,441
7,1,concurrent,745,422
7,1,concurrent,746,421
7,1,concurrent,747,431
7,1,concurrent,748,418
7,1,concurrent,749,405
7,1,concurrent,750,424
7,1,concurrent,751,409
7,1,concurrent,752,421
7,1,concurrent,753,446
7,1,concurrent,754,409
7,1,concurrent,755,575
7,1,concurrent,756,484
7,1,concurrent,757,495
7,1,concurrent,758,472
7,1,concurrent,759,481
7,1,concurrent,760,470
7,1,concurrent,761,516
7,1,concurrent,762,551
7,1,concurrent,763,432
7,1,concurrent,764,456
7,1,concurrent,765,1044
7,1,concurrent,766,471
7,1,concurrent,767,425
7,1,concurrent,768,420
7,1,concurrent,769,400
7,1,concurrent,770,395
7,1,concurrent,771,413
7,1,concurrent,772,402
7,1,concurrent,773,392
7,1,concurrent,774,425
7,1,concurrent,775,404
7,1,concurrent,776,474
7,1,concurrent,777,401
7,1,concurrent,778,435
7,1,concurrent,779,408
7,1,concurrent,780,398
7,1,concurrent,781,401
7,1,concurrent,782,430
7,1,concurrent,783,382
7,1,concurrent,784,421
7,1,concurrent,785,416
7,1,concurrent,786,407
7,1,concurrent,787,418
7,1,concurrent,788,388
7,1,concurrent,789,430
7,1,concurrent,790,494
7,1,concurrent,791,418
7,1,concurrent,792,399
7,1,concurrent,793,397
7,1,concurrent,794,413
7,1,concurrent,795,411
7,1,concurrent,796,399
7,1,concurrent,797,421
7,1,concurrent,798,403
7,1,concurrent,799,388
7,1,concurrent,800,399
7,1,concurrent,801,495
7,1,concurrent,802,390
7,1,concurrent,803,500
7,1,concurrent,804,423
7,1,concurrent,805,420
7,1,concurrent,806,401
7,1,concurrent,807,423
7,1,concurrent,808,413
7,1,concurrent,809,856
7,1,concurrent,810,581
7,1,concurrent,811,662
7,1,concurrent,812,598
7,1,concurrent,813,550
7,1,concurrent,814,607
7,1,concurrent,815,506
7,1,concurrent,816,421
7,1,concurrent,817,432
7,1,concurrent,818,504
7,1,concurrent,819,476
7,1,concurrent,820,463
7,1,concurrent,821,503
7,1,concurrent,822,719
7,1,concurrent,823,653
7,1,concurrent,824,594
7,1,concurrent,825,585
7,1,concurrent,826,622
7,1,concurrent,827,604
7,1,concurrent,828,503
7,1,concurrent,829,690
7,1,concurrent,830,922
7,1,concurrent,831,1892
7,1,concurrent,832,615
7,1,concurrent,833,612
7,1,concurrent,834,549
7,1,concurrent,835,536
7,1,concurrent,836,529
7,1,concurrent,837,527
7,1,concurrent,838,551
7,1,concurrent,839,488
7,1,concurrent,840,633
7,1,concurrent,841,639
7,1,concurrent,842,662
7,1,concurrent,843,686
7,1,concurrent,844,510
7,1,concurrent,845,499
7,1,concurrent,846,493
7,1,concurrent,847,732
7,1,concurrent,848,814
7,1,concurrent,849,655
7,1,concurrent,850,580
7,1,concurrent,851,539
7,1,concurrent,852,758
7,1,concurrent,853,752
7,1,concurrent,854,776
7,1,concurrent,855,606
7,1,concurrent,856,765
7,1,concurrent,857,843
7,1,concurrent,858,568
7,1,concurrent,859,688
7,1,concurrent,860,633
7,1,concurrent,861,573
7,1,concurrent,862,531
7,1,concurrent,863,550
7,1,concurrent,864,597
7,1,concurrent,865,517
7,1,concurrent,866,514
7,1,concurrent,867,603
7,1,concurrent,868,723
7,1,concurrent,869,439
7,1,concurrent,870,533
7,1,concurrent,871,485
7,1,concurrent,872,506
7,1,concurrent,873,674
7,1,concurrent,874,499
7,1,concurrent,875,533
7,1,concurrent,876,569
7,1,concurrent,877,777
7,1,concurrent,878,581
7,1,concurrent,879,562
7,1,concurrent,880,584
7,1,concurrent,881,572
7,1,concurrent,882,514
7,1,concurrent,883,554
7,1,concurrent,884,475
7,1,concurrent,885,399
7,1,concurrent,886,435
7,1,concurrent,887,418
7,1,concurrent,888,424
7,1,concurrent,889,434
7,1,concurrent,890,391
7,1,concurrent,891,393
7,1,concurrent,892,401
7,1,concurrent,893,478
7,1,concurrent,894,578
7,1,concurrent,895,539
7,1,concurrent,896,427
7,1,concurrent,897,406
7,1,concurrent,898,453
7,1,concurrent,899,429
7,1,concurrent,900,487
7,1,concurrent,901,565
7,1,concurrent,902,459
7,1,concurrent,903,436
7,1,concurrent,904,577
7,1,concurrent,905,707
7,1,concurrent,906,442
7,1,concurrent,907,406
7,1,concurrent,908,424
7,1,concurrent,909,424
7,1,concurrent,910,404
7,1,concurrent,911,449
7,1,concurrent,912,506
7,1,concurrent,913,527
7,1,concurrent,914,484
7,1,concurrent,915,545
7,1,concurrent,916,524
7,1,concurrent,917,495
7,1,concurrent,918,500
7,1,concurrent,919,503
7,1,concurrent,920,541
7,1,concurrent,921,500
7,1,concurrent,922,492
7,1,concurrent,923,469
7,1,concurrent,924,503
7,1,concurrent,925,546
7,1,concurrent,926,478
7,1,concurrent,927,483
7,1,concurrent,928,549
7,1,concurrent,929,527
7,1,concurrent,930,536
7,1,concurrent,931,525
7,1,concurrent,932,490
7,1,concurrent,933,510
7,1,concurrent,934,548
7,1,concurrent,935,521
7,1,concurrent,936,525
7,1,concurrent,937,495
7,1,concurrent,938,690
7,1,concurrent,939,460
7,1,concurrent,940,472
7,1,concurrent,941,453
7,1,concurrent,942,451
7,1,concurrent,943,484
7,1,concurrent,944,523
7,1,concurrent,945,468
7,1,concurrent,946,475
7,1,concurrent,947,495
7,1,concurrent,948,476
7,1,concurrent,949,523
7,1,concurrent,950,556
7,1,concurrent,951,467
7,1,concurrent,952,410
7,1,concurrent,953,399
7,1,concurrent,954,469
7,1,concurrent,955,504
7,1,concurrent,956,426
7,1,concurrent,957,500
7,1,concurrent,958,497
7,1,concurrent,959,491
7,1,concurrent,960,414
7,1,concurrent,961,437
7,1,concurrent,962,427
7,1,concurrent,963,422
7,1,concurrent,964,395
7,1,concurrent,965,563
7,1,concurrent,966,560
7,1,concurrent,967,566
7,1,concurrent,968,528
7,1,concurrent,969,558
7,1,concurrent,970,640
7,1,concurrent,971,670
7,1,concurrent,972,667
7,1,concurrent,973,819
7,1,concurrent,974,519
7,1,concurrent,975,446
7,1,concurrent,976,489
7,1,concurrent,977,467
7,1,concurrent,978,460
7,1,concurrent,979,437
7,1,concurrent,980,516
7,1,concurrent,981,481
7,1,concurrent,982,490
7,1,concurrent,983,415
7,1,concurrent,984,391
7,1,concurrent,985,399
7,1,concurrent,986,398
7,1,concurrent,987,398
7,1,concurrent,988,397
7,1,concurrent,989,421
7,1,concurrent,990,386
7,1,concurrent,991,572
7,1,concurrent,992,633
7,1,concurrent,993,841
7,1,concurrent,994,585
7,1,concurrent,995,660
7,1,concurrent,996,459
7,1,concurrent,997,383
7,1,concurrent,998,408
7,1,concurrent,999,606
